id,y_true,PD_baseline,PD_hybrid,lgd_pred,ead_pred,EL_baseline,EL_hybrid,EL_delta
10069653,1,0.10160444969101519,0.11864195108167873,0.5722933039843959,6224.146491532781,361.9188457540507,422.6070622307278,60.6882164766771
10073641,1,0.27304060215197157,0.2952607736174023,0.6445924875161014,11846.518958932145,2084.986400115587,2254.6635651544825,169.6771650388955
10080315,1,0.07366850087495068,0.09347899184044373,0.5561718753224772,17567.33821100687,719.775099600978,913.3326980111353,193.5575984101573
10087647,1,0.1292548761256176,0.060332088066405075,0.5666162906621619,14364.075646006075,1051.9950009196973,491.0379936399619,-560.9570072797354
10105178,1,0.15419576678003782,0.14850842485492305,0.6625501535441912,16676.607550734923,1703.722734128689,1640.882787631301,-62.83994649738793
10113043,1,0.05550223166532544,0.04677636010813155,0.5404755545787624,20449.19459732312,613.4267483944797,516.9858872681447,-96.440861126335
10129206,1,0.1520963612614536,0.1598633170820372,0.5934331555564901,15667.322669470681,1414.1172467612714,1486.3305863153955,72.2133395541241
10132968,1,0.1984176719260413,0.2471029218330826,0.6641285703267914,13421.437874905147,1768.607892741203,2202.5668058251454,433.95891308394243
10141031,1,0.10696532095296689,0.11139924942384809,0.5478877847212441,14432.898323195903,845.8399014324364,880.9016727369667,35.06177130453034
10165122,0,0.25298486316368024,0.2142836380736575,0.6695882981408922,8135.755814799869,1378.1620836669629,1167.3330232104038,-210.8290604565591
10169359,1,0.03059233565238566,0.02762986505122934,0.5249546082975688,7788.105336140569,125.07375972260881,112.96198962553144,-12.111770097077368
10180211,1,0.14305955481553806,0.17197480656496134,0.5776419463052558,14333.68102907307,1184.495261366295,1423.9058950885058,239.41063372221083
10180907,1,0.3846232057493843,0.32966219291575255,0.7441390292242457,11743.66204601854,3361.190376882191,2880.890632408447,-480.2997444737439
1032998,1,0.3037506817177558,0.4319870639403499,0.7118219824457653,11579.331911618314,2503.641604261528,3560.6201101099387,1056.9785058484108
1034017,0,0.3240440122277423,0.28477530720908184,0.7905048799581972,11756.88748267343,3011.625168955956,2646.6666573838042,-364.95851157215156
1042915,0,0.08544509904270929,0.23399838013922425,0.5364008122262541,11428.917164532708,523.8195092229716,1434.5224947569125,910.7029855339408
1043775,1,0.18356897189289695,0.11544163903564493,0.6591729847848968,14631.907009760143,1770.5149903654024,1113.4297387916563,-657.0852515737461
1043852,1,0.2616945868735812,0.32635076890206327,0.6891128573699886,4363.927883749104,786.978118883785,981.4146990013662,194.43658011758123
10454652,1,0.2539378571655982,0.3950059286407724,0.6076204445862085,4706.675161583773,726.229781212442,1129.666416564801,403.43663535235896
1052485,0,0.13703468211945344,0.2912857972144024,0.5407152985105141,5435.489119186215,402.7520732202677,856.1041403040907,453.35206708382304
10525375,1,0.09603214347167646,0.1160607704071317,0.5357826477778056,16175.031780480731,832.2434951148192,1005.8176118690735,173.5741167542543
1052950,1,0.3132472643851271,0.15950959413074722,0.6934024177541117,11703.595216588385,2542.09590670031,1294.4684037868099,-1247.6275029135002
10546647,1,0.04461055913048087,0.06943758876160694,0.5279397327709361,21335.851884166557,502.49529833038315,782.1480510488735,279.6527527184904
10547637,1,0.09997087920287338,0.10765310324593458,0.5479380122414863,11475.811038500693,628.6201963935788,676.926275375725,48.30607898214623
10575492,1,0.1431100965420776,0.13869299716140462,0.6519481670848211,9894.722903671845,923.1812597919455,894.6872298848598,-28.494029907085746
10577195,1,0.1331979903473385,0.15943500298498572,0.6458109109360733,6657.003231111583,572.6401809000064,685.4374357528703,112.79725485286394
10578479,1,0.1055889696693588,0.08023684394998101,0.5465307583258695,5340.755918644841,308.20231127270534,234.20231139718916,-73.99999987551618
10616470,1,0.3236444544884965,0.23843534020837134,0.737848947839426,14508.600005965818,3464.6641307853506,2552.4873337847007,-912.1767970006499
1068274,1,0.05459134637839741,0.05782972370469119,0.5231264299412416,12775.79444901791,364.8533881602642,386.4966158515163,21.643227691252093
10697299,1,0.3940036983943696,0.2528604446895378,0.7922345006691471,13429.330833554108,4191.875955533636,2690.2275854747745,-1501.648370058862
10714887,1,0.13750877664698313,0.24280812396959567,0.6045070138132403,16263.123529575507,1351.872467747368,2387.0884880502476,1035.2160203028795
10724880,1,0.1454473097380938,0.15860338495111004,0.5812477079827357,14516.896015256836,1227.2716781507913,1338.2814901138356,111.00981196304429
10727253,1,0.3276063727573664,0.404530221829122,0.7310043467475764,12596.948418255324,3016.73840166828,3725.0858234407156,708.3474217724356
10765526,1,0.07366624169507781,0.06311611048580258,0.5571483565695096,18909.034888181624,776.0840010027098,664.9369158305207,-111.14708517218912
10776965,1,0.0831301898895589,0.060201588696932255,0.5343214694230195,13961.519484131897,620.1461960230156,449.1002158727634,-171.0459801502522
1078227,1,0.20204641696357642,0.15199791067798601,0.6671851056105291,12286.808836108623,1656.2908284686616,1246.0144019665115,-410.2764265021501
10794760,1,0.1491131475886444,0.15517081995819665,0.5357105483761783,12038.849184473716,961.6811633658948,1000.7491429897391,39.06797962384428
1083417,1,0.04201601890465116,0.11601070728248013,0.5196056622295562,13661.159478762758,298.2471731931756,823.4922396065102,525.2450664133346
10865410,1,0.27649194463987553,0.30655449468340523,0.7584343670085305,15636.741568577205,3279.0402344636677,3635.5653088983127,356.5250744346449
1087111,1,0.08515528038945515,0.09521286506511527,0.5265960207167553,12335.446945081034,553.1514383092881,618.4834694389486,65.33203112966055
10934612,1,0.11482180534863426,0.13487056188284902,0.5692057164237003,16025.027084286612,1047.3513484457703,1230.2268234220967,182.87547497632636
1095682,0,0.35998185060107535,0.3073802656605936,0.7411927392583872,12211.103707224607,3258.11703996306,2782.031593050988,-476.08544691207226
1095912,1,0.08313660420140864,0.09422795701076833,0.5202466110547546,13584.840169349587,587.5652116591328,665.9529822881757,78.38777062904285
1097844,1,0.144140022334972,0.16207977585046984,0.5363517539182951,9919.757998531724,766.8940485147808,862.3421411401932,95.44809262541241
1102593,0,0.06907537052003529,0.06677543061427087,0.536726255522459,15237.13418521899,564.9101212767208,546.1008217925045,-18.809299484216353
1107805,1,0.04781706195392629,0.02477307101360299,0.5289755091013155,11422.890612040925,288.9312198680725,149.68953204894626,-139.24168781912624
1112072,0,0.08857007026158482,0.17620309616869867,0.5589346308706846,18621.393285776292,921.8498312530612,1833.946772195722,912.0969409426607
1112133,1,0.12230986291120167,0.12369987672621283,0.555779830516488,13000.381316247955,883.7315343005816,893.7748702360544,10.043335935472783
1115417,1,0.07758974630119879,0.009612665720533948,0.5361699429999186,15390.770746231792,640.2759148549292,79.3243776634748,-560.9515371914543
1124188,1,0.20507375048079596,0.23117391451131386,0.6081212445308475,10418.386786125753,1299.2739360370254,1464.6352403075036,165.36130427047829
11255054,1,0.11802463163248571,0.11899981013990389,0.5467548091633576,14434.918760192992,931.4930294799151,939.189490545663,7.69646106574794
11294733,1,0.11004376077046434,0.09735284461602192,0.5413853715071509,12360.133764264647,736.3683464624171,651.4458676384456,-84.92247882397146
11295802,1,0.0709359260802306,0.07519472368920627,0.5486653463104797,18637.46339818952,725.3716493664261,768.9209651594771,43.54931579305094
11296157,1,0.10226178995524524,0.09795659227546466,0.5587153680443349,15242.454260397491,870.8811849837265,834.2172887366787,-36.663896247047774
1131704,1,0.10873190182511154,0.1255740562911733,0.5598319140362479,14493.088003860172,882.2172921892999,1018.869366311776,136.65207412247617
11358152,1,0.11265219370290264,0.07522253722201888,0.5640509540438924,14341.74828155024,911.2973075262677,608.5109697597835,-302.78633776648417
1138456,0,0.22744395097261572,0.20839486012969508,0.6625891669411692,15960.444536639396,2405.269284607315,2203.8210029175198,-201.4482816897953
11384870,1,0.07278649802371842,0.1106498993462736,0.5441131190244805,15914.943434091418,630.2968276403093,958.1760687806322,327.87924114032296
1140597,1,0.09785004921458702,0.10120148494286947,0.5393602076304096,12373.865910593242,653.0483797230968,675.4157642023953,22.367384479298494
1141480,1,0.2630094110679645,0.2904446944773855,0.6888184370078261,13599.32717602621,2463.7320550751556,2720.7311749978844,256.9991199227288
11416327,1,0.04304902370433453,0.01651404302085973,0.52377599534458,14950.09809018052,337.0954880701139,129.31325528683377,-207.78223278328014
11437827,1,0.26014341135200264,0.26336578815781053,0.7027807733667629,14735.821450341911,2694.0586941351357,2727.4297958837765,33.37110174864074
11444889,0,0.43114033132540985,0.469119891899706,0.7545191264280214,9454.393809172261,3075.5485892640045,3346.4765805889,270.92799132489563
1145598,1,0.12098323818647679,0.08532588243091876,0.5466132007419106,11591.549868469878,766.5611907657892,540.632826661255,-225.92836410453424
1148739,1,0.2050116178425583,0.12903944220839966,0.5735040683875622,5555.940317739928,653.2396656316531,411.1653913498921,-242.074274281761
11625595,1,0.08658872590674964,0.0947638948642636,0.5786110486087537,19571.024787313872,980.5316997568323,1073.107404385437,92.57570462860463
11638008,1,0.2854352086373522,0.27867525837501955,0.7364793792333267,15654.30549208717,3290.8034117086972,3212.8674503657894,-77.93596134290783
11646642,1,0.23738541414522346,0.23014361073632147,0.7033393128947844,14118.471096748777,2357.2551468551464,2285.3434903634625,-71.91165649168397
1166064,1,0.18813332380358821,0.1767653130462868,0.5903710025701564,12692.139507754531,1409.696376422296,1324.5150632572338,-85.18131316506219
11665302,1,0.0902049597307437,0.0883098222721344,0.5399532430309202,13884.604306893492,676.2699318439908,662.0620159622669,-14.20791588172392
11666560,1,0.31782400625165724,0.30441887359428704,0.6858639043780427,10579.486308949368,2306.1588899142876,2208.890070567154,-97.26881934713356
11716596,1,0.07943137779403554,0.08145119411868389,0.5491916115848923,18133.834035719454,791.053083207628,811.1683320614146,20.115248853786625
1172925,1,0.07292248682352447,0.07463512515193235,0.5292997733192263,14176.475734638716,547.1815653860986,560.0325275830727,12.850962196974137
1173672,1,0.14655995878321187,0.14404131513730883,0.5749281179950593,5526.870431256972,465.70206828709803,457.69894407149843,-8.003124215599598
11824927,1,0.2787634154011097,0.24772900235111397,0.616250645048346,13470.40523951938,2314.0557878213663,2056.4345966164615,-257.6211912049048
1186520,1,0.1510578962356907,0.1844726161018951,0.535800990615925,10172.809667047244,823.3563953485504,1005.4867174714883,182.13032212293786
1190770,1,0.12830590191842092,0.05826762566186461,0.6659952942829162,16609.664731735702,1419.3145688641994,644.5540599339853,-774.7605089302141
11926584,1,0.21033549000878854,0.21495255007375882,0.7002843690252646,13033.456159984815,1919.758440330363,1961.8989275532685,42.14048722290545
1195804,1,0.0767915283665842,0.06427220047926681,0.5249052423931256,2829.183607815142,114.0395131837741,95.44764389785188,-18.59186928592223
1195952,1,0.08141064654440149,0.07601215897204515,0.5225035597086868,1613.5946492307285,68.63804457625733,64.08653139752742,-4.5515131787299055
11985904,0,0.1395958265242544,0.1732839800358896,0.5557120005938371,10824.782600537701,839.7333332703026,1042.3831269239254,202.64979365362274
1214869,1,0.25092973505901034,0.2313723095249876,0.7681346552483048,17922.940425414126,3454.6077941220456,3185.356186029813,-269.25160809223235
1225722,0,0.19664406695176584,0.2072150711776916,0.6184299599408366,6504.882628491434,791.0625652040128,833.5877522049227,42.52518700090991
1227269,0,0.11241057680278485,0.056186940472592276,0.5653859958124459,4516.714582435864,287.06144797739165,143.48386911828626,-143.5775788591054
12287429,1,0.21717502869859553,0.2244555900252779,0.6008599044600265,7117.404659771177,928.7627104715721,959.8984902711386,31.135779799566535
1229880,1,0.13828738845555671,0.15508481115883657,0.5561771136811338,7099.896938382109,546.069265340893,612.3989312463879,66.32966590549483
12315412,1,0.12029264983562855,0.11946012529515594,0.5631475606022814,15413.662732799667,1044.1602374700224,1036.933785786837,-7.22645168318536
12386029,1,0.1318359229347413,0.09094329595483755,0.5589175498498712,10414.120404221234,767.3687424893089,529.3477005447239,-238.02104194458502
12396114,1,0.20870554665389504,0.18951289840086186,0.6297025381437147,13691.145175026377,1799.3233281411403,1633.8568118738046,-165.4665162673357
1239759,1,0.12244416468345075,0.12323321861391344,0.5541083846829805,5675.404714993014,385.061103725025,387.5425121134772,2.4814083884521665
12397807,1,0.14992559260754632,0.16497230297322354,0.5665692545443001,14330.45064352563,1217.2747827974379,1339.4419243350449,122.167141537607
12405602,1,0.08974304819169637,0.09016593782378361,0.5475013380961647,15673.648088151458,770.1159054211238,773.7448665325451,3.6289611114212903
1240814,1,0.0820962279210275,0.06847627727820683,0.5369508409337046,5227.444246723829,230.4343081886093,192.20473317134457,-38.22957501726472
12408248,0,0.12469642165040616,0.11244815023103355,0.5672703498699828,7633.292541157176,539.953029394517,486.91629289314534,-53.03673650137165
1241256,1,0.05694512065018976,0.04967515537253317,0.5248687428236649,14371.460697115353,429.5444768943272,374.7061800117212,-54.838296882606016
1242290,1,0.08611396933984643,0.10699088969430211,0.5569754400122262,16720.768510209702,801.9843392588677,996.4122968199982,194.42795756113048
12425517,0,0.1628883125955868,0.13512392347934365,0.5592223735956316,13444.111818215433,1224.6347502459398,1015.8951839179457,-208.7395663279941
12425572,1,0.09255378841596788,0.09901957213763356,0.5461399275393833,7009.453135979404,354.30906577567254,379.0610054762378,24.751939700565288
12457552,1,0.17578562080265855,0.1661221083291835,0.6889815615327968,14671.941878250049,1776.9636525347946,1679.2781288681053,-97.68552366668928
12465653,1,0.06924611946303573,0.08004446874117929,0.6286946689395307,11041.752383687042,480.69900374759544,555.6599658978724,74.960962150277
12469159,1,0.07428183481049276,0.08958084912247566,0.5686915848004942,18692.003617755603,789.6148017286166,952.2430968349354,162.62829510631877
1248371,1,0.15561542221397742,0.15423095432825193,0.5807574625352928,12304.80724009056,1112.0447116040768,1102.1511536982946,-9.893557905782245
12485519,1,0.036613489847739954,0.03416667831848643,0.5226227620304902,13010.923457660312,248.96458232754904,232.32674165876512,-16.637840668783923
12497184,1,0.07541320014442028,0.07740584236649606,0.5505991129466179,8316.051937372573,345.3027767872211,354.4267085539216,9.123931766700537
12508205,1,0.0443447928721311,0.02526871621359297,0.5099556842934253,13284.294973355087,300.40944170435307,171.18043492050697,-129.2290067838461
1252554,1,0.12377520838867732,0.15898615031941896,0.5975727921670478,13946.725441192004,1031.5653196967853,1325.019776711726,293.4544570149408
1255972,1,0.10664160504330586,0.09969776613586474,0.6574682386362951,10814.989056909088,758.2763916836738,708.9021431525404,-49.37424853113339
1256429,1,0.10746493149559204,0.09167882753823695,0.5614996238450897,3060.861409132057,184.69702568579254,157.56588246062054,-27.131143225171996
1257293,1,0.10186242610843038,0.11371958151191773,0.5612704567582442,12971.098492894274,741.5884478987739,827.91202969533,86.32358179655614
12587648,0,0.29426089589936105,0.3309142549229077,0.6418134685941983,9303.974009795038,1757.1541721990975,1976.0266205293153,218.87244833021782
1261374,1,0.0631418528156435,0.05411901156234779,0.5328604936335894,13272.570846115646,446.56624904726647,382.7528480373591,-63.81340100990735
1267484,0,0.16695748663726764,0.1274711468884561,0.6566617219708692,5685.394050100171,623.3158494869613,475.898312847024,-147.41753663993728
1268071,0,0.17630313621937804,0.1368574123484365,0.581105819446005,4555.050324614315,466.6684516067933,362.25695175431304,-104.41149985248029
1268148,1,0.10456587194040438,0.0924268456676597,0.5490344835711786,12135.929790025706,696.726999878089,615.8441343742182,-80.88286550387079
12686790,0,0.19048176773270495,0.24016839200722767,0.5754684766103498,11401.30601984254,1249.7684417718126,1575.7669650720038,325.9985233001912
1273751,1,0.1335073901366903,0.14961638161615035,0.5774502965688213,5251.410917938003,404.8516537910104,453.7010233628929,48.849369571882505
1274333,1,0.13865922617721924,0.23729342993874672,0.5621941942560575,9705.18355603702,756.5521716666926,1294.7199021069664,538.1677304402738
1275952,1,0.07126785687781283,0.0388182357616754,0.5211704012370737,6004.81686793661,223.03509685487307,121.48294269160118,-101.5521541632719
1278011,1,0.22015166540104267,0.22564935027441896,0.6028936956612312,1394.1539090182305,185.04333136054115,189.66428174893275,4.620950388391606
12796248,0,0.25159475001477904,0.2672298691895536,0.6518639943765835,8576.304817390428,1406.561663233192,1493.9711152588332,87.40945202564126
12836046,1,0.1656325140754042,0.24346507890811978,0.6038859003000251,15482.97245933818,1548.6555200799683,2276.3860133531257,727.7304932731574
12836725,1,0.1758374348021558,0.126790446798367,0.6053898470495637,16176.210023090673,1721.9607559728138,1241.6478542507157,-480.3129017220981
12895503,0,0.11911559169957125,0.06760105025184668,0.6715896023411053,21370.403223878602,1709.5637200810365,970.2197781245466,-739.34394195649
12907233,1,0.06681961318512465,0.0686308060232573,0.52549527258373,13609.1877059264,477.86472699648755,490.8175881382358,12.952861141748258
12966366,1,0.10970993047000382,0.11232524978032606,0.5493676099783541,15781.7875692928,951.1854173226062,973.8602433749377,22.67482605233147
12987680,1,0.2553772260217576,0.3664843988691619,0.6385222560962787,11201.765540729746,1826.6051723768633,2621.3077375693756,794.7025651925123
12995593,1,0.061072609795894676,0.06907029171488725,0.5228781432454578,7755.7958464813455,247.6699611563387,280.1032496114653,32.433288455126586
13035765,1,0.34668787104208465,0.360137299154375,0.7836195516069373,11477.419231074487,3118.0864826431684,3239.0496991242053,120.96321648103685
1306468,1,0.05276415129946072,0.057947332197401925,0.5424105525111054,14584.50974109576,417.406225288565,458.4092912019846,41.00306591341962
1309247,0,0.20066915362131132,0.16446476310059105,0.5987871505351237,12026.445239145898,1445.074938339107,1184.3569532617103,-260.71798507739663
1328587,1,0.13108193134057883,0.16867237309536093,0.5612106851182975,13294.721766854087,978.0206295667391,1258.4881748242356,280.46754525749645
1348618,1,0.1900615660837555,0.24599149956971178,0.5928720886782136,10023.694361896174,1129.4919093859328,1461.8705626116064,332.3786532256736
1348956,1,0.31222719448944086,0.26886001698638107,0.7252876531444645,14742.91159717154,3338.599103877254,2874.8803038984206,-463.71879997883343
1353580,1,0.2983993864478995,0.1922277382963085,0.7323907749349353,13214.52639656436,2887.968114750376,1860.4179639197996,-1027.5501508305765
1358025,1,0.3130241875311819,0.29931173414791895,0.7082513537272878,13396.395147546838,2969.9781861314455,2839.8742227673415,-130.10396336410395
1358624,1,0.2274613716246781,0.11590285728843694,0.5885042210003104,12922.69867352322,1729.8579966920593,881.4484986518418,-848.4094980402175
1359507,1,0.09492032191543152,0.06502851089085128,0.5890321581028077,15258.551200984177,853.1227187433473,584.4617768622977,-268.66094188104955
1359643,1,0.15871200755334225,0.14679221352358718,0.5678961463740795,1601.7734232658622,144.37094203145054,133.5282092135305,-10.842732817920052
1372394,0,0.28990837062088826,0.38222480114784874,0.6992751284374563,10618.406408961739,2152.6240112531596,2838.0908177476426,685.4668064944831
1372404,1,0.3022895061133297,0.25200123317048484,0.7114638777261044,14658.241329823097,3152.5195876057364,2628.0727832242883,-524.4468043814481
1376423,1,0.35388601699841704,0.32531616444381695,0.7789988604456656,12847.432998053873,3541.739268114785,3255.8083078154145,-285.9309602993703
1377559,1,0.12301130028382833,0.11916574804279888,0.5763076197873589,5717.09383734124,405.2982154331281,392.6278716757018,-12.670343757426338
1381796,1,0.11101237785462297,0.08640912033721895,0.5496945319716172,13245.697849142638,808.2908567050309,629.1523815115746,-179.13847519345632
1388336,1,0.2736408488225054,0.45801989970096724,0.6848738316234728,12973.809789326742,2431.414642931909,4069.700469353118,1638.285826421209
1389268,1,0.13070637178969086,0.11395223648966939,0.564974894030273,13690.98197675695,1011.0217708400855,881.4275107593531,-129.5942600807324
1390675,1,0.18008132312909647,0.21420605051355016,0.5997036551858291,3045.503841702498,328.9004899808235,391.22588476461715,62.32539478379363
1394586,1,0.11713351653086002,0.1215621046462584,0.5524645377825204,5449.763802243745,352.66573682024654,365.99933540967237,13.333598589425833
1397606,1,0.2178784743129695,0.2032378693451574,0.6090496441873587,10889.154503924205,1444.9778147013833,1347.8808002349292,-97.09701446645408
1401508,0,0.11620187251136363,0.18578287008009683,0.5498665970625716,11498.614939735733,734.7100752592182,1174.6501455479834,439.9400702887651
1401885,0,0.19526583909717027,0.19065892581329028,0.6244303514965374,13904.034876098962,1695.317812049708,1655.3201238476074,-39.99768820210056
1406031,0,0.1915770825325678,0.19563884004891474,0.7114291468454222,17162.948663656294,2339.1986934928973,2388.7936541735858,49.59496068068847
1409411,1,0.2037162453783904,0.19340839512418484,0.6728617925899416,13879.642627752552,1902.5225612220554,1806.2567105045614,-96.265850717494
1417227,1,0.28759749157645537,0.126271742065214,0.7314333993449332,13050.646856888816,2745.3133341215107,1205.3495157909908,-1539.9638183305199
1417289,1,0.11914239405572842,0.1946544295708931,0.5458934592579981,6805.589668270595,442.62911145491086,723.1659048367455,280.5367933818347
1420932,0,0.11308415122263633,0.11933851195472032,0.54892422468267,11145.040090843686,691.8242403508062,730.08705892947,38.26281857866377
1421629,1,0.14363905979317743,0.3006513350218107,0.5872915146407774,11952.600120358726,1008.2974527565618,2110.470339382925,1102.1728866263632
1429139,1,0.13110869378409698,0.17849180901729592,0.5611046079977777,7118.810894310288,523.7002513002848,712.9672528911934,189.26700159090865
1430438,1,0.10688583076048143,0.1226816892512194,0.5589513793589075,10808.574116430022,645.747263267203,741.1774275722114,95.43016430500836
1430738,1,0.13345929100914622,0.09273671944755346,0.5555522972623046,10643.694761975725,789.1620141784913,548.3641922129011,-240.79782196559017
1431133,1,0.1736134173043413,0.15334866723112692,0.5780923946087695,11576.972802896878,1161.9181999522457,1026.2951456218557,-135.62305433039
1433216,1,0.3080288847401691,0.18098520851434843,0.7712622015896022,15348.069007814946,3646.256651684131,2142.3916817364125,-1503.8649699477187
1439391,1,0.19116309520112149,0.2665460093761643,0.6242439897810066,14623.24953383188,1745.0276563886548,2433.15875154708,688.1310951584253
1441048,0,0.2854508244268667,0.12055638980923306,0.7182915533541258,14126.609973394168,2896.4765436632497,1223.2886556634553,-1673.1878879997944
1443957,1,0.18050369897611965,0.22046475241036265,0.5991005821465409,15215.098281000042,1645.358767431921,2009.6187244123366,364.2599569804156
1444192,1,0.08700090670576109,0.16703184797239296,0.5422593226485883,2124.4131746918547,100.22355238415636,192.41782412337815,92.19427173922179
1446286,0,0.03325588411915493,0.13226543027889714,0.5251944562388853,10823.019031338717,189.03275048352558,751.8217825730821,562.7890320895566
1448256,1,0.15939329023517484,0.15725895302606632,0.5890109487296065,15036.268614079718,1411.6709533598528,1392.7681385780752,-18.90281478177758
1449421,1,0.11348696069102752,0.29892458507214686,0.5602269612689389,11997.026156419377,762.7523891983234,2009.0893267875135,1246.3369375891903
1465862,1,0.1766377357523756,0.36977903477350804,0.5758635876512441,13534.602322572555,1376.7294649989976,2882.0890991563265,1505.3596341573289
1466049,1,0.39227073877203805,0.3773900576318678,0.7178284107019812,12053.526396697118,3394.0690994270944,3265.316034147784,-128.75306527931025
1476924,1,0.046631570616391525,0.03800484444320429,0.5282606447459217,13038.211166722933,321.17838576810504,261.76117227639827,-59.417213491706775
1477279,1,0.06703217643073928,0.03476926981071496,0.5266373510813054,5996.2270294882,211.67669491990472,109.79569081894714,-101.88100410095758
1477985,0,0.29895615900249184,0.40772133062422666,0.7038770784772203,13015.46916053264,2738.8241918001595,3735.2535152730384,996.4293234728789
1478510,1,0.054347219117615246,0.05454416280924222,0.5334234800193056,16647.628288785767,482.6161217012872,484.3650281253831,1.7489064240958783
1481900,1,0.10972203654226681,0.0827964137201574,0.585726254683779,16778.48707314568,1078.3043294011693,813.6900679832352,-264.61426141793413
1485445,1,0.2021930551892047,0.19563512174188055,0.583907955956805,10808.819310114864,1276.1122690619768,1234.722819142487,-41.389449919489834
1493123,1,0.3013902869460122,0.1890764234345004,0.7756478240698116,15047.576812494197,3517.7129648600853,2206.8282053962116,-1310.8847594638737
1494282,1,0.22308887388452617,0.6222506347806582,0.6077135806723019,4917.889344772143,666.7386104501791,1859.7006491688362,1192.9620387186571
1499221,0,0.157181655178025,0.294321320122547,0.5942249031181401,11927.292149240382,1114.0240414178159,2086.0005968698215,971.9765554520056
1502543,1,0.30319883350016025,0.3535136174516621,0.7410806789151204,13730.490069736145,3085.1696841003873,3597.142782140529,511.97309804014185
1508357,1,0.10188456136243039,0.08560978422600642,0.5397056833011367,12867.217318481074,707.5383873262568,594.5180296271385,-113.02035769911834
1509930,0,0.36822935159081,0.348077502351651,0.7659574580568247,10710.278379084424,3020.8127904028966,2855.4947252651427,-165.31806513775382
1513547,0,0.1746156717824742,0.0745688209619475,0.5924590535548724,4942.127977961726,511.2761649907835,218.33813895469274,-292.9380260360908
1521094,1,0.07773691251516544,0.004701488016906304,0.5494190350528417,12642.457284803006,539.9611137771914,32.6565671813065,-507.30454659588486
1522864,1,0.12001077030874414,0.11909521030602589,0.5449625703657399,12088.890176524936,790.6300743311704,784.5983717502977,-6.031702580872661
1523403,1,0.20618901110072302,0.3348079035165032,0.6085920044302315,17348.544317257372,2176.98179839372,3534.963905315672,1357.982106921952
1523754,0,0.22296225328409935,0.1887025004696525,0.628474816376526,13838.961603926171,1939.20056443641,1641.228459218342,-297.972105218068
1530978,1,0.26025984112589057,0.16754560823037795,0.6015843815637975,14643.768500344097,2292.7492890640942,1475.9867388461116,-816.7625502179826
1531634,0,0.14663335148056822,0.09796460491786974,0.5719929874847536,12897.72370700655,1081.7739891511785,722.7248125176144,-359.0491766335641
1534111,0,0.10132922561163284,0.11000350677161136,0.5410276250558724,14619.570935958276,801.4728062038488,870.0828288416913,68.61002263784246
1534998,1,0.15920840807082268,0.1383764508011242,0.6115460291378415,13921.424108354313,1355.435370919946,1178.0805938011304,-177.35477711881572
1539062,0,0.04106353244960512,0.17096569153640434,0.5203423376195767,16052.033513952298,342.9853164599213,1427.9999385675558,1085.0146221076345
1547474,1,0.05041863287874766,0.12894936172973176,0.5448302233786017,15232.671181618778,418.43530833702056,1070.179075759631,651.7437674226103
1547667,1,0.14312602370509572,0.15883037895463492,0.5484233810717395,3514.402493443732,275.85830683136976,306.1265748714465,30.268268040076748
1548503,1,0.12243383717727854,0.057522543708771474,0.5685499672391781,6367.59585033338,443.2467814524599,208.24865860369454,-234.99812284876538
1549721,1,0.12229691103835506,0.1332372103059824,0.5640082303016576,13166.757809934443,908.1964008940369,989.4408112000885,81.24441030605169
1551443,1,0.19431051694834053,0.22819590002340864,0.603840492898145,12794.17809920278,1501.1736481011774,1762.9600142072882,261.7863661061108
1561951,0,0.20545083760720773,0.1993903954582762,0.6147802495312891,13006.924511159727,1642.867138780107,1594.405417382831,-48.46172139727605
1565401,1,0.20834547679284274,0.20231568110236933,0.6027926065776346,2479.8787279033313,311.4457698459968,302.43211430740877,-9.013655538588011
1565762,0,0.08886239286095501,0.14920582323671233,0.5601261953039287,6722.73946231418,334.61866942555605,561.8468334533303,227.22816402777426
1569006,1,0.1571560843610609,0.15875446238822125,0.5849330565706904,12978.387465329508,1193.0485048947496,1205.1825722667718,12.134067372022173
1586431,1,0.22275101875903897,0.2385986429207741,0.6228628851488424,12666.393375177646,1757.3777506706676,1882.406413874903,125.02866320423527
1586844,1,0.08433058488236848,0.10581737606845376,0.5533617454065658,5194.232012199968,242.39049714227497,304.1497509747048,61.759253832429806
1595285,1,0.18660473733917396,0.36325490392796184,0.568442855084054,10365.396866693281,1099.500451269814,2140.3472199573207,1040.8467686875067
1598215,1,0.32465004600818875,0.33271389829908177,0.7562362694710676,14754.648604529622,3622.445349078015,3712.421816310861,89.97646723284561
1601657,0,0.400091196006853,0.2789972311663784,0.7713552082231003,12190.581500352971,3762.164953167622,2623.4858842206954,-1138.6790689469267
1601703,1,0.14596888465750626,0.057753952934329694,0.6776081637192373,16852.37847346707,1666.8638321115266,659.5102479105987,-1007.3535842009279
1607031,1,0.4151689228347806,0.4384348794016427,0.7574811105586656,10938.933447736666,3440.1044149707186,3632.886956008914,192.78254103819518
1607098,1,0.36058566676252984,0.23490671619709994,0.7253023859520306,13154.006805033965,3440.215338748117,2241.1586558387035,-1199.0566829094137
1607212,1,0.2137612083431298,0.327882532180623,0.728801947436352,16397.519065889635,2554.5626891045763,3918.3745713733006,1363.8118822687243
1608627,1,0.13964975973328833,0.11302525842336647,0.5587094255474824,14806.943758771884,1155.2916054828559,935.0329890536865,-220.25861642916936
1624170,1,0.3779809377202046,0.48005563037625215,0.7396143280518371,12048.973268179157,3368.4123798151677,4278.060523666735,909.6481438515675
1624379,0,0.4240816316844588,0.43057046570585544,0.7937924428841399,9034.062159679743,3041.1615895700793,3087.6941231971196,46.532533627040266
1625713,1,0.13899464588569477,0.1260761141921372,0.5710835851116358,4624.352992215933,367.0698602625848,332.95341215528407,-34.116448107300755
1636411,1,0.08935115507635338,0.10704955439619106,0.5594940318414219,7880.904142160547,393.977730833219,472.01561626907466,78.03788543585563
1675428,0,0.1993861263216362,0.19219847305531498,0.7192396704447231,18430.12124223968,2642.9975561457077,2547.7203652609965,-95.27719088471122
1684178,1,0.04889941452102589,0.053510129004005334,0.5592480461108386,16204.453689235277,443.1416074381078,484.92532708872113,41.78371965061331
1684472,1,0.38076138180574376,0.4262432706664923,0.7793501089616529,13259.396806194194,3934.6785919216154,4404.675348346472,469.99675642485636
1695255,1,0.12313444872516231,0.112201268345792,0.5788439548756006,16100.476741339902,1147.5716436721063,1045.6780801046777,-101.8935635674286
1704991,1,0.18671071284462165,0.19067091354136204,0.5917655910875795,12951.82015229678,1431.033337530257,1461.3860641306972,30.352726600440064
1725124,1,0.08661494852516766,0.13208055708645067,0.5540096204748547,16900.874433491255,810.9971595831261,1236.702883938602,425.70572435547604
1825384,1,0.06610274814900743,0.03643018967608412,0.5597154668139979,19253.35500768586,712.349693880086,392.5863173684354,-319.76337651165056
1855700,1,0.13060770840420988,0.06562769569381882,0.6169580374923259,19753.344907721952,1591.7141712137097,799.8037369790135,-791.9104342346963
1864864,0,0.21999219752254373,0.1967386374099588,0.6456430251343083,15657.368207589843,2223.916650746544,1988.8447704439984,-235.07188030254542
1866483,1,0.18312654531399253,0.15750388155780237,0.6031715264173487,11953.972449657364,1320.3965622327257,1135.649577130651,-184.74698510207463
2054695,1,0.03598943555389332,0.05943938311062868,0.5431783430580679,8809.287075351072,172.2099514339641,284.4182777864884,112.20832635252427
2081797,1,0.1254745877449125,0.16243494017605667,0.5696821617153923,11651.416983804003,832.8506775082549,1078.1788759622914,245.3281984540365
2083684,1,0.21907447952043724,0.5092244774654413,0.7891586722285564,19189.54165175096,3317.5748006749295,7711.4883396018995,4393.91353892697
2087825,1,0.039181305725431645,0.05963149793695996,0.521091769516289,8538.585645389405,174.33278070570714,265.3235940079775,90.99081330227034
2089290,1,0.110050353724233,0.07504737110176712,0.5504179569787363,14107.022618973284,854.5144271004093,582.724717842476,-271.7897092579333
2089307,0,0.14464063931834067,0.11694439817805524,0.5385171655011086,12651.843691173031,985.4706666504104,796.7696670637285,-188.70099958668186
2175580,1,0.09493292133323461,0.08229929363053112,0.58170439753349,20049.18237473198,1107.173949458758,959.8317705480903,-147.3421789106677
2285170,1,0.12316692441144261,0.1310042028497447,0.5593444403546558,6872.291206766877,473.45093286244963,503.577257810872,30.126324948422393
229729,0,0.2809819689955493,0.786790605565499,0.6460944923222477,1880.591074867727,341.4042011715809,955.9816921442684,614.5774909726875
2310318,1,0.19568487064441062,0.19150352611235724,0.5770204300584019,5403.869404099963,610.1734189073026,597.1353885253394,-13.038030381963154
2365893,1,0.04051603384530888,0.03903898592943923,0.5370510744694142,17537.37070654789,381.59879733477595,367.6872750358835,-13.911522298892464
2370064,1,0.12127452139849122,0.29983495855140424,0.5694438539823777,6164.901963723775,425.74215493100553,1052.5902712728553,626.8481163418497
2371882,1,0.23868582638256094,0.24209238420045584,0.6313827920282955,12881.047382325676,1941.2011931501238,1968.9062906871413,27.705097537017537
2374791,1,0.11873754431144252,0.1500674946862199,0.5544333501954327,16326.970889807515,1074.8380372184788,1358.4435519043075,283.60551468582867
237880,1,0.10919433381139332,0.07975608845491218,0.5951813491252591,5801.1746044644915,377.02083735555567,275.37790839415595,-101.64292896139972
2382506,1,0.3852790295431525,0.42653513016014366,0.7707370517867504,12054.92742407358,3579.696514092237,3963.0143389393343,383.3178248470972
2445792,1,0.12439556044589486,0.1283173023816182,0.5636426427896467,12247.382622446674,858.7208534112524,885.7932149154058,27.072361504153378
2476269,1,0.02902641223532077,0.025869965036457714,0.5240031569867306,19229.68432905076,292.4821842441401,260.67651140761353,-31.805672836526583
2477390,1,0.1696401162316921,0.1825962347379061,0.5866960007186909,12946.911508865222,1288.569563115745,1386.9829592750968,98.4133961593518
2524859,1,0.2430738911505156,0.3573133748220345,0.6891968807295745,16762.540435149927,2808.1574527836938,4127.930859774948,1319.773406991254
258668,1,0.17603372573286327,0.20308365238029658,0.5721178494470093,3972.972222464129,400.1261238654088,461.61083229398537,61.484708428576596
2594914,1,0.07522506048937506,0.09033177378778473,0.5432569434309673,14993.349093831206,612.7262469637676,735.7740675048965,123.04782054112889
2645039,1,0.19579383977867315,0.3169942240435422,0.5642852497636608,9900.490174623905,1093.8415564839845,1770.9518124583506,677.110255974366
2844637,0,0.07694360960970416,0.07735571391592684,0.5324347558349937,11905.77056713104,487.74908417963854,490.36143235210136,2.6123481724628164
2864890,1,0.0697355118647223,0.06986613181014985,0.5528484581473941,19678.21912802537,758.657731522246,760.0787554573948,1.4210239351488099
2875323,1,0.27646618139509777,0.2963563309467795,0.6145401250483072,11082.00132025363,1882.8271669166643,2018.285738163837,135.4585712471728
288651,0,0.10590739122876835,0.07662496472741419,0.5593524247098016,4456.6087574799985,264.00752440867575,191.011854893954,-72.99566951472175
2905985,0,0.2862568481151958,0.3682447273990696,0.6516792588307826,8024.804606635617,1497.008446011876,1925.7721544321175,428.7637084202415
2985062,1,0.06331415696184176,0.06545259058840155,0.5512535938678236,17594.06999343029,614.070985577766,634.8112134772801,20.74022789951414
3006409,0,0.17694599001217506,0.18806960108393744,0.5543750247561272,10133.005304974831,993.9914565234276,1056.4781756079371,62.48671908450956
3007055,0,0.45824260568181824,0.6201222262087523,0.7861311635892728,12266.584219949847,4418.8994913070865,5979.928003125877,1561.0285118187903
3015145,1,0.21124167564498,0.12688019831334407,0.569158329289253,7133.587165271241,857.6708937328965,515.1514385224913,-342.5194552104052
3016173,1,0.21043901009278548,0.2615072087992878,0.6913914054015972,15182.281587440688,2208.957035433797,2745.014759569265,536.0577241354681
3055072,1,0.13938540453482798,0.10049480263491693,0.556197456372735,7630.687482524267,591.5752085404852,426.5169228040025,-165.05828573648267
3055433,1,0.10866209089934306,0.10644538464235148,0.5501864745017049,12945.332936953957,773.9291268921592,758.1409755336595,-15.788151358499704
3066902,0,0.11554582024390946,0.08028582562144561,0.5896604891083811,18020.892950869893,1227.8139831751234,853.1339267892433,-374.6800563858801
3067351,0,0.31600490087039,0.5735976469596362,0.7465876317554231,15719.475158640293,3708.6226874832273,6731.722328173638,3023.0996406904105
308236,1,0.16064404704702842,0.16911430365970842,0.5880397786454837,6204.709157790782,586.1284081846461,617.0331202892421,30.904712104596
3095430,1,0.19498794887911838,0.2293647329462966,0.5689416252529266,10859.27676291263,1204.692985885044,1417.0828842407027,212.38989835565872
3095779,1,0.07097313816022331,0.04537124047660032,0.5367660709406012,16546.36612731696,630.3499091694761,402.9659397160505,-227.38396945342555
3097774,0,0.09972943508868219,0.09035479154276266,0.5571960531196141,13437.029936232173,746.6802688744575,676.491749735199,-70.18851913925846
3105477,0,0.16012903232949452,0.14968989985261852,0.5906475661365105,15213.266197623852,1438.8680274667756,1345.065337617508,-93.80268984926761
3106720,0,0.32283810886161796,0.30688285978140567,0.8006759388442598,15471.724256630614,3999.2659812538354,3801.614950853717,-197.65103040011854
3114571,0,0.15340697259082822,0.18129647908255841,0.5374405490859326,11092.46869086557,914.5421813642891,1080.806658612994,166.2644772487048
3154714,1,0.10795738921241158,0.07245205999319655,0.5523264053389951,8518.468820649969,507.9368456702781,340.88514999978423,-167.05169567049387
3155678,1,0.23663710961666307,0.4620053168990693,0.7002327908779234,15507.711700213651,2569.644324156774,5016.919544965351,2447.2752208085767
3157796,1,0.03524804443724457,0.03829966667132304,0.5282644495587075,16950.773445515195,315.628296814477,342.9540206564965,27.3257238420195
3161051,0,0.10426484288453519,0.1565694264000669,0.5510327127098152,7003.147341511507,402.35419978398255,604.1956667944095,201.84146701042692
3174857,0,0.247535816414805,0.23993667611673464,0.6109257256256898,5486.557585922457,829.7101479506708,804.2387478424773,-25.471400108193507
3197843,1,0.1094217385040405,0.08351593624437641,0.5826183210306489,8606.893743394416,548.6990261052126,418.79350034145386,-129.90552576375876
3217856,1,0.29502146365112114,0.30888598045056676,0.747073082973636,13722.320416300372,3024.435020847893,3166.568171556428,142.13315070853469
3217880,1,0.07462057290228236,0.0760575021235846,0.5484302077453991,17477.259653946934,715.2424552994164,729.0155039958071,13.773048696390674
3240033,0,0.24095802092314092,0.1407224868178301,0.6955774280660394,12829.241397107311,2150.244497165826,1255.7695807272876,-894.4749164385385
3286085,1,0.08248598452331232,0.15954996320987122,0.5600438897521249,14152.210628200522,653.7722901334357,1264.570526026065,610.7982358926292
3286227,1,0.11879339906502942,0.11533311263857848,0.5866874536345295,16851.145593753834,1174.4337978767633,1140.224175443672,-34.209622433091226
3287108,1,0.13970618475631916,0.08057848271872141,0.6501900684470198,16245.549015132627,1475.6737669596932,851.1259063930149,-624.5478605666783
3290562,1,0.12304963789249317,0.116150606761687,0.6896544582005542,17117.274668470727,1452.6015644030888,1371.158468875816,-81.44309552727282
3292499,1,0.060563092394623805,0.061466582308648175,0.5743724402935944,22157.832817165778,770.7773020104955,782.2758812737171,11.498579263221586
3295103,1,0.17797825889197624,0.15707105108565153,0.7328484668667182,18550.3339112346,2419.5403491608763,2135.3155613096988,-284.22478785117755
3295948,1,0.09100132300594148,0.14365468837953377,0.5419742132842897,13606.496090339522,671.0774276200383,1059.3628263734313,388.285398753393
3296569,1,0.32617422061373125,0.20283870631481168,0.7093098612910674,7068.522478045008,1635.3634022464066,1016.9871679070569,-618.3762343393497
3297531,1,0.04143287859946665,0.04188608426913581,0.5167051534404047,13917.197602676799,297.94746461487995,301.20650634191924,3.259041727039289
3299101,1,0.11138180471593645,0.07244491521654321,0.562963691898229,15951.482462663344,1000.2203524994554,650.562978571637,-349.6573739278184
3300080,1,0.10917885061265085,0.1100938442484593,0.5541870931506749,12252.997329641235,741.3738506764655,747.5870719305567,6.213221254091195
3344682,1,0.08011801186400379,0.09616403174275355,0.5627438911366321,13856.288902714945,624.7235571644301,749.8430700400053,125.1195128755752
3344804,1,0.12173883221205786,0.08701149325114672,0.5553157912538423,13587.502998964696,918.5627037730399,656.5326038357263,-262.0300999373136
3353735,1,0.09653409541228213,0.1084433078048716,0.5749615547102258,18061.33370014002,1002.465312952876,1126.1373925136954,123.67207956081938
3356986,1,0.29984500662484725,0.30629556983550327,0.6763744792631541,1717.4711616241475,348.3160501559813,355.8093705354276,7.493320379446288
3359448,1,0.10037061985326087,0.05029176256055509,0.5478142431104456,6765.222672724509,371.98208259733696,186.38556384444092,-185.59651875289603
3370177,1,0.09674525086808558,0.09885915140540161,0.5749936044666171,8137.873205414509,452.6928010473642,462.5842173885957,9.89141634123149
3371422,1,0.22172490133771078,0.22863729848853634,0.5752251557316417,12264.893977833108,1564.2859299059864,1613.0534140258208,48.76748411983431
3374351,1,0.12100066620075486,0.18089628856999695,0.5856493453023808,16822.1868275596,1192.0867903008852,1782.1726341652577,590.0858438643725
3375231,1,0.16185140701758152,0.19927151501422558,0.5690540355469176,12375.763224716296,1139.834974161139,1403.3652617095725,263.53028754843353
3377012,0,0.08441771524716943,0.07796600881205706,0.5474501117669294,13927.684031941524,643.6607816478725,594.4683770106683,-49.19240463720416
3377408,1,0.0932089138277635,0.08143669742038136,0.5465389356154292,13074.148907997025,666.0272231497328,581.9084808305726,-84.11874231916022
3377993,1,0.1294397519693201,0.1769220960579007,0.5753907115294927,14671.017866037928,1092.6743916275575,1493.4997999792165,400.825408351659
3379136,0,0.2041552669644756,0.2320078160039231,0.5884747580988163,12810.295415139883,1539.0317266251523,1748.9991562019338,209.96742957678157
3379299,0,0.1363060025031425,0.16186777314738254,0.6446921744416001,19319.364352778834,1697.6971241643178,2016.0700770375686,318.3729528732508
3380037,0,0.3712411394882476,0.3876332939512114,0.7792020736763453,12181.971263378737,3523.90155554412,3679.499447228175,155.59789168405496
3382447,1,0.17623240848198077,0.1901124012055714,0.5691675963123384,11788.698133100714,1182.4745181373842,1275.6057296378865,93.13121150050233
341072,0,0.1783991500020097,0.03274213112838241,0.6474063111799103,6058.688650029392,699.7587612189604,128.42882445240087,-571.3299367665595
345503,0,0.15986457240997098,0.18669900915525384,0.611224830207599,5092.956777815643,497.6490844995546,581.183120077523,83.53403557796838
3484913,1,0.12715681309779164,0.11125762378386979,0.5722115777932821,9978.789402883249,726.0627107121715,635.2786763363322,-90.78403437583927
348584,1,0.10597291512130719,0.002692290843565671,0.5409000046560587,3318.0165297769126,190.19119693665306,4.8318951823982825,-185.35930175425477
3486708,1,0.07667153796904393,0.049051984824771105,0.5630264690827155,15968.283271733324,689.3205337639884,441.00511424781985,-248.3154195161685
3488917,0,0.31992093989593695,0.2816711936221312,0.6414532112759199,9174.20373034577,1882.6779273187478,1657.5849619796847,-225.09296533906308
349476,1,0.13634825608989115,0.06819153577386125,0.5725945555963053,12798.677794530337,999.2218169259316,499.73848019006005,-499.4833367358716
3494850,1,0.09082187349534843,0.07340334703549152,0.5315017220788536,11880.120141715408,573.4769476013846,463.491070835428,-109.98587676595662
3497365,1,0.1296192525303415,0.07389255076254468,0.6090396961150967,12775.056848687673,1008.5047642653544,574.9222282415326,-433.58253602382183
3498970,1,0.10797991451987037,0.028357693243704088,0.5508012654656328,13171.886711915673,783.4041999016721,205.7376696899771,-577.666530211695
3536022,1,0.1544016134777244,0.15930264684983383,0.5744477895864664,13375.432978014684,1186.342930283479,1223.9999609396014,37.65703065612229
3536900,1,0.12688267100889472,0.0920542670077139,0.5662258137261754,13395.012865922401,962.354567897076,698.1949831674043,-264.1595847296717
355587,1,0.17257392435123212,0.0707409414286474,0.5892385349263757,4117.430809152346,418.6900363271256,171.62805706552837,-247.06197926159723
3594622,1,0.16590749944185282,0.20166130323767287,0.569942019355923,14193.447960209585,1342.0991591464342,1631.3274952499173,289.2283361034831
3634045,1,0.034386702020939484,0.024734443572606398,0.532469690104618,17777.575373437685,325.50521078035126,234.13673878155709,-91.36847199879418
3665821,1,0.16427196669362026,0.10766901385976518,0.6811339392336524,15402.521090680519,1723.4067492983975,1129.574990249559,-593.8317590488384
3666403,1,0.09190683740583817,0.06360497548835828,0.5664259363735462,15556.738100842362,809.8591504508449,560.4705032552511,-249.38864719559388
3675972,1,0.1542246766776703,0.16005478663113842,0.5900070699835142,15986.874688165492,1454.7040736659178,1509.6958225995577,54.99174893363988
367694,1,0.2156207751655486,0.16247780277744492,0.6428285162859801,3265.682694925612,452.6470788505086,341.0854206826466,-111.56165816786199
3695652,0,0.10401721104061021,0.1222681803773069,0.5732456657316032,17455.435541491843,1040.8225058549676,1223.4463182919926,182.62381243702498
371358,1,0.1754734954028431,0.2554464849497847,0.5615127523440129,11804.334958386446,1163.0882694055415,1693.1720054011075,530.083735995566
3725687,0,0.27918983982514767,0.25250661008621045,0.587548045932654,12158.588654526584,1994.4638156703202,1803.8453596661238,-190.61845600419633
3729345,0,0.13394919964472254,0.1406093782374658,0.5906677969092166,6744.6841734054115,533.6358954715646,560.1691661201818,26.53327064861719
3731548,1,0.2324486206035779,0.1632794583018646,0.6993916465951906,13377.411314940917,2174.800853278651,1527.650731227034,-647.1501220516172
374466,1,0.11482188984725963,0.09330927534569736,0.6046116511520392,17801.034867333805,1235.7950561145,1004.260958561391,-231.53409755310906
374536,0,0.21156895909012796,0.23220715470372322,0.6282327915650291,11881.547014059104,1579.2305670886003,1733.2818490096838,154.0512819210835
376658,0,0.198334843536524,0.2791400438868814,0.6031931377157346,10294.493941493116,1231.5737178929223,1733.3391124452198,501.7653945522975
379962,1,0.07440343721678476,0.11689694753108913,0.5316462191662704,3767.4638735422204,149.02695416213524,234.13966737385044,85.1127132117152
3809456,1,0.2135539315420583,0.2435665561420084,0.6941288109521813,13665.36423343943,2025.6707350601168,2310.3561767912183,284.6854417311015
3847210,1,0.14488027741784912,0.1641182935439267,0.5780894492882269,13484.090234928743,1129.343254458317,1279.3037882753883,149.96053381707134
3848276,1,0.045798437001995616,0.006823234328591375,0.5460342319768242,13830.359411258465,345.8629117763423,51.52803997472836,-294.33487180161393
384963,0,0.13482450844796487,0.13088161349043484,0.5293809476713026,9303.450039937072,664.0200337942883,644.6010032850328,-19.41903050925555
387209,1,0.18671916468967917,0.17354765979304257,0.6087981564397572,12373.02861925083,1406.495159740075,1307.278467578876,-99.21669216119903
391438,1,0.20720981001162178,0.5002278347087342,0.6080552024048477,5298.434596367914,667.5762826892305,1611.6043848204386,944.028102131208
391751,1,0.2139045504865407,0.08463837095110993,0.6020954411676467,1586.3374576241804,204.30591563262254,80.84035536171604,-123.46556027090651
3918312,0,0.20547795632822857,0.22554066356072922,0.6122368888014333,14951.557078046133,1880.9235935229615,2064.575504695732,183.6519111727705
3920155,1,0.1454933262769064,0.23479372345704447,0.5832001487361465,13826.652594473911,1173.215386179792,1893.3075212946796,720.0921351148877
3921231,1,0.08517985891290886,0.10428097469911071,0.5633066478415184,11410.889323111242,547.521636629469,670.300358150987,122.77872152151804
3922591,1,0.35811686015278976,0.3413871069566286,0.7670782906819796,12585.203124598982,3457.201472813372,3295.6951774524223,-161.50629536094993
3927859,1,0.1149843090498081,0.044141132725743,0.5689911714058022,13603.735704837392,890.0251798145035,341.67026715294986,-548.3549126615537
3931443,1,0.08877683406857943,0.07138706342272204,0.5502060464708668,15499.777759313403,757.095183342868,608.7939769127603,-148.30120643010775
400254,1,0.08549120566211284,0.04136710117826118,0.5414382473680527,2435.8132504611895,112.74943174830865,54.55668936706475,-58.1927423812439
401439,0,0.06535918092867288,0.05075662104118893,0.5341960596740263,6330.73330336817,221.0351280820497,171.65142025103793,-49.383707831011776
4085000,1,0.08488555202520275,0.0834943727698443,0.5371919362714876,14865.5530756014,677.866753366759,666.7572754558298,-11.109477910929172
414189,1,0.08393999051935977,0.046873668005184166,0.5512557083464189,11846.887746440727,548.1839159099718,306.11619945584187,-242.06771645412994
417027,0,0.20510611995927697,0.06499180114119404,0.6261776499951603,2844.6108762329704,365.3415337353563,115.76545991831661,-249.57607381703968
4175642,1,0.26412456565561054,0.2167615123306499,0.6173591109351316,11553.949225688988,1883.9835757719711,1546.1459560823828,-337.83761968958834
418217,0,0.11604699856262539,0.06121301285037342,0.5770838093771519,6689.124586197021,447.96294089156385,236.29358446947157,-211.66935642209228
419076,1,0.18930128969986026,0.04862041140789435,0.581459195634341,6869.419278283405,756.1236820506618,194.20387761141714,-561.9198044392447
4255608,1,0.042996631774883956,0.05200027863108004,0.542173345209232,19218.63040106133,448.0175564697834,541.8340183021755,93.81646183239212
425961,1,0.16021527442632902,0.20111463191389414,0.5982473408233195,13105.377740898542,1256.1289883470358,1576.7904778888608,320.66148954182495
4290390,1,0.10479094146288256,0.20082958953708527,0.5569106921700682,7666.343510015108,447.40164153594316,857.435640653228,410.03399911728485
4290806,1,0.26166138983535153,0.3282080321863183,0.5855329476334168,4423.841559585417,677.7828033222222,850.1589029550377,172.37609963281545
4302274,1,0.16947132999366052,0.19732712801042648,0.5852909253200939,13022.11769046141,1291.664264528434,1503.9735610892417,212.30929656080775
430405,1,0.22959604462656893,0.6634344687594598,0.6009736400782945,9481.541668789601,1308.2742193753372,3780.3535036270996,2472.079284251762
436449,1,0.22840360559375447,0.2897325588233035,0.6186493571656158,13833.65084018215,1954.7189864906416,2479.5831583488552,524.8641718582137
436852,1,0.05733919672006298,0.06107992669093593,0.5555623413468306,4885.11928320942,155.6179094160224,165.77020681563738,10.15229739961498
437769,1,0.14773144695295096,0.155770314556412,0.5922741868428691,14134.673182906152,1236.748886479502,1304.0470871144887,67.29820063498664
4414661,1,0.16749543809915926,0.04665023470254948,0.5747546630269443,5358.8965755092995,515.8944573520798,143.68509250366102,-372.2093648484188
443373,1,0.05622615812777502,0.011167644197412705,0.5433918306320716,5058.149162922365,154.540796752133,30.694905886873013,-123.84589086525997
4435389,0,0.16082491916119668,0.168194758231487,0.6001216215175305,13812.862681376108,1333.1416908973188,1394.2332168315565,61.09152593423778
4444787,1,0.31789095688961455,0.308953942117702,0.676139695407941,12817.933798071452,2755.069960132465,2677.6154103954427,-77.45454973702226
4445286,1,0.15558974424279204,0.13520936554091398,0.5898215825302242,11327.094855954878,1039.4896377313898,903.3290406641111,-136.1605970672788
4445543,1,0.3275244421665567,0.3400972076178799,0.7069712456239607,13317.143034400156,3083.58930175114,3201.9598416188524,118.37053986771252
4455765,0,0.36226923059509486,0.3495497836621437,0.7583623407883436,13986.498903172269,3842.5296094896025,3707.6165466939838,-134.91306279561877
448005,1,0.06244877231882755,0.03513144018380275,0.5295669910995554,12419.493884958856,410.7227033743227,231.0578663109207,-179.664837063402
449384,1,0.19893921611258208,0.14343390103337508,0.6180095547727918,10401.361771386137,1278.8093231193927,922.0133339072884,-356.79598921210436
451782,1,0.061297781585920086,0.05775019249343562,0.5401439145283501,4218.729067327762,139.6805319018668,131.59656673074693,-8.083965171119871
452494,1,0.15914280407687612,0.1393571826179253,0.5687672630143119,10133.006461875764,917.1912798050942,803.1603654138409,-114.0309143912533
4538113,1,0.1887255378899063,0.17379997492700025,0.6882568266192475,20396.51486971294,2649.336762838458,2439.8111040123877,-209.5256588260704
454473,1,0.06427372080837374,0.04281301846041186,0.529429092894464,6444.111510899085,219.28266046297932,146.06517986471775,-73.21748059826157
4545954,1,0.10456611958473187,0.08615052794775514,0.5517316626684144,14942.16766908257,862.0500970343453,710.2307255147133,-151.819371519632
4556002,1,0.14637126635403516,0.12763415473512243,0.6590847130929656,15742.309954521781,1518.6773925473678,1324.2701941533032,-194.4071983940646
4566359,1,0.16012690047047487,0.18548066196684093,0.5979793152837724,14254.792339905358,1364.933062684192,1581.0503248563923,216.1172621722003
459263,1,0.1405894960026564,0.03153191582669525,0.6011686761072209,11911.314829029592,1006.7205208526789,225.790885002772,-780.9296358499068
465138,0,0.13264159795585898,0.09632260308778189,0.604391580256748,5393.685200037227,432.3980694751636,314.00185359527774,-118.39621587988586
469411,1,0.24905339075947658,0.2727980576399797,0.6295085152166799,1193.2609435487047,187.08091871101215,204.9171508576425,17.83623214663035
475718,1,0.14467996145382045,0.15853319896614917,0.5449656176842701,4277.706153850827,337.27832783133186,369.57303358227216,32.294705750940295
4765504,1,0.22981426420534873,0.2191688048829858,0.6795909643443809,15867.416104933227,2478.16824628671,2363.3745046926556,-114.79374159405461
4795929,1,0.3686901490863187,0.49087394618992103,0.7833873687002921,13140.178231017559,3795.2409616328086,5052.9825985184125,1257.7416368856038
4798368,1,0.15119623590869632,0.05262577682495033,0.5741183508840735,10462.586414154575,908.1999341373349,316.1105616095366,-592.0893725277983
481306,1,0.11416391668881785,0.06028243623930509,0.6033480804644702,14526.10882819044,1000.5668011199893,528.3333485841163,-472.2334525358731
482197,1,0.15188012614195373,0.13331895353977496,0.5850184870705647,12698.14929068418,1128.2646159823898,990.3801224008737,-137.88449358151615
486113,1,0.09876504433170642,0.07096507862930317,0.5742532851542566,14425.87521589665,818.1801194450345,587.8822502660477,-230.29786917898684
488380,1,0.08712944189135284,0.06515291116158901,0.5479178506752663,12655.209737094412,604.1568848099922,451.771284071479,-152.38560073851323
491352,1,0.07896273433632102,0.05701063524924135,0.5163630944101837,6434.391606199348,262.3522919632737,189.41682997217148,-72.93546199110219
492624,1,0.19577429488322892,0.02783786945904259,0.6337690084662816,10565.024721399392,1310.862634462254,186.39639549544847,-1124.4662389668056
5084843,1,0.06909327024559714,0.09887291629075927,0.53268649538828,9310.670620641386,342.6797161803817,490.3768886898661,147.6971725094844
5094678,1,0.076276405943185,0.08809069278607284,0.528851699309295,7374.284360294947,297.47057026597383,343.5451407833284,46.07457051735457
510474,1,0.12313725814194931,0.056248807437587,0.5885743880500175,16528.021394476797,1197.875562683444,547.1867156721928,-650.6888470112513
514562,1,0.17280052414892128,0.14076150838659413,0.6105141977233554,5775.572805186963,609.3066055222737,496.3348189228634,-112.97178659941028
5146196,1,0.03854426304000024,0.03739649831403262,0.524129854112354,19970.606355747237,403.45016303099845,391.43629042608427,-12.013872604914184
516832,1,0.044485562294080135,0.04696620568424628,0.5118752910190832,12543.37124152894,285.62586096731025,301.55318362056045,15.9273226532502
5204655,1,0.16397869348149302,0.2429079760728817,0.6544089130786972,15064.115230404703,1616.5169274009259,2394.6089994114345,778.0920720105087
521293,0,0.19545984070875994,0.2693253768143149,0.6801443638540722,12994.25262500428,1727.4677559760137,2380.2889771411124,652.8212211650987
521431,1,0.07981150979702917,0.05260970362529398,0.5402385077805503,3278.691779184426,141.3681762519766,93.18628194829178,-48.181894303684814
528021,1,0.04811012037880152,0.04627544714472237,0.54293175117715,16353.077469637112,427.1507547553098,410.86141582836785,-16.289338926941923
533289,1,0.17485629134616582,0.08386683677116474,0.6560504874068577,7452.811909600405,854.9460029293379,410.0602633386846,-444.88573959065326
5375879,1,0.10846675118213696,0.1098076100174531,0.5698932376281532,14303.121880033457,884.1398698420408,895.069548690283,10.929678848242247
541276,1,0.28777086253637646,0.321864588165784,0.7223579771478051,10653.286141438424,2214.5367092111587,2476.904505223002,262.36779601184344
542882,1,0.09250247466052382,0.008667712303291653,0.6405220038502036,10409.938321987225,616.7874967689198,57.79452489114796,-558.9929718777719
5436118,1,0.1139981810076118,0.13447770957360217,0.5688153255948776,17370.35422893287,1126.361728795489,1328.7101960834473,202.34846728795833
543940,1,0.2081954079223939,0.01040596005294418,0.6941679680284664,13921.849575338554,2012.021664529095,100.56425968123379,-1911.4574048478612
5445587,1,0.2377602784163675,0.47526969394061963,0.6146111333348204,2761.3519411013067,403.51667444287943,806.6075950102934,403.09092056741395
5505012,1,0.12381724004297474,0.0927084187440202,0.6045383272050306,10873.13931395455,813.8791289561179,609.393708566704,-204.4854203894139
5534636,1,0.19797179373296775,0.10025986133019302,0.7621439845014631,19967.536682932558,3012.762070842186,1525.7684023964146,-1486.9936684457714
554824,1,0.1262877940861047,0.10037883635468156,0.5613182895286241,7253.413576116937,514.1774324786029,408.6897924343338,-105.48764004426909
555137,1,0.22521258971395017,0.48395396434529403,0.6930719328354666,4632.39958193092,723.064417268287,1553.7758864123216,830.7114691440346
559052,1,0.19071237462036786,0.15309390260783784,0.6214526626828938,4705.4363898983975,557.6822651019068,447.6781045256382,-110.00416057626853
559081,1,0.34243681514890767,0.7241692437599467,0.7629660442967051,11858.080037915695,3098.1328505846636,6551.7853928764425,3453.652542291779
5606259,1,0.2926345458937009,0.2648833005185212,0.6307238645676659,11635.64829197014,2147.6101256181496,1943.9470366132753,-203.66308900487434
5606403,1,0.08955462624326922,0.16367320442202188,0.5806456244289095,15036.298199937752,781.8800164485511,1428.9915902060477,647.1115737574966
560780,1,0.06953485186679859,0.02036690542447163,0.5209250065705638,13865.146311904038,502.2294742656065,147.1040770079468,-355.12539725765964
561707,0,0.1800148074069274,0.21850682927919518,0.7165769112563227,18739.04430383243,2417.232801048396,2934.1023807712995,516.8695797229034
5618838,1,0.1879853864186062,0.16315463393882831,0.5960671618381156,14528.171422177635,1627.9094401933048,1412.8809364407766,-215.0285037525282
5650512,1,0.23085248899648966,0.23803447122286903,0.623653225439402,10514.077841677155,1513.7317569206327,1560.8250095035637,47.09325258293097
567593,1,0.25938228734232843,0.06760479572541399,0.7655548378166405,12963.552931293483,2574.1903997649065,670.9309950094994,-1903.259404755407
568333,1,0.15749652937652636,0.13033118995562684,0.5780523725558787,12566.472841487033,1144.0673010225723,946.7361174361062,-197.33118358646618
5715714,1,0.13519720522758435,0.19894937557065862,0.5565178371347901,10602.823804480222,797.7528182215707,1173.9327360927755,376.1799178712048
5715983,1,0.031513249918487835,0.03302280394044957,0.5402126222748542,20165.271106169057,343.29065890644966,359.73503694408595,16.444378037636284
573788,0,0.31582250931295636,0.4679794044837487,0.7624242506397219,6168.003147330844,1485.1980421563255,2200.7364098928497,715.5383677365242
574550,1,0.29362170069885163,0.47737794544373024,0.7486664518044128,12276.008597417673,2698.5701137912,4387.406835023944,1688.836721232744
5761114,1,0.027320088322233885,0.009637580745353593,0.5368622502197526,9401.49236745181,137.89285521165044,48.643822473593254,-89.2490327380572
5764978,1,0.07128610814151852,0.06926169006763179,0.5465291792187342,17725.74328611362,690.59386248473,670.9820372164198,-19.611825268310213
5766281,1,0.11517849661170404,0.1199303793625449,0.5633641274190316,15787.0116602058,1024.37866517789,1066.641131285592,42.26246610770204
5769686,1,0.2525370667879311,0.2813954025365631,0.6290503670317132,10795.98837783945,1715.0348927446503,1911.0182126784566,195.98331993380634
5771937,1,0.10550443836213061,0.07023372676822083,0.5571457978518187,11453.669451449114,673.2622042160375,448.1869618790543,-225.0752423369832
5772302,1,0.4302804597419702,0.4783703246056271,0.7691662859494861,10949.549396498542,3623.832462859658,4028.846470541903,405.01400768224494
5783413,1,0.31920120765389576,0.35046183268391634,0.7535078277402525,14526.782323270345,3493.990525267081,3836.1707083296997,342.18018306261865
5795259,1,0.03201963390475731,0.029195428005715073,0.5268189336909908,18430.874641839106,310.9021192129833,283.4798319464326,-27.422287266550654
5799401,0,0.33466726691834997,0.19558422143309961,0.7873539786944093,14064.70413955539,3706.0721026250467,2165.8802590445584,-1540.1918435804882
5801525,1,0.0652592190401045,0.058054367901408395,0.5249292210854654,13431.275674657845,460.1081059020565,409.31052573649356,-50.79758016556292
584922,0,0.20434400055550866,0.33178460255913056,0.6156742477558642,11390.006043709498,1432.9691295768198,2326.6506080123418,893.681478435522
5875956,1,0.10890792743105096,0.09750584133213212,0.5607142293600158,5420.442124295749,331.0059361973302,296.35135895211914,-34.654577245211044
588189,1,0.07245207462509078,0.04996164577665639,0.5289398880457932,13592.88898654082,520.917460584563,359.215298930699,-161.70216165386393
590036,1,0.20492068072776576,0.19397764982372243,0.5985186348046375,4507.876594630534,552.8858625683023,523.3610383338403,-29.524824234462017
590102,1,0.2514168537549395,0.3287333721764969,0.7800288454954718,17213.833925852166,3375.8462529432027,4413.9973359188825,1038.1510829756799
5948779,0,0.23153343226802175,0.18599767114060436,0.684069067044699,14445.299580745033,2287.916737327012,1837.9513521564484,-449.96538517056365
5967448,0,0.334779875004585,0.31099178938110766,0.7472824215191138,13410.70644172902,3355.025035266484,3116.6307088251583,-238.39432644132557
5970531,1,0.24958073771558476,0.23744114112187142,0.630965705014564,5627.527861337077,886.2055642175084,843.1005628172626,-43.10500140024578
5975439,1,0.3163544695593259,0.3620460101385432,0.736377991474705,15121.856341268998,3522.7342562957856,4031.5279377808297,508.7936814850441
597928,1,0.1414216699287749,0.17860067474342756,0.6381414672151484,20107.802353797124,1814.6694813541037,2291.7364359321864,477.0669545780827
599351,0,0.15810799967039627,0.1688096073401092,0.6637750051055755,11621.369832769808,1219.6411283107423,1302.1930604092888,82.55193209854656
603591,1,0.0823297974899968,0.046007975202326544,0.6417812214077275,13957.81112931613,737.498888227765,412.1330501930246,-325.36583803474036
604578,1,0.05831813422754591,0.04815011570611845,0.5970265566682373,6154.743752533773,214.29263593013533,176.929789535884,-37.362846394251335
606980,1,0.05163401419715341,0.014623900370042138,0.5225941778833881,13596.160150982532,366.87382563734474,103.90682107362709,-262.96700456371764
6095119,1,0.21044171208485063,0.3801774478567176,0.6260558921437774,15146.07552365847,1995.469305140129,3604.952745293715,1609.483440153586
614368,1,0.11492001414621064,0.18196120535621854,0.6584639045907515,14942.211665646833,1130.6873358274033,1790.2993837644758,659.6120479370725
6159913,1,0.07675764543879679,0.08671428291434749,0.5405733810003027,18494.44703000953,767.3926782200033,866.9352144032013,99.54253618319797
6170318,0,0.1383162276750996,0.03900371715324453,0.6217441912622547,12158.612115797725,1045.6079488403627,294.8504118081553,-750.7575370322074
6178218,0,0.3992668001855337,0.3980460386688337,0.7548407442166488,12310.36971657116,3710.1342924138125,3698.790526381016,-11.343766032796339
6184799,1,0.05268985567536055,0.04228689582455687,0.5157417178067834,7841.759328173665,213.09476495899833,171.02184113200138,-42.07292382699694
6204728,1,0.3619207555157401,0.3305939371653327,0.7765477529973128,13946.799545081514,3919.7305710982473,3580.4499807702546,-339.28059032799274
6210552,1,0.12772537664469696,0.18096710250721681,0.6452262418263852,17832.93292969734,1469.6434735530688,2082.2574817483046,612.6140081952358
6224721,1,0.07076107581373225,0.0821667460677488,0.5288919239078611,10652.324783572569,398.66284517610046,462.92157643925975,64.25873126315929
6255670,1,0.11138180471593645,0.08771895189328106,0.562963691898229,15951.482462663344,1000.2203524994554,787.7254387046829,-212.49491379477251
6290563,0,0.3294142409674537,0.27752416985820383,0.7643875410220211,13522.23802344524,3404.90144946819,2868.5537256600123,-536.3477238081778
6290971,0,0.09948717166371583,0.0851961641770535,0.5234928588218667,14294.11679969887,744.4493799989554,637.5116564202043,-106.93772357875105
6294843,1,0.25468047191762283,0.2547935362066958,0.7695554196484267,15507.959671252842,3039.4164522024435,3040.7657879319463,1.3493357295028545
6296387,0,0.3277078324954608,0.3193017876974559,0.7682686247881476,15967.702552169152,4020.1508804516398,3917.029852984945,-103.12102746669461
6301291,1,0.13998439750332903,0.1732123296427993,0.5787817644387201,12389.799995051986,1003.8267569527474,1242.103936086352,238.2771791336046
6301293,1,0.3936634206158043,0.3571998800286397,0.7966367829959966,12144.478804482105,3808.5906616951584,3455.815440783404,-352.77522091175433
6304765,1,0.3879874867294063,0.4833090508064931,0.7776619086163497,12517.262577771628,3776.7471364127478,4704.62614406126,927.879007648512
6305553,1,0.21091801539450555,0.3054191293753307,0.6675269503973185,15684.342429759075,2208.252832239187,3197.653155429178,989.400323189991
6307201,1,0.32488897403005573,0.42300585653297756,0.7658912074060815,14483.108005669743,3603.8260962580857,4692.186151268161,1088.360055010075
6307435,1,0.14118524082991823,0.05445702276665801,0.5774723776126953,12068.525875578503,983.9538746256768,379.52407940701084,-604.429795218666
6309063,1,0.11823085738727988,0.1094241031385344,0.5720013948856973,13406.346112378813,906.647261864903,839.1131189009593,-67.53414296394374
631234,0,0.13328343151083585,0.01495895637509952,0.5776398892187954,5763.295402165781,443.7151137300542,49.80000105054751,-393.9151126795067
6314967,1,0.25126700762819604,0.17721222832477507,0.6623278025889834,12807.369547969794,2131.4168487903653,1503.2340808627737,-628.1827679275916
6315033,1,0.09969840964275398,0.09322887862099069,0.5581257594419619,17098.87622000782,951.4541533135049,889.7133273293803,-61.740825984124626
6320665,1,0.1863313081811349,0.23381438772365873,0.5914040623686869,7981.624553288446,879.5518200354319,1103.689295590076,224.13747555464408
6329286,0,0.3698979396326981,0.3637504917869522,0.7779788754191064,11346.068099850461,3265.089594282667,3210.8260641519732,-54.26353013069365
633813,1,0.21569893388001612,0.2052084225952015,0.5971179498324828,3384.5171795640836,435.9180458684054,414.7171845698483,-21.200861298557072
6375704,1,0.12191528631149978,0.08532898089777854,0.5664181236487187,11559.485856770349,798.2406162295697,558.6916977748925,-239.54891845467716
638512,1,0.036247370787401895,0.021981990544873247,0.5277452787344955,13860.032124366777,265.1338046814985,160.7887320108912,-104.34507267060727
6395729,1,0.13724889267569565,0.1353196556042974,0.560134210849076,12398.835634828085,953.1952085082146,939.796633869959,-13.398574638255582
640485,1,0.0568078237142614,0.050831983205581514,0.5135366759964494,6694.397239978679,195.29498767424505,174.75113258210027,-20.54385509214478
644241,1,0.03870843306093577,0.027624199754858938,0.5293581701331537,17804.39817973078,364.823251683522,260.35542084221885,-104.46783084130317
645717,1,0.1615827188179971,0.1590008977292513,0.6672874704997327,14348.197634659376,1547.0531404734784,1522.3338236263357,-24.719316847142636
646411,1,0.15087248686205346,0.08136468343472467,0.6427976224560616,14366.706037272794,1393.2899878768615,751.3934525386616,-641.8965353381999
6465332,1,0.06599730024638834,0.06340466761721472,0.5387594333258029,16363.724550149542,581.8395224112937,558.9825854591058,-22.85693695218788
649603,0,0.17050652298467708,0.05701584299792724,0.678690890794517,4844.423102337945,560.602570834707,187.46044200208382,-373.14212883262314
650098,1,0.1569463339919163,0.06595813016381397,0.6094153270021729,15756.090732697623,1506.9991990438168,633.3301759849651,-873.6690230588517
6523769,1,0.16810395295324154,0.1017785147493545,0.5793460304184741,13900.267419539985,1353.752018076183,819.6289695642066,-534.1230485119764
6524870,1,0.038077698652919816,0.02576063350864124,0.520152154576036,8848.462594935156,175.25439326360106,118.56452347066211,-56.68986979293895
6529938,1,0.08942284425171469,0.11596270077366012,0.6526370581928049,16904.007339608845,986.5290589221262,1279.3215762885266,292.7925173664004
6535000,1,0.11286064793853513,0.099205346627831,0.6310278448691088,16633.96119376405,1184.6409653686871,1041.3081950666526,-143.33277030203453
6540905,1,0.32521221717049453,0.3002472607085535,0.7341119832913673,16587.611138707583,3960.162539420651,3656.1601675570632,-304.00237186358754
654564,1,0.17147124027287647,0.04719079617528877,0.6421253369759861,7434.188391388387,818.5489547476407,225.2737941448354,-593.2751606028053
6553481,1,0.06735207634134133,0.0700395051721136,0.5833832264713167,19741.02780031303,775.6658778971345,806.6158790929778,30.950001195843356
6567140,1,0.11123146196994947,0.231985116502439,0.5435802308478722,9118.68803257369,551.3452750494808,1149.8895690140068,598.544293964526
6569844,1,0.04297606006809806,0.06314181745354103,0.5307755890697787,15451.733687473472,352.4639901245571,517.8514942534702,165.38750412891306
6614643,1,0.17827808914587084,0.21983016900564134,0.6010448378143372,8049.762768292247,862.5572375521888,1063.5973507265323,201.04011317434356
6616809,1,0.07721391775478031,0.0597626139931319,0.5268836489142333,13021.308361343987,529.7426422899271,410.01423017309156,-119.7284121168355
6694896,0,0.24624939492878753,0.2587423212099865,0.7760335281082417,16662.682104600623,3184.2016713598255,3345.745202284126,161.54353092430074
672315,1,0.11519898615677654,0.11466978054677407,0.5715394912010828,13372.555891959524,880.4593759244281,876.4146871935362,-4.044688730891835
6734692,1,0.23863927986427705,0.21052037339852378,0.6847587261204446,14536.973934280537,2375.4916973669974,2095.587111305451,-279.9045860615465
6734959,1,0.12365953905188234,0.10923846828097289,0.5458114628067141,8278.260839422628,558.7395092065419,493.57978059563294,-65.15972861090899
6735897,1,0.10989215310851914,0.11190180797447484,0.5613921307202991,12860.824076927756,793.4175466218217,807.9271852829972,14.509638661175586
6735939,1,0.04297606006809806,0.040207272877941104,0.5307755890697787,15451.733687473472,352.4639901245571,329.756050418076,-22.707939706481113
6737604,1,0.11476566779780846,0.12496228595820599,0.6289032186629574,14485.222219147217,1045.4926106474143,1138.3817920973079,92.88918144989361
675652,1,0.038689300394956834,0.025391405533170895,0.5115975772955615,4585.253702604339,90.75754214667242,59.56327807210482,-31.1942640745676
676079,1,0.11504969433189365,0.02469325444359483,0.562753865138599,4192.938786669027,271.4703968493179,58.266018195283074,-213.20437865403485
6808625,1,0.12844273089754274,0.1368020177170172,0.5487578228022526,11049.838042642254,778.8362692564784,829.5243519111341,50.68808265465566
6808863,0,0.16219618165749944,0.14548865425837146,0.6191057870035319,16012.522037542385,1607.9229354731815,1442.293780547497,-165.6291549256846
681152,1,0.152653778844724,0.07275380797899288,0.660525846719507,12814.635839992865,1292.1223691382766,615.8172004721164,-676.3051686661602
6829665,1,0.14778144521707126,0.16183522122257096,0.6799616487468647,16534.10638320066,1661.441504182798,1819.4418993726558,158.00039518985773
686168,1,0.21952926378538049,0.17599383897428694,0.6729341678642403,10096.007724372395,1491.470524859401,1195.6930882965091,-295.7774365628918
6876546,1,0.27528211493060795,0.21833545079596153,0.6348971048464513,9307.423376719924,1626.712532141649,1290.2001065710958,-336.5124255705532
6885380,1,0.10593000231426697,0.0960792317125855,0.5724663939319576,11122.580400159079,674.4884737382552,611.7656276784384,-62.72284605981679
6885827,0,0.14189967944208023,0.16839741380209886,0.5773778302327722,11576.10349709292,948.4270227052629,1125.5321959256528,177.10517322038993
6888869,1,0.4730900556649,0.3082669490348076,0.7541922176011351,10521.10126789494,3753.937751245175,2446.0774932513423,-1307.8602579938329
689195,1,0.23579667956929465,0.20734144700974833,0.6474663594369169,13461.826095870088,2055.2226129003034,1807.204542762338,-248.01807013796542
6899027,0,0.153877770811647,0.28305651516607394,0.5740330163041868,4213.992247324029,372.2258159608195,684.7054110868571,312.4795951260376
6908173,1,0.22407592690816452,0.2598800258213486,0.6730855681132716,13971.172546585316,2107.163993852637,2443.8583862543715,336.6943924017346
6934578,1,0.18409331656673814,0.19994550940158246,0.5626977285243302,9180.79106992843,951.0279660665202,1032.920557229388,81.89259116286769
6934608,1,0.1513206044975501,0.23860516879682558,0.6778103794262732,14690.218377412599,1506.7268738195178,2375.835209303832,869.1083354843142
6935648,1,0.0695291113244749,0.02017338265367465,0.5485485675455507,15500.922994178738,591.2066665913413,171.53445636449965,-419.6722102268417
6966302,1,0.08466486809063849,0.058859179926076435,0.5481279190476792,6461.154518583244,299.84394759012696,208.45209186481617,-91.39185572531079
7004759,1,0.10085073060726332,0.08169423022434706,0.5644922132311757,7247.790675230063,412.6127522682229,334.2373523159584,-78.3753999522645
7069002,0,0.166458116777186,0.1608226256277525,0.617284629380023,5678.504178610394,583.4778710228849,563.7240468075047,-19.753824215380178
7077841,1,0.2322592661370806,0.16807929426788795,0.6781453664742151,14697.504335031774,2314.9384326566365,1675.2537993678727,-639.6846332887637
7078362,1,0.18130305887524759,0.15620537137272877,0.5944661293297792,14369.991231521366,1548.7764972080586,1334.3801777012818,-214.39631950677676
708713,1,0.22295134238385925,0.180706997506377,0.6885419823075086,11844.596029348755,1818.2800361507825,1473.7562126577357,-344.52382349304685
7088600,1,0.2983452735566433,0.3128145005977878,0.6893206172488872,14060.36202579587,2891.5914591997134,3031.8286174245495,140.2371582248361
7091289,1,0.15272005896939975,0.15531772897354498,0.5781803800726416,14323.217112166109,1264.7363718851138,1286.2487243460025,21.51235246088868
7095361,1,0.0795741472565826,0.1171994831075748,0.542109068932564,13022.058915696034,561.7438440136144,827.35524573041,265.6114017167956
7103868,1,0.2388640973140844,0.2796530198116064,0.6838146174141218,13256.673127530827,2165.32856785911,2535.0845091211445,369.7559412620344
712036,1,0.053027406849799605,0.12982828065187976,0.5418617211193254,17390.36980746972,499.68657244463617,1223.3947013300583,723.7081288854222
713063,1,0.1931821462455077,0.681314737810297,0.6839936418950118,14064.552781607526,1858.424741655025,6554.29184429773,4695.867102642705
714100,1,0.10564622982671261,0.07449944321453968,0.5469670245047233,12950.744077666675,748.3587980519751,527.7264874574571,-220.632310594518
715976,1,0.3011762092400615,0.2598917752281788,0.7049094357285679,4499.790080093855,955.3142162904865,824.3622834582968,-130.95193283218964
716113,0,0.1305733233906916,0.1596760897851151,0.6373858716305497,8077.748094128102,672.2753634535914,822.1151036643455,149.83974021075414
724288,1,0.28048012061580324,0.2726684714090138,0.7279943485863949,10481.072885885951,2140.1087098487396,2080.5045622570005,-59.60414759173909
7257080,0,0.09876748265404853,0.16305488435465235,0.6673859648804554,19291.211895525987,1271.6001350276174,2099.2801212574946,827.6799862298772
7266774,0,0.23145373133123132,0.25395853783360833,0.6972835784877486,15241.19048956773,2459.758754988794,2698.9270522772513,239.16829728845732
7343299,1,0.3145833201660222,0.25171655557156336,0.7831091595615445,6747.750762215234,1662.3291797495026,1330.127023682681,-332.20215606682154
735660,1,0.34597619031989524,0.14879390766664208,0.7610508433307409,11383.919492774718,2997.44828859902,1289.1119573198264,-1708.3363312791937
7366998,1,0.19757422643710185,0.19228441597881804,0.583297625148055,4818.684431484047,555.3272493460781,540.4590352863053,-14.868214059772868
7436580,0,0.39548006057091256,0.33153412192634546,0.7909424851245442,12834.99487478364,4014.81183483163,3365.649116263695,-649.1627185679354
7446698,1,0.0693038631956703,0.05284933770950412,0.5360979881886685,10726.843280749014,398.54150564211244,303.91746796952174,-94.6240376725907
7456733,1,0.37581949355935046,0.32668282690355466,0.7738162944079746,13717.981534848343,3989.398200365629,3467.80277253921,-521.5954278264189
751248,0,0.2389099853617216,0.24942162229844728,0.7170502343830372,14111.247139606852,2417.4042527719753,2523.765968026205,106.3617152542297
7534796,0,0.2599905187720927,0.3313580915288003,0.61086970154165,12108.796448962697,1923.1230552646152,2451.021631008491,527.8985757438759
763883,0,0.3255838059932115,0.13248248329135592,0.7397812434511932,11131.005506827345,2681.0228115390564,1090.9282135514839,-1590.0945979875726
7647788,1,0.09910523836621658,0.05259290021146134,0.5366737386696125,13306.632724613637,707.7422538932781,375.58274767373325,-332.1595062195448
7654987,1,0.07910703305522516,0.07482629671830957,0.5484718280082986,9431.64616098608,409.22006583343943,387.07585010504425,-22.14421572839518
7658544,1,0.19924260459706286,0.23274376858490264,0.665798879832146,16296.806806748538,2161.86110351888,2525.361989759483,363.500886240603
7666583,1,0.12885878191377242,0.08842102899772594,0.5672510420172181,13527.734300859522,988.8135036745291,678.5094984077589,-310.3040052667702
7687114,1,0.12110635571213267,0.10733522437067712,0.5780735159668354,15895.90632259213,1112.8466002431578,986.303640505616,-126.54295973754176
772803,1,0.16717883261165806,0.10188512426390724,0.6468252128274261,4987.437694116474,539.3189888947082,328.6814565158673,-210.63753237884094
775213,1,0.03601164423881145,0.02634904725948093,0.5181328694063135,4593.844394374249,85.7156998666799,62.71657610769437,-22.999123758985526
782917,1,0.14336374581647982,0.1319619683034233,0.6450005479177403,11329.009468596107,1047.5900457174935,964.2747796567587,-83.31526606073476
784584,1,0.2705140762156995,0.2536910116034264,0.7668075397448255,18232.292018243614,3781.965050597747,3546.7675211470696,-235.1975294506774
7864615,1,0.15864759509166096,0.11973423488716509,0.5613951175621088,11891.816408629666,1059.1325617779157,799.3466705580564,-259.7858912198593
7917421,1,0.07262305325688942,0.08592435745215547,0.5370103610490407,18571.084401305336,724.2598870944489,856.9119946916795,132.6521075972306
7936794,1,0.10934106707806888,0.13323103442472345,0.5587219758372819,14376.692464369253,878.2902146972814,1070.188145737437,191.89793104015564
7954743,1,0.10449436362196227,0.08428771930760015,0.5557989769407478,12731.246123213517,739.4035350258933,596.4210456439494,-142.982489381944
797959,1,0.0574281923566024,0.04104458805234611,0.5237669214798603,7409.177076772339,222.86054480178015,159.28098864248605,-63.5795561592941
807448,1,0.22590736667819358,0.17591302486447719,0.7059783971094815,13007.905637802218,2074.5752044369037,1615.4621466647566,-459.11305777214716
808326,1,0.16469432217859978,0.2044530068858184,0.6969509246678712,15620.881168681768,1793.0250391721224,2225.877345563629,432.8523063915068
8117213,1,0.12316578247256756,0.12465049814331777,0.5358304321087919,12458.64772735386,822.2205970124401,832.132146963173,9.911549950732933
8125352,1,0.09128086350155039,0.08776614646924732,0.5544887309225917,15390.742307313008,778.9902656683314,748.9956945203901,-29.994571147941315
812577,0,0.1583527626900152,0.3468868458652611,0.6769282385012044,8348.66571695778,894.9223371132282,1960.4128247719543,1065.4904876587261
8148098,0,0.34362209809960026,0.26609181857298836,0.7591298029478791,12930.793934025227,3373.046419440273,2611.997484573339,-761.0489348669339
8185186,1,0.13602913677596137,0.1312088027823376,0.5721491708828685,14802.959297306736,1152.0988947949932,1111.2730717528073,-40.8258230421859
8205052,1,0.03948242376278196,0.04178305603556899,0.5445013348092747,18250.458287859074,392.3525944151276,415.2148950288517,22.862300613724074
8215415,1,0.08973578659336676,0.0744324050031911,0.5400814533914438,12640.965808256104,612.6397818670534,508.1612820939593,-104.47849977309414
822166,1,0.04238128257191011,0.03694761498156869,0.5284514620388894,8960.710208375775,200.68810476125634,174.95805639006718,-25.730048371189156
823833,0,0.14176874595012498,0.35410914887319206,0.6478070861891015,14942.85191709432,1372.333562144488,3427.8067877673293,2055.4732256228413
829092,1,0.2289285927595902,0.3469579718285774,0.6218207547366708,6883.4562329196215,979.8775498449821,1485.0758624616085,505.19831261662637
8385654,1,0.07159182730255885,0.07421783322688785,0.5647547115153879,16957.401122134448,685.6186199392937,710.7672804167238,25.1486604774301
843757,1,0.21787090858171468,0.20342567800019676,0.5824624758067861,9710.902109179511,1232.3292949546014,1150.6236604857293,-81.70563446887218
8494946,1,0.12395511986304612,0.14314141039430275,0.5904489947530634,14967.413523864758,1095.4526614300682,1265.0113940476263,169.558732617558
850335,1,0.03856648758178658,0.015538874282574243,0.5187828881013393,13948.025908803422,279.0669947780995,112.43925024483157,-166.62774453326796
852268,1,0.22721541209270513,0.21622536107190682,0.6123599236088886,3463.784809653106,481.94274825429545,458.63193784915694,-23.31081040513851
8525147,1,0.17210073243191043,0.06502507639583249,0.6168947555317328,12701.125628706784,1348.453604400012,509.4882363562125,-838.9653680437995
8557094,1,0.11002157116467277,0.10429421332683407,0.569242388790476,17867.355952001417,1119.013599401483,1060.761465375987,-58.252134025495934
8587736,1,0.17236938736916052,0.2588234214673137,0.6019672066086533,15253.508867862463,1582.7150415976912,2376.545676273533,793.8306346758418
8588613,1,0.052463731435261125,0.029612254517606636,0.5364002925583161,20709.6914906208,582.8030441083281,328.9531949718025,-253.84984913652562
8588939,1,0.3523526792821939,0.39153675882723676,0.7624115361204639,14112.456897730497,3791.1386322413064,4212.739733826957,421.6011015856502
8615305,1,0.19616873193505432,0.15528125172991955,0.6622146016871497,12837.199811800958,1667.626694390437,1320.0429954805752,-347.5836989098618
8617599,1,0.11287766739443855,0.07676750003500105,0.536088484877938,15125.993086365244,915.3104116187969,622.4977329700276,-292.8126786487693
8618983,1,0.27823455286678916,0.3668058111249383,0.7713793076928243,12581.240118016434,2700.240819280302,3559.8167579962123,859.5759387159105
8620286,1,0.26376462297340975,0.310330510308668,0.665954587626408,8606.711203982075,1511.8141005003865,1778.7148102398146,266.90070973942807
8630012,1,0.08233942788256353,0.08267352329019413,0.5547693591107808,15777.461848359375,720.7048587925957,723.629146582439,2.9242877898433335
8635677,1,0.06350139136431789,0.057206277913693926,0.5449032937280918,16652.335670451503,576.2060723666735,519.0847633913106,-57.12130897536292
8635884,1,0.04907640795064219,0.054137406193434365,0.5226210729583182,17701.04007246032,454.00273630592227,500.82170995570516,46.81897364978289
863912,1,0.12504482899329866,0.1749877267932212,0.5610205607633971,3369.0878990627407,236.35068031589404,330.7491289921799,94.39844867628588
8645211,1,0.1491543196961505,0.12080448623924044,0.5726974033366424,13422.77346798419,1146.57722353379,928.6467378536745,-217.93048568011545
8665120,1,0.09526206022433135,0.10959469392456468,0.5382309951282317,8326.332260542124,426.9159796447041,491.147535655719,64.2315560110149
868942,0,0.3178659788603359,0.32557794281828084,0.7683161124251451,15107.01740353301,3689.459253757731,3778.971748587471,89.51249482974026
874854,1,0.07621530200157897,0.09787593838493162,0.535073806835541,5204.856256267589,212.25826333455683,272.5827512091375,60.324487874580655
8766053,1,0.10442004323719063,0.12875187346102396,0.5564630937334711,15799.700944608801,918.0558479765413,1131.9800940929858,213.92424611644458
8774932,0,0.20382215037602222,0.19087744440411436,0.6413389639773633,6411.921746194672,838.160555025023,784.9291377230575,-53.23141730196551
884424,1,0.15431118924040066,0.11506309680790879,0.5724565082309573,10246.39713256531,905.1302923791935,674.916025004173,-230.21426737502054
8846573,0,0.09163141664099234,0.1706037620989483,0.5412184208144167,12288.342726299732,609.4109958851284,1134.630592581698,525.2195966965696
8904834,0,0.10758759549090718,0.09962040661581516,0.5353470726336874,13166.311236875943,758.3361350025456,702.1790363072486,-56.15709869529701
8915072,1,0.10635878796536836,0.12340495726591251,0.5457621319257577,11028.129099758047,640.1453861294117,742.7417661528211,102.59638002340944
8916284,1,0.07112814903278229,0.0726891644839425,0.5402102799963507,6330.079054728033,243.22795334955964,248.56596085426418,5.338007504704535
8944597,1,0.13431445888221913,0.11846528393162396,0.5886543564050867,5329.800487563053,421.3995634820915,371.6741991295552,-49.7253643525363
8965128,0,0.29351840994951095,0.33741076775027873,0.7315025967656011,15097.349914541668,3241.544135588054,3726.2803913162215,484.73625572816763
8965133,1,0.06324780732663858,0.0654081753170051,0.5310207734573206,5457.031731099447,183.27931964956971,189.5396279859872,6.260308336417495
8991796,1,0.07371856555194639,0.1266252411304578,0.5835058048951276,18164.20790542516,781.3372343937738,1342.0908962152805,560.7536618215067
9035137,1,0.101693981739786,0.09479992003131882,0.5472316441325282,14200.261131072026,790.2468725142181,736.6742754850591,-53.572597029159056
9125277,1,0.07978908156397528,0.07653184283656955,0.521007301927571,6612.702879523391,274.8946486378788,263.6725932143939,-11.222055423484903
9189351,1,0.1069297054317253,0.08583430020213718,0.5398125418680159,12691.168678786478,732.5595888582232,588.03808924882,-144.52149960940312
9209645,1,0.2255202342284738,0.279076367527563,0.7163856117464122,17783.22846178073,2873.0486265630348,3555.334966613083,682.2863400500482
9219603,1,0.28935940385691744,0.42032924066196525,0.7501366401305887,17274.073013451525,3749.494586157368,5446.590611048494,1697.096024891126
9229324,1,0.18249461877989723,0.22325778858268935,0.7084133630512055,18625.78548737422,2407.971845043384,2945.8318973347373,537.8600522913534
9284615,1,0.3030791771673517,0.32352473295938033,0.6985412966128551,12827.242119169652,2715.6980333851816,2898.8975397808995,183.1995063957179
9295124,1,0.2300807170250826,0.2746724693000214,0.6247744509694937,4475.559399314558,643.355190461995,768.0433244734596,124.68813401146463
9375207,1,0.09624112325971494,0.05472846560193604,0.5463835708649893,5915.685546432658,311.07377237740445,176.895174064822,-134.17859831258247
9624580,0,0.27041198125275917,0.27906555753979206,0.6966541762594065,15059.812970595784,2837.0223256385298,2927.8111620251125,90.78883638658272
9655315,1,0.04973065333257682,0.03232342631804715,0.5356609349897222,18854.092982381295,502.24981374366723,326.4472465146908,-175.80256722897644
9685343,1,0.23752930338789233,0.16467220664582136,0.6895347979507921,15207.192098616568,2490.7057031879353,1726.7343371925042,-763.9713659954311
9686150,0,0.12569696730491342,0.10394323950721412,0.548513440976212,13807.287061634273,951.9637868028473,787.2123092183384,-164.75147758450885
970057,1,0.03561193746765279,0.05395413717871682,0.5359642365060893,11327.861440801393,216.21177474669736,327.5732965928409,111.36152184614355
971239,1,0.048321437541455674,0.06322468610122711,0.5208084877349521,7978.2427389746845,200.78217058449056,262.7072031753349,61.925032590844324
9715395,1,0.05161252647196853,0.05681026266554304,0.5276607919738118,13459.96671403883,366.56747624805513,403.4833408437669,36.91586459571175
9745139,1,0.3616978166055153,0.3386688313795007,0.7150266567498588,10549.966562925085,2728.4701273042547,2554.7508086724765,-173.71931863177815
977241,1,0.28555751140062136,0.4282721478925872,0.7276546863388944,12638.075882837878,2626.03117693306,3938.45711521204,1312.42593827898
977792,1,0.06751827086385581,0.10445156357499487,0.5235458788036259,11958.190998909935,422.70904673727176,653.9358947451897,231.2268480079179
9784890,1,0.2449522685135583,0.2599387028810428,0.6971903390454687,14763.277571806724,2521.248260113473,2675.5008490101286,154.25258889665565
9785433,1,0.2322855849452924,0.29093084242133144,0.7081338820571571,15929.670186831423,2620.2601869657874,3281.7985831388173,661.5383961730299
9797458,1,0.09752016271011227,0.4270358801302202,0.5718615644575648,18667.93982384577,1041.0742806578144,4558.811833027691,3517.7375523698765
981922,1,0.09749654741919105,0.12992465415459412,0.5791682436695702,4425.837429756184,249.91333785260306,333.0364494807574,83.12311162815436
9846352,1,0.2797940909012209,0.277992939262733,0.7227821413206709,14947.868761919926,3022.910073005474,3003.4503359772257,-19.459737028248128
9856168,0,0.2654796664521916,0.26081873781368153,0.7723576006842602,6887.231237262389,1412.1939696619602,1387.4006007222943,-24.793368939665925
9874758,1,0.22775190880030413,0.21069697727200987,0.6758844690944616,4237.66457117245,652.3205647208355,603.4723130226822,-48.84825169815326
9875020,1,0.05802105175995241,0.07359528749459238,0.5230738166749478,13763.759080893658,417.7203570114652,529.8464752723014,112.12611826083622
988495,1,0.18180698307825802,0.07551791399508105,0.5857434712156209,5130.233481351579,546.3301236894744,226.93138951623501,-319.39873417323935
991475,1,0.06085637802869387,0.11806550596999835,0.5324887677056664,13303.223623792746,431.0954546067029,836.3544564796248,405.2590018729219
995515,1,0.04187439616813504,0.05865203318630152,0.5128641501056282,7070.45663180534,151.84425414413968,212.68304854956736,60.83879440542768
999276,1,0.07851479637939433,0.16112765796661158,0.5304944343197108,2401.2680637985886,100.01680694378967,205.25397254142226,105.23716559763258
1001397,1,0.22982768067175222,0.1476388929534624,0.7132868591385396,17733.58248588754,2907.120521287972,1867.5037497256592,-1039.616771562313
1003568,1,0.1715419640501881,0.13454830502771456,0.5822107807180493,11265.4912893974,1125.1249547187035,882.4875967812477,-242.63735793745582
10090521,1,0.17620621052873664,0.16448930867201955,0.5815917925600561,15599.854678364165,1598.6744465555971,1492.369955159259,-106.30449139633811
10106575,1,0.15268455663558775,0.18517052285765756,0.6592506495982399,16531.686736212956,1664.0364911673921,2018.0856133282882,354.0491221608961
10109614,1,0.09199616910239396,0.0866540233342446,0.5344852263654182,5886.001247182612,289.4181732968862,272.611885765689,-16.8062875311972
10113163,0,0.06532191801479335,0.06640020603287183,0.5159938848760602,14713.528438778572,495.9299262244527,504.1163866577373,8.186460433284594
1012894,1,0.18722735645881516,0.22835514442883156,0.6692081818082413,12733.389174780066,1595.4182666631825,1945.8800017208378,350.46173505765523
10137449,1,0.04985979942298882,0.023833502228315734,0.5242706875873364,13576.998172593347,354.9031575508399,169.647397185963,-185.25576036487692
10138564,1,0.19039429073027256,0.2955504195038443,0.6017573059249126,12192.608854497636,1396.9212844503377,2168.4509028584107,771.529618408073
10145228,1,0.10487435769916417,0.11178279770980942,0.5428808260395876,10978.684907232986,625.0634979031544,666.2386123243075,41.175114421153125
10156268,0,0.10658947391482575,0.216460904305075,0.5559970474321737,11671.239673626176,691.6777279038034,1404.6526450574015,712.9749171535981
1015685,1,0.2992213463608006,0.4756036900573928,0.7031275650294047,6951.3126705617315,1462.492071645851,2324.5889185851547,862.0968469393038
1016028,1,0.26732496335342565,0.3277316221240225,0.7698110911024746,16653.95780174774,3427.213341525476,4201.65095580043,774.4376142749538
10162689,1,0.19383691238871367,0.1583785076937556,0.5807152287209972,13047.566594797609,1468.6868982692492,1200.0213806067527,-268.66551766249654
10163291,1,0.1175294163312533,0.07657183567093162,0.5679188302064925,8669.723061055518,578.6794671984052,377.01666911686624,-201.66279808153894
1017196,1,0.07787438175875822,0.061072536593451736,0.5493899935463312,11781.941758690105,504.0715988127846,395.3152560437663,-108.75634276901832
10224705,1,0.07210028591853164,0.07493712975563004,0.5416921011312836,15010.9119346695,586.2685087864899,609.3357155922309,23.06720680574108
1028819,1,0.04366477018166684,0.01531897928356955,0.5301109158275438,19816.80758552988,458.7030400075465,160.92750146057767,-297.77553854696885
1035255,0,0.10475981575523387,0.10012596782295381,0.5527362281662285,15097.102303231599,874.1908460872982,835.5227039627985,-38.668142124499695
1037793,1,0.11035414461047549,0.12271715860763474,0.5690470065791475,13281.683601954592,834.0458429272343,927.4842948021362,93.43845187490194
1040635,1,0.15320132420035137,0.15761189985189242,0.5939030726141642,8488.087708537469,772.3034054223453,794.5375643849885,22.234158962643164
10424629,1,0.20593668452593655,0.1847239252146048,0.6800055477025175,12476.777588690391,1747.2240773362926,1567.249130663639,-179.97494667265346
1045590,1,0.1848749802474938,0.2034134540364225,0.680457265027994,11440.817066035539,1439.2493345721152,1583.571113695388,144.3217791232728
1053454,0,0.07868033315039781,0.11340456080048865,0.5244226913778758,6257.711917008535,258.20415764033174,372.1581737343458,113.95401609401404
10537698,1,0.12733142890973104,0.12001103197283189,0.5526839390951385,10339.631670534896,727.6416083116512,685.808845997948,-41.832762313703256
1055405,1,0.18654366110156229,0.26691455400079656,0.5760593401273572,14495.389957193973,1557.67776942066,2228.791182968742,671.1134135480818
10558896,1,0.17490504755305175,0.1569801080585168,0.5735144775549106,2751.656391383325,276.02024024038747,247.73262833441754,-28.287611905969925
10585473,1,0.13110827266532105,0.13010109768730213,0.5745543290850592,8397.943762290095,632.607241393365,627.7475466426653,-4.859694750699759
10598301,1,0.15653101778568937,0.17863489990595252,0.5793220657224267,11443.490196339568,1037.71711977758,1184.254063152899,146.5369433753192
10606344,0,0.30134677685234573,0.32516676825673224,0.6744242847292427,13145.89266068199,2671.7131778017283,2882.899060043322,211.18588224159384
10607465,1,0.24436645011929517,0.12966297235244065,0.718443826739235,12699.230186802066,2229.5221567385615,1183.003925568421,-1046.5182311701406
1062454,0,0.32950559115200717,0.2969082238894224,0.7146714489140618,13068.964719428122,3077.587477580365,2773.127547359821,-304.4599302205438
10638389,1,0.2031920367903972,0.30810637904603533,0.6639536334813452,15475.46717835031,2087.7966871783947,3165.7907840866906,1077.994096908296
1064950,0,0.396163111455162,0.27242555305082145,0.7304092049738976,2159.70725920712,624.9354480581515,429.7431541088187,-195.19229394933274
10676714,1,0.09965555690856541,0.15972770326250083,0.5667735747700772,3749.1981565836104,211.76272105130582,339.41281469308115,127.65009364177533
1069761,1,0.10800188643975508,0.11847918715544035,0.5393452301660344,12216.967058293536,711.6420243373744,780.6786656099395,69.03664127256502
10715889,1,0.27791629743425583,0.3290292368880903,0.6944640758723325,14632.281448208569,2824.0725287715945,3343.461458132553,519.3889293609586
10715920,1,0.10323095744766395,0.0863705332041351,0.5536041562478927,15861.374334535003,906.4630633141518,758.4129804084139,-148.0500829057379
1075762,1,0.18810736118576601,0.19717071262398617,0.5862521747198836,2138.53907777977,235.83456000127845,247.19749383382927,11.362933832550823
1077125,1,0.0875878985736531,0.2653216106639822,0.5081814437141099,13616.655225887751,606.0847417641813,1835.954309926874,1229.8695681626928
1078124,1,0.18465963809351427,0.2048241356861516,0.5913489291892536,14201.933384359952,1550.8266876104994,1720.1741494152457,169.34746180474622
1078366,1,0.11537474385635588,0.11247125527672237,0.623044172546844,4381.128750759099,314.9311393912581,307.0056702978495,-7.925469093408594
10786608,1,0.25833086516676507,0.2513688677145812,0.68544088017689,12185.77860355478,2157.742343995043,2099.591349565225,-58.150994429818184
1082785,0,0.24414185245165618,0.30001692207542,0.6789539730054304,13156.5490140658,2180.843782840351,2679.958526916794,499.114744076443
1084162,1,0.1633008462707388,0.179690825620781,0.6398336756935306,2563.986343169421,267.8990892096844,294.78725690945356,26.888167699769156
1086779,0,0.16292980163406154,0.13567911827942924,0.7049629134534183,13678.8604384138,1571.146627992087,1308.365854716046,-262.7807732760409
1091828,0,0.08412902393296406,0.03467122405331154,0.5339162607172068,5300.450831368141,238.0848759207227,98.11945617400464,-139.96541974671806
10935274,0,0.2641673911375041,0.2544601703412441,0.7092737398463147,14366.243496563133,2691.759851229996,2592.847161462027,-98.91268976796891
1093999,1,0.06824412804532806,0.05842210121649582,0.5384230148122175,13575.845692551615,498.8337137242642,427.0391394559632,-71.794574268301
10955503,1,0.08740708842415795,0.08651417093662683,0.5096143448953288,5541.1889944675,246.82620228785018,244.30471991866054,-2.5214823691896413
1096092,0,0.22737923375418972,0.29790304041052545,0.7737856060486537,17699.197554018643,3114.045989447236,4079.8966243215295,965.8506348742935
10974883,1,0.14052891745684346,0.12054852329495504,0.550821081515684,11938.69872824905,924.1303795369028,792.7375703252803,-131.39280921162242
1097760,1,0.05792546808196828,0.04146420248756072,0.5263636086365896,3766.6088968633376,114.84337195719239,82.20717047031708,-32.63620148687531
1100913,0,0.15804349651345867,0.19634889518538579,0.5572740746483683,10211.279646048886,899.3435797864481,1117.3197390510863,217.97615926463823
11034750,1,0.30849337705046614,0.36619785546895567,0.6458694451864042,2714.345255144146,540.8236460624553,641.9860979465179,101.16245188406265
1105228,1,0.08707743577885188,0.05179335020594978,0.5555479423943047,7746.972862005556,374.765159748287,222.90898888120273,-151.85617086708424
1110003,1,0.2076567942305163,0.20875318230903533,0.5891576277377276,10538.131135375477,1289.2621965040398,1296.0692538294225,6.80705732538263
1117254,1,0.3172688596544043,0.348278811880386,0.7598211038215835,14723.754875379156,3549.419884922784,3896.341234787689,346.92134986490464
1120671,1,0.06549900990468473,0.06185044596882628,0.5178177172158913,8699.043207850746,295.0415146754266,278.606490213342,-16.435024462084584
11215570,1,0.04063978182757061,0.024098730536945397,0.5527307248277162,19620.750138772877,440.7380862819225,261.35052652943745,-179.38755975248506
1122841,1,0.13210923206503314,0.09695727454886263,0.5468812973377255,11543.630601492147,834.0050112263559,612.0908553067272,-221.91415591962868
11235994,1,0.26890265958678755,0.27978175857579685,0.7355967175103547,13855.186837526235,2740.610181810085,2851.488108804243,110.87792699415786
11254690,1,0.35099544950487527,0.35163925163493187,0.7282790161492455,14707.553299943309,3759.5833177085847,3766.479212659589,6.895894951004266
11255320,0,0.12256869011639646,0.2114782207849781,0.5588222847382917,10565.655992815657,723.685261358139,1248.6359390395237,524.9506776813847
11255608,1,0.1081087205254168,0.11818289864635889,0.5559614352434421,13731.1487423023,825.3008008424025,902.2069674368707,76.90616659446823
11255870,0,0.1378990803562979,0.18232353400988394,0.5761273995916865,11635.88270713049,924.4410766029414,1222.2515453668325,297.8104687638911
1128361,1,0.1597377900782186,0.12075781684471187,0.5738129430498348,12386.241555732904,1135.3180882135798,858.2723830713513,-277.0457051422285
11305395,1,0.22424864186719945,0.3268785403025406,0.6772834091074801,13315.612601325649,2022.373705953922,2947.9356460938784,925.5619401399565
1135546,1,0.041560121779144844,0.0383304126006218,0.5238644866677078,4210.177040357292,91.66343503764247,84.54011044660186,-7.123324591040614
11355539,1,0.2524922291209341,0.3627577024204056,0.6231298251947841,12450.735814589563,1958.9419802210282,2814.4283663458787,855.4863861248505
11398706,1,0.12233256087418228,0.14307814384520548,0.5885244743524216,14946.380133358038,1076.0751911109026,1258.5597806651967,182.4845895542942
1141114,0,0.13158943340127793,0.1522416909871165,0.5675061860635283,4001.686992264369,298.8372508036813,345.73815857658104,46.90090777289976
11427042,1,0.054646069651633246,0.059065244052362395,0.5503309987380676,21198.328595326253,637.5063682111387,689.0608869653759,51.554518754237165
1147414,1,0.04628741305651009,0.068737286817114,0.5147039205810704,13534.916717921977,322.4600919612948,478.8565695204493,156.3964775591545
1148516,1,0.27238765548474014,0.09720595849675373,0.7609623074923099,15906.765068128021,3297.102388976077,1176.6245331933233,-2120.4778557827535
1157554,1,0.05954359571610791,0.007249174900577574,0.5379661150853815,7236.135231344908,231.79104494906574,28.219555856766263,-203.5714890922995
11626036,0,0.047996540162288805,0.10226131108447285,0.5162977721979563,16598.705887520344,411.32434343634174,876.3666401481397,465.042296711798
11626039,1,0.3445551603812617,0.31757080809866883,0.7824797398560285,15078.26933202811,4065.2134775506242,3746.8402090708055,-318.37326847981876
1163814,1,0.029488193156113264,0.024877706220778735,0.5319717860215407,17718.160812595564,277.94278261357766,234.48635375656696,-43.45642885701071
1163851,1,0.03366006760151645,0.05234432760381896,0.5115646273434901,16947.385772508802,291.82211879752373,453.80873173558274,161.986612938059
11658434,1,0.07872391472046689,0.048861631015583926,0.5334147384301337,14989.638042765706,629.4523212305713,390.68264289294706,-238.76967833762427
11688284,1,0.026964056595666554,0.028425405761572764,0.521044621840852,15753.665314937138,221.33075334360998,233.3260371630357,11.995283819425708
11697159,0,0.415804723209699,0.5007515810956447,0.8055222691196692,12184.877352916666,4081.20238376479,4914.971938428097,833.7695546633072
11704827,1,0.24258585646341255,0.24636957447652574,0.6756769739733652,5796.62602004357,950.123101092534,964.9425878700781,14.81948677754417
11707457,1,0.11232878326250219,0.049141277493147305,0.5703418492610502,14410.58054228314,923.2254569539622,403.8900542783442,-519.335402675618
11715178,1,0.10382462404117654,0.020845122914511363,0.5771681871086902,16136.63889413458,966.9763065508114,194.14219075310862,-772.8341157977028
11716057,1,0.06395464348887883,0.10200559603459111,0.5298237604991135,14000.79679608658,474.4126551933706,756.6729015973299,282.2602464039593
11718581,0,0.16427156160123524,0.15094214645243642,0.6486509099333359,14701.006806753438,1566.4642794503523,1439.3573566632936,-127.10692278705869
1175678,0,0.1572507258228764,0.0698910089133857,0.6338543537319287,18205.50978162886,1814.6170231532972,806.5171965084711,-1008.0998266448261
1181120,1,0.10206006602540159,0.112468465434599,0.5560999787226314,13022.426076840786,739.095612546001,814.470856130985,75.37524358498399
1185910,0,0.29511679302767757,0.30096217369260875,0.6251477853644475,11903.379649161256,2196.0736709764096,2239.5713196306697,43.49764865426005
11885931,1,0.03657974928755077,0.039989212261621894,0.5389366778106092,10516.162778799495,207.31740558545434,226.64069325119712,19.323287665742782
1200459,1,0.1922088133368416,0.13110114072115756,0.7022809410364194,14539.197332096184,1962.5675370898034,1338.6214627103627,-623.9460743794407
1203013,1,0.12755724564694487,0.12788263605587138,0.5462340708814382,13190.395422599617,919.0554893683905,921.3999413828175,2.34445201442702
1204589,1,0.07054705823326676,0.04143984408956489,0.5492191671277794,15835.284597880216,613.5507155971843,360.40405698162493,-253.14665861555937
1207140,0,0.27915754845445157,0.29547338628684827,0.7321251534386458,14970.358320458618,3059.615829959628,3238.440282271368,178.8244523117396
1209190,1,0.17490504755305175,0.19305263397928232,0.5735144775549106,2751.656391383325,276.02024024038747,304.65921455947915,28.638974319091687
1220023,1,0.10610789874830218,0.04154588935687098,0.5937962383850859,7532.0902676956775,474.570428073088,185.81510640915312,-288.75532166393486
1223186,1,0.08461993208893352,0.05100672084201933,0.5471223029851401,13177.320674806026,610.076373050505,367.73836239663353,-242.3380106538715
12247513,1,0.08764760097909444,0.10107324258858606,0.5415431839011347,6370.471660174129,302.3741882361516,348.69111463083766,46.31692639468605
1233072,0,0.23111847514068282,0.20326930131168058,0.6065447061374448,5365.214768337081,752.1155909224741,661.4876226548879,-90.6279682675862
1237167,1,0.0690387820913692,0.04860213604643766,0.5301233926404033,13138.75585671608,480.8662898011904,338.5217428391584,-142.34454696203204
12395385,1,0.12928635498135782,0.060424657830528625,0.588823177069032,11599.31904764441,883.0190678595101,412.6972644633443,-470.32180339616576
12395427,1,0.21628311492954475,0.16846767920319058,0.6791548188502463,6027.180278092212,885.3308218734812,689.6036657168772,-195.727156156604
1239724,1,0.12949952152807126,0.08136022126424915,0.5564422932913469,13282.375926773848,957.1148695496491,601.3232840013429,-355.7915855483062
12398289,1,0.30412964869913606,0.3944198061942873,0.7058855134034735,11858.238532134836,2545.735105531048,3301.514177392339,755.7790718612914
1240466,0,0.1702882665575322,0.0945561474076236,0.5753359767131643,13096.771519145615,1283.1295528854664,712.4847154676128,-570.6448374178536
12415099,1,0.17317571219344374,0.16227939434345795,0.6727545006907651,15793.414440391405,1840.007639749232,1724.2332748849838,-115.77436486424835
12418122,1,0.21921961033570614,0.12462722696977448,0.6013491036852621,11282.135076110115,1487.2958443541368,845.5336476589595,-641.7621966951773
12429456,1,0.11120324844900545,0.1061851123101829,0.5550931202328143,12703.092717603846,784.1385164135072,748.7536343894741,-35.38488202403312
1246578,1,0.07864595262672594,0.1013638759559417,0.5221337244597741,7221.93493816511,296.5593997540425,382.2245036933024,85.6651039392599
12475098,0,0.2985125123089772,0.3162241955879208,0.680504193024577,13400.535190848286,2722.1715365163504,2883.6865085783206,161.51497206197018
12488049,1,0.06928851965982982,0.07570063553551462,0.5382389322237864,7474.534431674311,278.7536340049536,304.55012396870507,25.79648996375147
12498823,1,0.25273758849234007,0.22573508244762905,0.7377154208757585,16463.347573279407,3069.5650847632087,2741.6124828158945,-327.9526019473142
12509086,1,0.059703491224981524,0.046581201299970454,0.5403738222453534,15958.88980276948,514.8689545147186,401.705393123145,-113.16356139157358
12516469,1,0.1021984434592007,0.09423491555299596,0.5626907055554168,8860.171205994626,509.5140177060543,469.81156274425734,-39.702454961796946
12528901,1,0.08149429434818893,0.0886498356121021,0.6081187075161182,21025.303850585544,1041.9763173414499,1133.466213589907,91.48989624845717
12615595,1,0.18047690930042273,0.2082680264683957,0.5906407695590888,14054.783733501297,1498.1980711242759,1728.9012580130616,230.7031868887857
12637058,1,0.15190973473351746,0.22913232737203665,0.5733285256167245,13147.814250492424,1145.0981567066592,1727.2033696582746,582.1052129516154
12675489,1,0.06412895132903453,0.08561952544290426,0.519777924546593,14025.365989397482,467.5049049390281,624.172815453277,156.66791051424894
12677219,0,0.16020332075940188,0.16218520754697177,0.6257365848420343,8047.573059264336,806.7295955740265,816.7097053434798,9.980109769453293
12735859,0,0.11750086202409313,0.18082290578165686,0.54512820926691,10470.413515043578,670.6617581346558,1032.0861125059407,361.42435437128495
1282208,0,0.3266024529001224,0.24190333805991987,0.7430307980728337,15481.961336305634,3757.0955140787814,2782.7529713732506,-974.3425427055308
12866202,0,0.1835622325691896,0.16539182274892558,0.5647854219402153,12166.175252830235,1261.3072080347042,1136.45326308933,-124.85394494537422
1287909,0,0.18717954105689696,0.1980039196690581,0.5941361536793253,10022.832462621736,1114.640526905147,1179.0989127498508,64.4583858447038
12896145,1,0.22608927461822298,0.18979678204928818,0.5824182613390803,5607.688345480469,738.4121144623982,619.8801043872152,-118.53201007518305
12896668,1,0.09882958277492772,0.12270790249423186,0.5323736853255732,12449.911192788753,655.0429790268898,813.3086039937655,158.26562496687563
12907553,1,0.28761516057567915,0.3003674948349668,0.7210675366742063,12797.600429415963,2654.09378159843,2771.771483256073,117.67770165764341
12917490,1,0.06930209604555657,0.07326707906986991,0.5400760221743697,15875.411273731037,594.1912490428691,628.1867318649442,33.99548282207513
12926358,1,0.0374004686670267,0.038282787401095586,0.5344957806568384,17412.639528129304,348.0855020605957,356.297226952605,8.211724892009329
1296462,1,0.13876123073621693,0.09436102222251891,0.5773792677669495,11930.406770323676,955.838633084176,649.9935898453894,-305.8450432387866
12966294,1,0.053163327165569055,0.04989593164004762,0.5098503090748796,15829.432989375407,429.06214398019546,402.69216670158244,-26.36997727861302
12986940,1,0.20172633431728051,0.21692120884688243,0.601761738361357,13780.544281410757,1672.8366638217226,1798.8417454156308,126.00508159390824
13025611,1,0.1610887683482901,0.14638841570595762,0.5727078027894525,15033.936768206153,1386.982816075053,1260.4120022671327,-126.57081380792033
13046648,1,0.12433178947962101,0.16254092006939225,0.5573352683290199,8071.400616444415,559.3035994031701,731.1864650674468,171.88286566427666
1310461,0,0.1135197512707933,0.11192438449480921,0.5479013392221089,11077.056070737122,688.9665657390287,679.2840712264928,-9.682494512535982
1321931,1,0.13464958593102613,0.2646793284939999,0.5976583816632651,17953.706703548414,1444.8147374068135,2840.05770868809,1395.2429712812764
1322028,1,0.054281218735552805,0.07950682791217098,0.5206583005588648,12046.115903384332,340.44693133359726,498.6596877022265,158.21275636862924
1323778,1,0.3200143299324226,0.2672823502964106,0.7641075357317929,14126.652820110976,3454.3248811741582,2885.121029181935,-569.2038519922235
1326704,1,0.16183327459638025,0.18473043445550252,0.5904952741788291,13857.17978311119,1324.2168192603456,1511.5751006419962,187.3582813816506
1327918,1,0.18456120482773058,0.28565301855768127,0.5948241298207152,12543.296378189883,1377.0213652803866,2131.2729832789887,754.2516179986021
1331494,1,0.08699129887201679,0.05790370700230649,0.5574225118000523,18199.82071025338,882.5258375375272,587.4325154509949,-295.09332208653234
1334702,0,0.29404433691627174,0.3450290277392219,0.7486914115400971,15440.95168257903,3399.3018830325423,3988.7108046185294,589.4089215859872
1337237,1,0.11661588409685854,0.03841189883100041,0.5907877096951692,15210.628756571863,1047.9397830509454,345.1790229030884,-702.7607601478569
1341040,1,0.1584892038620885,0.19074179696748172,0.5540623576039229,10102.03083486788,887.0886431637578,1067.6114066024093,180.5227634386515
1345202,1,0.13405406750180177,0.06792354670139827,0.5787866782305073,16150.985648775015,1253.1341164028167,634.947639149093,-618.1864772537238
1356782,1,0.13166431834038533,0.14093039523323028,0.5634884648829875,12178.413227275925,903.5326091194602,967.1200923254225,63.58748320596237
1356818,1,0.08834080560408819,0.06110531062256488,0.5249954428808387,12897.746728295875,598.1784092695196,413.75983902544584,-184.4185702440738
1367370,1,0.12491058834695337,0.24194882934942227,0.5584294044622933,11220.245892802566,782.6541760233806,1515.9824653801033,733.3282893567227
1368716,1,0.2995534453664761,0.3204483653313864,0.8002780954227219,13567.856419737498,3252.568772124436,3479.4470311635237,226.87825903908788
1370031,1,0.22826965434886548,0.1954179188678644,0.5735001747682419,3504.4087669683913,458.7715668504666,392.746837442754,-66.02472940771264
1377634,1,0.04314683846001345,0.04729556138333001,0.5228770696041151,13005.939351512874,293.4203966315051,321.6338178026048,28.213421171099696
1388374,1,0.1130246843341071,0.06061138500356402,0.5472010595700998,12293.339037618243,760.3089303573227,407.72843181150284,-352.5804985458198
1391140,0,0.30602653871831864,0.3556689380612542,0.7666076040084431,15495.999469034428,3635.396676300464,4225.116163802172,589.719487501708
1391333,1,0.3255633238866789,0.27819120190606866,0.5914326969327784,8749.980215364376,1684.7981438433665,1439.6462568616664,-245.15188698170004
1401778,0,0.3198441779222319,0.31436105943141374,0.7139275093213772,6474.764298494567,1478.4836622227638,1453.137879287558,-25.34578293520576
1401907,1,0.09277837480340137,0.015315515816065906,0.5487404279669768,12144.627507791149,618.2981076451238,102.06639711838699,-516.2317105267368
1401921,1,0.08805021876338488,0.07437742966146224,0.550567267227354,13993.11488312851,678.3521828030334,573.0149506807699,-105.33723212226357
1404131,1,0.041806418190067446,0.040592025989302956,0.5015638507491044,12238.70184809434,256.6282978510841,249.17376295194595,-7.454534899138139
1410787,1,0.2666706364661445,0.3407566528118114,0.7142478769495775,16053.572591297472,3057.7068895117977,3907.194203145555,849.4873136337574
1417739,1,0.2244031714330551,0.35546616117868096,0.6026319375696965,13078.618012036965,1768.6544456950433,2801.639576873718,1032.9851311786747
1422293,1,0.403399675491484,0.4489098409619954,0.7751341859238868,12008.022399102723,3754.7750637514537,4178.375886552527,423.60082280107326
1425383,1,0.18371548599212562,0.11219994182472753,0.5580241239817878,4603.419758933828,471.9318821387344,288.22137358344276,-183.71050855529165
1425841,1,0.15160430193453053,0.06296052497958346,0.5673504997682711,9900.022550003952,851.5284266372495,353.635590098705,-497.8928365385445
1428801,1,0.10713569698110968,0.06625646408794408,0.5610457448414744,4119.988227066639,247.64436322913872,153.1519402143461,-94.49242301479262
1431091,1,0.079545400663729,0.03275038612714297,0.5229238279752574,11066.537820874666,460.32575907600335,189.52505397189557,-270.8007051041078
1433696,1,0.2527797124764912,0.24377912211484995,0.7200515880866706,16166.643113673043,2942.5623863926403,2837.788160668506,-104.77422572413434
1455617,1,0.1418531199174601,0.1459953743610501,0.5683704990251374,9941.448267068066,801.530544562795,824.9360464073804,23.4055018445855
1459104,1,0.2772687522036059,0.24395455101884297,0.7676136419149918,15943.252301521858,3393.2865145858846,2985.578726650786,-407.7077879350986
1464506,1,0.10408713932524069,0.0940638881677629,0.5371104224132469,14645.189711415365,818.7581846057806,739.9144487250093,-78.8437358807713
1467608,1,0.15537743621113254,0.18740911335898147,0.5685770158615562,11696.467316402217,1033.3131649162133,1246.33478825052,213.0216233343067
1467895,1,0.3288181106815329,0.33736622230386454,0.7210757976583417,10183.457579563568,2414.526116833494,2477.295283406918,62.76916657342372
1468963,1,0.057199823383402626,0.0036803194161634917,0.5336858992788576,4590.287534594652,140.12651033419687,9.015942466210829,-131.11056786798605
1475348,1,0.14823941058703294,0.14390066812721897,0.5462224990252664,10181.431685435198,824.4078452891168,800.2786794458702,-24.129165843246597
1477839,1,0.31930148244626,0.3229636227911541,0.7643854193122043,13181.818260836477,3217.278441492354,3254.1781298091164,36.89968831676242
1483858,1,0.15172567748426982,0.13508876766984965,0.5748663978091872,12814.627567283114,1117.7173645639043,995.1582611834698,-122.55910338043452
1487463,1,0.1497506325061321,0.21135475108432017,0.5880326954864259,11655.478339331978,1026.3612362449012,1448.5836886215047,422.22245237660354
1489543,1,0.16438173433250228,0.1892885634524434,0.5842259734446665,16819.694127365325,1615.2974698831076,1860.0444803926382,244.74701050953058
1489775,1,0.13144251502776666,0.1006540032909327,0.5869478474126265,16750.091978090968,1292.267942105964,989.5728309065252,-302.6951111994389
1490699,1,0.25510716247874665,0.23770679287625995,0.7734190451831262,17371.251607815455,3427.430247623612,3193.651813039825,-233.7784345837872
1493939,1,0.11004300188665488,0.08661615590870461,0.5631017658295612,11583.524473677851,717.7778279611459,564.9714674135365,-152.80636054760942
1497718,0,0.23359257908177647,0.1898395757885357,0.5976505202018572,10368.390424084071,1447.497045179952,1176.3739502868425,-271.1230948931095
1503679,1,0.18141234296836078,0.16287314086154903,0.6952684300442195,19525.670600915444,2462.7782002319464,2211.0977354340625,-251.68046479788381
1505342,1,0.10588956308965906,0.09663249598018102,0.5520617767222094,11655.612032412444,681.358876745519,621.7931871380243,-59.56568960749462
1506106,1,0.15393501792481082,0.07889701796254504,0.6359785183569946,17768.821393505525,1739.5563245251567,891.5827498714913,-847.9735746536654
1506620,1,0.2414014828562036,0.19211069798886937,0.7550259899876698,18327.420257595666,3340.4361390997647,2658.366098985246,-682.0700401145186
1515659,1,0.3867722165496997,0.2365037858551167,0.7770674954584129,13008.625225516129,3909.717824446245,2390.7173978406736,-1519.0004266055712
1521216,1,0.08717266928374481,0.10022683521883215,0.5536603656925105,16300.611578151114,786.7335640903553,904.547445169402,117.81388107904661
1522736,1,0.12078197745374716,0.15344218920291153,0.565940639312485,12762.583477299611,872.3918756002892,1108.2921645839428,235.9002889836537
1523343,1,0.12353943563139096,0.08786552095155992,0.5656860310069395,15055.069007038479,1052.116467067875,748.3016334675862,-303.8148336002888
1523661,1,0.08580800835527917,0.08056518848552285,0.5512347807175861,10074.311261796869,476.5185360315288,447.40352803985814,-29.115007991670666
1525066,1,0.14875478819345633,0.15501513106169573,0.6053521059576958,13465.990839640896,1212.5993363989546,1263.6315599653283,51.03222356637366
1539376,1,0.2563624855394379,0.2557376541164338,0.6292836698198245,10051.124001518312,1621.4948225657442,1617.5427586931944,-3.952063872549843
1542226,1,0.15470645341212247,0.11013173900405279,0.5682306707832735,13134.687543551372,1154.6566141330275,821.9717927877826,-332.6848213452448
1543346,1,0.10717037537701689,0.039362039184890306,0.5469823768875898,12419.840735185084,728.0548725109567,267.403415540078,-460.65145697087866
1544635,1,0.11828940866051292,0.15514619762235016,0.5614069930178711,14167.81443189974,940.8633220133261,1234.0189079111371,293.1555858978111
1547832,0,0.3476348902499657,0.31498066277858117,0.7103413969251675,14936.403261121948,3688.387259454569,3341.9276837595544,-346.4595756950148
1549878,1,0.19667185385785546,0.1869452682025603,0.5943638140443709,6042.941170981003,706.3873914746846,671.4523596731088,-34.93503180157575
1551127,1,0.0908452878255172,0.0487051986812394,0.590696911430711,17185.01998276877,922.1830739608596,494.4132041719803,-427.7698697888793
1551338,1,0.126299294337145,0.1179141963499644,0.5507914104594426,14614.23402887813,1016.6328544806305,949.1378922439324,-67.49496223669814
1555664,1,0.10035481427109837,0.10439184586158003,0.5445168198351997,16022.315321818307,875.5375673321803,910.7583272294104,35.220759897230096
1557815,1,0.079136828303738,0.11691950433754267,0.5485496168359731,10694.496172743793,464.25317846118065,685.9038032769639,221.65062481578326
1560347,1,0.24123163949543036,0.5392023663742973,0.6129181934813901,13338.752030638787,1972.204658770607,4408.283346279994,2436.0786875093863
1561136,0,0.22504494394013516,0.4526102170419911,0.5957600656848455,12504.985785236973,1676.578340437689,3371.9330604257602,1695.3547199880713
1562719,1,0.1027049467388576,0.15056120910894974,0.5498310800400401,14175.132175789673,800.474984151721,1173.463258608093,372.988274456372
1572060,0,0.17100572208571385,0.1532604833711594,0.5764918455613919,5351.302272248087,527.549595579698,472.8058513754187,-54.743744204279324
1576115,1,0.16481316035924704,0.15798285171858317,0.5558219087717099,13060.041574213516,1196.3881643625878,1146.8065629976136,-49.581601364974176
1578063,1,0.07420098109080256,0.07031327013070196,0.5251540593199496,13358.76839033447,520.5504121749264,493.2765202000911,-27.273891974835237
1583886,1,0.05132743889513106,0.0506914335438978,0.5229593415264753,7013.293941379059,188.25198367787513,185.91932746948672,-2.332656208388414
1584924,1,0.12686462944282234,0.10553118136131251,0.6222010851411973,20405.51916083799,1610.715982821611,1339.859354425673,-270.85662839593806
1586741,1,0.11000889450731471,0.09737537787028157,0.5600883883363851,13190.27907989158,812.7151468207134,719.3822361091562,-93.33291071155713
1589939,1,0.26796773836554316,0.17124442365255116,0.7827139879865171,17676.59681645924,3707.526486720674,2369.2898267065716,-1338.2366600141022
1593667,0,0.11124843853239023,0.044137276638891686,0.5747958683052317,16185.477210021389,1034.9826518666055,410.6243307728753,-624.3583210937302
1597923,1,0.09733132793646672,0.082908806884581,0.5771885778175866,18458.689973118853,1036.9820822364336,883.322451482749,-153.6596307536846
1601315,1,0.04884785399835654,0.04889066973207025,0.5211735554056962,7931.50789484781,201.92199155944115,202.09897862261576,0.17698706317460733
1604779,1,0.06955397306293516,0.08571317998384569,0.5363247278452108,6848.249420452055,255.46377959208846,314.8146964906987,59.35091689861022
1606297,1,0.1194612889161047,0.14210513585161347,0.5347583707419192,10787.97846484505,689.1676108376611,819.7990985296921,130.631487692031
1614478,1,0.19127600494425936,0.1293005589012729,0.5856084105195939,5351.509955162517,599.4378135206471,405.2136301015045,-194.22418341914255
1616914,1,0.35800678300423716,0.4894354904334927,0.7781347967889123,11622.857742276006,3237.8670634745636,4426.528013999584,1188.6609505250203
1617775,1,0.1980676797093808,0.18172801212706516,0.6101101386513177,13961.97457427002,1687.208283111539,1548.021402502737,-139.18688060880208
1620448,1,0.12864225981967858,0.13655622445736523,0.5840377138566751,13729.427782826016,1031.5184253855398,1094.9765794405623,63.45815405502253
1622207,1,0.11319392456181218,0.11170107524799736,0.5680825469674684,14073.658288557739,904.9853867686319,893.0500570335786,-11.935329735053301
1624902,1,0.2944350856051513,0.17880047966393672,0.735919137523766,13243.472844836706,2869.601182197758,1742.611845210686,-1126.9893369870722
1637091,0,0.3173285955671212,0.34254463884813674,0.7786735371023469,14013.677234128889,3462.7149004391085,3737.8743724155984,275.15947197648984
1637229,1,0.3307235416578882,0.38122301489951316,0.743016283040666,14068.880911351736,3457.1879842935555,3985.0795617389185,527.891577445363
1691450,1,0.16278142939264295,0.2056940463217127,0.5918123865583889,16380.715169917801,1578.053661278665,1994.0618786326522,416.0082173539872
1693901,1,0.40262461491697377,0.49889233555143586,0.7765386502490659,10554.867244599884,3300.0169779350126,4089.052473408483,789.0354954734703
1704971,1,0.05888926162243969,0.28801658433164246,0.5669575428252063,14898.66035758071,497.432167322882,2432.849552225157,1935.417384902275
1734721,1,0.07175210814369251,0.07866672155696576,0.5663507804454782,16904.56355972667,686.9484240827032,753.1483297060579,66.19990562335465
1815701,1,0.21650154346454836,0.243870338550206,0.6135777677241686,13314.288845696814,1768.67723673494,1992.2625474456336,223.58531071069365
1826413,0,0.13795270184383665,0.14855777440925075,0.5879406563654397,12304.45594076765,997.9898379072528,1074.7100072775715,76.72016937031879
1826524,1,0.04971354548567779,0.013844841677207948,0.5678846568183828,19644.127014486967,554.5843449048779,154.44749266732845,-400.1368522375494
1855332,1,0.07224779207466034,0.16843744609347408,0.5533404579833334,9410.210809368886,376.1978916575759,877.062264146007,500.8643724884311
1945047,1,0.08185641944584976,0.09066337871179525,0.5429149055114275,8725.375687836031,387.76503371707037,429.4848020605093,41.71976834343894
1955493,0,0.23071820469448012,0.2560760888805999,0.5947021216274941,3884.4019524845444,532.9733763833217,591.5516631314799,58.578286748158234
2005162,0,0.09024380056838155,0.09398241891155994,0.5502659531443287,14628.36369623055,726.4166146595298,756.510587467089,30.093972807559112
2015188,1,0.08522613674347518,0.08808488776573684,0.531384234409518,13118.782094650269,594.1211132926124,614.0497925085281,19.928679215915622
2075036,1,0.14454093235964158,0.12234564179140026,0.5674796522613711,5966.46129461186,489.3932481515687,414.2434261078552,-75.14982204371347
2078288,0,0.167757836929644,0.1773353064517181,0.5912893720770197,12136.762064090879,1203.8870104016314,1272.618172898548,68.73116249691657
2087531,1,0.03432437016981722,0.014435771235806286,0.5346744276965075,16366.236020630391,300.35910401115245,126.32177349926977,-174.0373305118827
2090289,0,0.0986210878135896,0.11249182366491632,0.5490849672185737,12650.06031756633,685.017929408243,781.363477433472,96.34554802522894
209349,0,0.11623365973718713,0.16068795243715608,0.5727798677302449,5836.271187449745,388.5573429164772,537.1635374713669,148.60619455488973
2093721,1,0.07414398269720884,0.06372831291862457,0.5479329979273668,8499.695255687526,345.30806457668575,296.79954585844047,-48.508518718245284
213427,1,0.1518144255887782,0.10248374885758901,0.5803588936242955,3009.7436910833258,265.17904216163697,179.01159427894345,-86.16744788269352
2286765,1,0.1382290332827207,0.046521533070307555,0.6653946002829976,16555.071583208606,1522.6833746302934,512.465169481336,-1010.2182051489574
2300283,1,0.1188402085298712,0.1451169628711865,0.5688581258603643,15626.481259454566,1056.4004238618522,1289.981084542887,233.58066068103471
2301085,1,0.06542563341662928,0.08762177700865156,0.5673880601468017,19512.904483477938,724.3526396127426,970.0947801239614,245.74214051121885
2305930,1,0.17238715454955988,0.13283660486978405,0.5601043438189975,12142.24764772438,1172.392221316313,903.4118734794157,-268.9803478368973
2309518,1,0.4627748763435372,0.6440689633465599,0.7626425331365632,10595.78606621483,3739.5898907933115,5204.590628028287,1465.0007372349755
2309848,1,0.05469308624555456,0.1107378747816052,0.5341955589747299,16581.266678437132,484.4516149511212,980.8761208563925,496.4245059052713
2375345,1,0.2593974886616813,0.23465718786979348,0.6428664804654568,2501.8510584872565,417.2035551635172,377.41233937556296,-39.79121578795423
2378814,0,0.0391204394944397,0.02979167321660273,0.5387632828397703,16195.537912375294,341.3477879244457,259.9490670983053,-81.39872082614039
2381696,1,0.2551003275535111,0.28290440047865506,0.7122986576268605,13358.401366388922,2427.3233310004302,2691.883849425803,264.5605184253727
238587,1,0.1528957131201157,0.08970357844879624,0.5717251691305063,5336.112194874093,466.45265867492265,273.66674844064346,-192.78591023427919
2435340,0,0.13426810060613625,0.12849485209622352,0.6037860601813009,4806.663747766458,389.6724206206534,372.91731861543843,-16.75510200521495
2477198,1,0.08859395238395339,0.09237616969544617,0.5521641663872564,14771.9402679078,722.6197694396105,753.469561418148,30.849791978537496
2487020,1,0.07958876441653816,0.042551016537389255,0.5331151798947771,16166.855305581921,685.9593223741108,366.73853004623277,-319.22079232787803
2584873,1,0.07097552987017092,0.2643909405253963,0.5393952694206894,14243.707626388536,545.3041806742806,2031.3125589147014,1486.0083782404208
2604630,1,0.15006775300281808,0.1962640133449481,0.588606430746942,4588.09855117059,405.27061951447007,530.0275154730256,124.7568959585555
2604813,1,0.20929006171122824,0.1106027667548778,0.5822757829881469,14450.707345505587,1761.028724643954,930.64452123474,-830.3842034092141
2635848,1,0.06120416710872643,0.05902449448048051,0.5464511208907544,14800.524466530465,495.00480948034783,477.37613344334375,-17.628676037004084
277875,1,0.27372303190597336,0.2802278018068171,0.6652758980946037,11099.454547159381,2021.225500581773,2069.2580198310793,48.03251924930623
282745,1,0.2896015731289959,0.3161112585301167,0.6785162779018055,533.7047214707181,104.87264765874627,114.47252954674141,9.599881887995139
2836728,0,0.18220730851072856,0.26307170585128103,0.627242567096841,16157.894865315811,1846.6563957230874,2666.2105494821376,819.5541537590502
2906805,1,0.1188406365577619,0.052269153054025436,0.5657222850452196,15904.753351548607,1069.289235478513,470.3007685513598,-598.9884669271532
3004895,1,0.10052672608909645,0.09118330728208517,0.5233081208535683,12920.410526835227,679.6969578184875,616.5227793107639,-63.17417850772358
3097571,1,0.3768084810906696,0.39206674456817264,0.7718017998018544,13582.524944064422,3950.0897875061114,4110.042425947546,159.95263844143437
3107880,0,0.07520529700179085,0.09706969692614562,0.562066133939661,16528.456639662865,698.6636560037502,901.7858055926822,203.12214958893196
3146848,1,0.2763094643035364,0.2509744354354666,0.6578736884990267,10012.0369515872,1819.9553021415177,1653.0821903768767,-166.87311176464095
3153825,1,0.1674568284797878,0.12238780804594886,0.5791120740050293,6138.922282180959,595.3297924024716,435.1038355260783,-160.22595687639335
3156092,1,0.2111998529500418,0.22341422104732314,0.5909452164591538,11146.560989091686,1391.1748879162083,1471.631014809072,80.45612689286372
3157029,1,0.2947353599014887,0.29624046322853304,0.6081242511667996,12998.706270888955,2329.8324779533646,2341.7300616541993,11.89758370083473
3163588,1,0.07237793167943361,0.06497777069443464,0.525120356981122,17542.529385738395,666.7411128121271,598.5712790569977,-68.16983375512939
3174838,1,0.05581738348741278,0.08206826233673248,0.5147279056838592,14943.568066889486,429.34014094519915,631.2585276722275,201.91838672702835
3188768,0,0.10461313913842248,0.1251657113178455,0.5544058638786961,14673.247368691442,851.0210225268266,1018.2148486153986,167.193826088572
3195996,1,0.13029184589922976,0.0794457232785696,0.5562224233126069,14510.124562151872,1051.5668104641866,641.1950437610591,-410.3717667031275
3196741,0,0.33886890855819707,0.3930327839613882,0.6399935120869864,10112.560709387537,2193.1505096133533,2543.6976620463183,350.54715243296505
3215330,1,0.2489661403428199,0.17558281391542288,0.5743001271162225,11446.92389830878,1636.6959002567962,1154.2761248385655,-482.41977541823076
3218184,1,0.31775975481992935,0.29426721909712733,0.6685193849887229,10203.192099424623,2167.449362908097,2007.2060318596514,-160.24333104844573
3220406,1,0.09381811095311805,0.09862328173029258,0.5541888643012766,16303.93202116459,847.6895608570833,891.1064775330314,43.41691667594807
3221401,1,0.22064909765828128,0.13540638767944355,0.6111256376654015,13009.127640640283,1754.2069770872324,1076.5094103277138,-677.6975667595186
3264875,1,0.20725081689896274,0.22053637089948638,0.6878212279430108,16471.259304237145,2348.0029080131376,2498.5186931596095,150.5157851464719
3288503,0,0.49194162983066414,0.6000640325057587,0.7894262608648105,11134.851915138726,4324.2380180007685,5274.64956256993,950.4115445691614
3289155,1,0.23551593393340328,0.09499524078789238,0.681864737571662,15486.61177280109,2486.9951469781417,1003.1283186653242,-1483.8668283128177
3289958,1,0.10288621617121799,0.029366411420285156,0.5623908868613505,13236.14231975596,765.8732454071837,218.60021349203947,-547.2730319151442
3290258,0,0.14411302131909437,0.16366183013217936,0.5657230818850367,12787.947334514483,1042.5765703074237,1184.0011956423814,141.42462533495768
3293482,0,0.1432295819767989,0.20527727630747228,0.5877714905258661,14081.562701098508,1185.4741675620858,1699.026869249903,513.5527016878173
3294532,1,0.06723412082435822,0.023022219513707285,0.5382155995429944,15864.399896755262,574.0763556723531,196.57447313760082,-377.50188253475227
3297917,1,0.09409148478767283,0.09179248979161453,0.5628261362179545,8870.543126872783,469.75865486763126,458.2807533409114,-11.477901526719847
3298373,1,0.20097361115789644,0.27395708330676816,0.6215874278696059,13967.120635886651,1744.8100024563391,2378.436932308824,633.6269298524849
3301209,1,0.04207194724001897,0.033282091947382485,0.5438397648436687,18365.62852967393,420.21288832365354,332.42017315899017,-87.79271516466338
3350385,1,0.06987340205877458,0.1582447472001154,0.5432169864912162,18249.281899700283,692.6773884503943,1568.7308045251223,876.0534160747279
3354901,1,0.11967489250415357,0.13724401238511544,0.5691850983485143,15513.942163014315,1056.765765252194,1211.906447038625,155.14068178643106
3358789,1,0.07435090383080362,0.07820532847994235,0.5614716377233996,19305.137460213693,805.910796206157,847.6900117618001,41.77921555564308
3365852,1,0.04040378999221942,0.038617382792813765,0.5334927206674557,20767.764601310046,447.65182110309314,427.8594096436827,-19.79241145941046
3365953,0,0.2779701895482721,0.35332855183796164,0.8044281077066341,17575.519573401998,3930.009795385925,4995.44455457362,1065.434759187695
3366503,1,0.43585039134818593,0.4938188667481686,0.7899899975106861,10553.94207510685,3633.90641827558,4117.219084720714,483.3126664451338
3373276,1,0.12664672149560458,0.1022286658186794,0.5689635373833924,4279.351146727614,308.3587746472786,248.90582048559514,-59.452954161683465
3377083,1,0.15590159294615819,0.16868286933033338,0.5398428714357182,14265.56157143909,1200.6233798973603,1299.054056337404,98.43067644004373
3378784,1,0.06338218460490756,0.06307890809143152,0.544677144560345,20299.470929453077,700.7951297187984,697.4419050717318,-3.353224647066668
3379310,0,0.1073746565875052,0.14838823215094626,0.5917844546381282,11551.699858149432,734.0256509171926,1014.3992274777113,280.3735765605187
3379574,0,0.0960035158349256,0.10261392871544123,0.5632951897694211,16008.932899557552,865.7361749211838,925.347258036802,59.61108311561827
3383587,1,0.21353220955065155,0.24924583158981875,0.6839011688434307,8946.794938835861,1306.5445520164574,1525.066331031629,218.52177901517166
3444917,1,0.08914571154569867,0.07086200984375686,0.5748874187071336,7136.6971606849775,365.74679433538853,290.7324703693765,-75.01432396601206
3495257,1,0.0884459397268554,0.10946683462917624,0.5971287520456945,21021.239398276317,1110.207615238653,1374.0700115426619,263.8623963040088
3496129,1,0.11101237785462297,0.14620408691896042,0.5496945319716172,13245.697849142638,808.2908567050309,1064.5247760052557,256.2339193002248
350958,1,0.17179894202672485,0.11969892134235678,0.5821423729924016,4872.662731664726,487.3220348907474,339.53597871231807,-147.7860561784293
351335,1,0.11931095813913078,0.17140901468721928,0.5767533093645613,6141.441660042676,422.61096323225814,607.147322705976,184.53635947371782
352645,0,0.21275548514666442,0.06604354273868454,0.6477856112101625,3413.155775132115,470.40093091122196,146.0218238958026,-324.3791070154193
3527987,1,0.30325296838064053,0.28267005756342267,0.7751214412497877,14747.575578175081,3466.533819789221,3231.2472310425233,-235.28658874669782
3529424,1,0.07516280650081836,0.07404427658513288,0.5380770694874907,17204.117850661933,695.7927215003918,685.4383320044923,-10.354389495899568
3536878,1,0.12215621184634946,0.09488383155259777,0.5770193436221759,13462.596636976099,948.9312798735849,737.0745568614075,-211.85672301217744
3594686,0,0.0794651516565242,0.06463367696834603,0.5626110373398766,17064.801281069616,762.9326477205334,620.5379499496039,-142.3946977709295
3594699,0,0.09858742739539644,0.10142994462308784,0.5911863649509387,18788.92798766574,1095.0852891317638,1126.65928271681,31.573993585046082
3594973,1,0.030208193370506158,0.03389746679215998,0.5463086166982085,14887.242273946425,245.68410465829683,275.689071400983,30.00496674268615
3605337,0,0.1627940631863202,0.5100716184842672,0.6908834618974723,17204.501359320377,1935.0199620008432,6062.86706344752,4127.847101446677
3624985,0,0.24058858020393567,0.22185428108593885,0.6022641657475548,2795.9088797453715,405.1212708718036,373.5750392878191,-31.54623158398448
3629136,1,0.07332150547624645,0.06331514270019349,0.5536869021785534,16155.78263823002,655.8788479413331,566.3694789368078,-89.5093690045253
362937,1,0.08793649256599319,0.05483309802474288,0.5531779765549731,13250.897884145414,644.5837132078841,401.9323593666857,-242.6513538411984
3638384,0,0.19448065807146253,0.1908423764210465,0.695883540289978,18030.557082412528,2440.181469329659,2394.531338609282,-45.65013072037709
3639169,1,0.21495670528222624,0.4560712034967519,0.6165352237570393,5362.862328520874,710.7314586494111,1507.9508744965904,797.2194158471792
364645,1,0.11813349337391624,0.05556218942164283,0.5378945485892296,2586.1201302016116,164.330767845858,77.29033477369084,-87.04043307216715
3665371,1,0.11767763381409545,0.0854760838023771,0.5673879426975915,14328.610132328862,956.7051151055135,694.9103575800028,-261.7947575255107
3675456,1,0.2579658303655182,0.22346051039349785,0.5852052896740132,11210.870232980595,1692.4262496714393,1466.0485577452869,-226.37769192615247
372600,0,0.05888542740791372,0.9069464754313684,0.5535297959376998,18382.9060753971,599.1878568354842,9228.62138901933,8629.433532183846
3732882,1,0.23203029061453537,0.2740624658545581,0.6442801652911389,12563.05707485732,1878.0829855163042,2218.2968125707503,340.213827054446
373971,1,0.10600638744198079,0.3764549974324139,0.5643067765088131,13994.313147844223,837.1415308199705,2972.8973926961166,2135.755861876146
3774638,0,0.211862368854309,0.24094261214439439,0.6105743643920108,11972.998587933942,1548.7999330175553,1761.3883181252036,212.58838510764826
3806517,1,0.09489031303674378,0.0886931137201381,0.5705306634116178,16351.95435711489,885.259378267492,827.4439001807698,-57.81547808672224
3809693,1,0.1157196945163405,0.1224187136090669,0.66342211041456,17643.73146834975,1354.5269782945647,1432.9406150323198,78.41363673775504
382802,1,0.28983664882660143,0.3461414772419631,0.6196388523391884,8624.603899637983,1548.9275305683782,1849.8283972791928,300.9008667108146
3847341,1,0.048825683766282615,0.049791426392799175,0.5619999465466419,20839.189826527698,571.8280287494192,583.1384428553167,11.310414105897507
385809,1,0.1607074760894419,0.16512530731274178,0.597650087769929,14060.823567615364,1350.497631958018,1387.6226665278857,37.125034569867694
389957,0,0.21699051833948332,0.21239548714951278,0.6325333172256746,11614.972979581878,1594.1983928451264,1560.4393539977993,-33.75903884732702
391804,1,0.11461329195810484,0.02237967280273968,0.518572441149836,10336.549252993842,614.3558499880729,119.96063172330713,-494.3952182647658
3919543,1,0.27642128027547463,0.2325723470211842,0.6086663684413653,12496.023722575814,2102.4352082514492,1768.9241955457194,-333.51101270572985
3931511,1,0.14746406177344243,0.077103021264903,0.6405692786761562,13305.159812722033,1256.8180049551522,657.1395375711948,-599.6784673839575
395539,1,0.143228750801491,0.19895214987236887,0.6042641635602697,6072.222643984158,525.538733290563,730.0005078887453,204.4617745981824
398358,1,0.18315253326868935,0.18451481577400916,0.576919898163962,11183.94343726296,1181.744011310857,1190.533784313961,8.789773003103846
403366,1,0.16055258159592864,0.2027108550189843,0.5757793386739913,5310.203031313753,490.8903514323393,619.789491207674,128.89913977533473
405243,1,0.15918029164512,0.011051016018340127,0.6013130672883276,11859.270089985284,1135.1360015976559,78.80627687639267,-1056.3297247212631
412345,1,0.1213504404682554,0.17275219591067095,0.5569311379384504,7758.087047884368,524.3213052111,746.4139107238038,222.0926055127038
4175905,1,0.0825263106776524,0.10897964452373321,0.5877432863469311,18022.23694396922,874.1557179287568,1154.361301456578,280.2055835278213
418558,1,0.2617206579306858,0.5211565247599238,0.6596118895933556,13981.248527175429,2413.639665283869,4806.208535190162,2392.5688699062935
423668,1,0.11675862072696377,0.23395463847507816,0.5583026905044485,13188.077161388652,859.6865976746705,1722.5937229181388,862.9071252434684
424206,1,0.19686006307229204,0.22992816206046357,0.5994189005557082,2814.8740728609537,332.15976422563807,387.9551947049403,55.79543047930224
4255372,1,0.08047628593480358,0.02675074337827023,0.5607488732682484,17345.036200488183,782.7292172844241,260.18333454420315,-522.5458827402209
4276343,1,0.06032672926959833,0.04577031783397695,0.5300444583271273,7020.608744211488,224.48992185193268,170.32209765208808,-54.1678241998446
4276540,1,0.09763699948463217,0.09668544839390353,0.5604808749623731,17465.162668170236,955.7578140652489,946.4431854383281,-9.314628626920808
4278673,1,0.27262412650119583,0.1828569810641482,0.6180207247415699,11821.005002035958,1991.6899282041393,1335.8847295038704,-655.8051987002689
428839,1,0.13639401022907846,0.12409679853632573,0.5873982953538338,18296.49482055349,1465.8714200253846,1333.7092295000625,-132.1621905253221
4310051,1,0.11285746887062573,0.05416950771908088,0.5501246858494551,14559.274971892379,903.9224812328521,433.86615271980656,-470.0563285130455
434985,1,0.10119275693100234,0.05882142505143311,0.559460392176658,14666.791656314252,830.336055092835,482.6585569305928,-347.67749816224216
435440,1,0.18897860591403395,0.0256953538546549,0.6099092219410612,9869.504231244055,1137.557029475871,154.673224838632,-982.8838046372391
435953,1,0.17317375485833553,0.0001084401447136344,0.5975517964458814,13787.993768269862,1426.7855703967177,0.8934427382238987,-1425.8921276584938
4414564,1,0.25656525258171936,0.3106904951435112,0.6230180823455164,2733.5958491513093,436.95105899011105,529.1306578153212,92.17959882521018
4425447,1,0.19786703712668569,0.4761948943003563,0.574674739505329,3805.7297801525456,432.7464431150481,1041.4652674365702,608.7188243215221
445442,1,0.13652233137175057,0.1843564642945634,0.5961942397550751,15144.511987352995,1232.6697972057875,1664.5675705372446,431.8977733314571
446211,1,0.251913650899779,0.13061098021523954,0.6012421511872069,9716.919674517469,1471.7353947950326,763.0583013070468,-708.6770934879858
449299,0,0.12717094249577693,0.07920719035297284,0.5917539556825661,11867.46276957308,893.0729546561987,556.241843697073,-336.8311109591257
451877,1,0.18165658988883135,0.12371926500074237,0.632834660530655,12503.020790843308,1437.3295957883304,978.9094976602303,-458.4200981281001
4545114,1,0.4043026115044811,0.15868474558696477,0.7783495848695517,11235.774206380276,3535.771963050629,1387.755256693397,-2148.0167063572317
454927,1,0.13925921206907693,0.11697220322999034,0.5940498487219434,3128.6598663951245,258.8243752731818,217.4021881605393,-41.42218711264246
4558124,1,0.10653997575302529,0.1642426991329937,0.5746885482620752,17830.703931298474,1091.7259300889402,1683.011585125069,591.2856550361287
456408,1,0.08440298062135644,0.07064391788339712,0.5314314888531874,11029.868062091049,494.7381322614919,414.0877458588548,-80.65038640263708
4567070,1,0.32033346482099423,0.27509326727586086,0.7486118540803066,14077.322956961048,3375.818471198003,2899.0568734084904,-476.7615977895125
461571,1,0.1502338433965891,0.0726129023629727,0.6035110192315454,5582.562991237736,506.1585928540814,244.6429090286291,-261.5156838254523
466817,1,0.19270808008769702,0.05340393589036064,0.5726551540899728,10265.681506980538,1132.8721088141895,313.94547360732645,-818.926635206863
4674806,1,0.08752936406136098,0.05328839623023494,0.5845875804056986,6161.7213566758055,315.28652694596923,191.9483084804925,-123.33821846547673
4714656,1,0.056244897288027056,0.09459717665210633,0.5287932763751152,6557.314002811418,195.02713154409597,328.01226251963834,132.98513097554238
475874,1,0.08439455905321344,0.01711511337781378,0.5549174339645008,5373.647770644941,251.658737686678,51.0360842730298,-200.6226534136482
4765475,1,0.24565373558303197,0.1958078301467959,0.7353744501104291,19121.362582061913,3454.225978420348,2753.3246830784196,-700.9012953419283
4765774,1,0.2573339631199155,0.20617135442733195,0.7644222412750651,18114.365960572388,3563.3096217147227,2854.8597396392884,-708.4498820754343
476851,1,0.1640658557439805,0.1549010544363695,0.5994925913088536,2674.2878901005115,263.0329684190927,248.3398143683569,-14.693154050735785
4804886,1,0.19302747204885687,0.19600086156669688,0.5903173365684007,10498.381898057096,1196.2639848247645,1214.691200159933,18.427215335168512
4807520,1,0.16179008865978478,0.32622593324467053,0.5825956663905352,13980.289155486713,1317.7569544404766,2657.0632095762835,1339.3062551358069
484965,1,0.2136924821217357,0.17777586606968326,0.634666785259428,1937.0864640427553,262.7144860807832,218.55843887599482,-44.15604720478839
485273,1,0.0946794482427458,0.1324094555977843,0.5779280550225483,4945.796880019341,270.6236654608258,378.46790280899563,107.84423734816983
490274,1,0.043298966235232585,0.07468137121769425,0.514071523861986,3688.8402469794755,82.10903022439379,141.62035493409027,59.51132470969648
490753,1,0.20491009859456777,0.08457787938111724,0.6359722999481989,13450.80570941174,1752.8706206755985,723.507923440798,-1029.3626972348006
493468,1,0.09236615002592077,0.10809115658357796,0.5580042262085241,12242.394749896634,630.9816204653922,738.4039837098813,107.42236324448913
500101,1,0.08654921329743116,0.09362712157362565,0.5629138114775042,4163.678892961813,202.85338449288523,219.4425318028917,16.589147310006467
500124,1,0.03441946416489664,0.009367347292966868,0.5122010132959077,6988.4978627400105,123.2050119064594,33.530566578051456,-89.67444532840796
5029697,1,0.1824889136436605,0.18413254304278745,0.5721424098751277,11251.11928515452,1174.725390977935,1185.3058320028758,10.58044102494091
504203,1,0.11071345305052811,0.05720723849601369,0.5533891402471294,11983.056426441584,734.1733786988434,379.3579769703386,-354.8154017285048
504870,1,0.07587899444135512,0.0028114280209651527,0.5670817155700947,14375.355011180207,618.565637174001,22.918763986800304,-595.6468731872008
507217,0,0.12902932002447792,0.03735119717361574,0.6133937053090756,15264.077430281479,1208.0872028230112,349.7151136424179,-858.3720891805933
514803,1,0.10970815562303542,0.13103370965362574,0.5709946074475788,15151.795676161237,949.150379714901,1133.6504069992482,184.5000272843472
520090,0,0.12996558024859076,0.03272091624548068,0.5618949667699441,3731.9835270773283,272.5355811659959,68.6151972559877,-203.92038391000818
524725,1,0.07494800231544291,0.04671506494375374,0.5531108474813415,16686.774897373114,691.7427956792559,431.1630547339059,-260.57974094535
525909,1,0.16846811493063057,0.16458121359405442,0.673378072469336,15718.488660431009,1783.1483359177496,1742.0074847065505,-41.140851211199106
526324,1,0.20828452196202535,0.39871152996585135,0.6851548821200888,7944.188297614174,1133.6925273586799,2170.186617018254,1036.494089659574
5344835,0,0.2216053221867595,0.32177597899031707,0.5785324726283628,10470.136817002753,1342.3330519130475,1949.0981879323656,606.7651360193181
5375674,0,0.12406742572657385,0.23742523613759478,0.5797241345436783,13033.75185708942,937.4510513620356,1793.9804580743776,856.5294067123419
539020,0,0.09170963088680376,0.10199510748649084,0.5554245892226215,7769.199045123288,395.74578330343144,440.12971500430564,44.3839317008742
539356,1,0.2760143867468297,0.5277713300147063,0.7099391261570684,12648.115845622617,2478.4414620728776,4739.06582268694,2260.6243606140624
5404716,1,0.13787150048241076,0.10821404023768799,0.534500894810812,11958.241118413465,881.2319706295783,691.6706614113642,-189.5613092182141
5415159,1,0.23692652937806336,0.17661404172531064,0.6240989732206623,13100.55566589302,1937.1215725206905,1444.004059546424,-493.11751297426645
5425643,1,0.10166398643424042,0.04477341291222344,0.5820152317209625,16789.22688326722,993.4183636584762,437.5072447059372,-555.911118952539
5435112,1,0.06680213868481166,0.04429662896039762,0.552541574824364,18009.887481345402,664.7622168074141,440.80512756853574,-223.95708923887838
544681,1,0.1982146229361162,0.01715888771017387,0.6745578312877222,5439.361499247446,727.2819382399766,62.958771290649985,-664.3231669493266
5455297,1,0.23916395182242128,0.1752761634930474,0.6914161512200987,14687.490951868414,2428.7502215168265,1779.9589681744394,-648.7912533423871
553185,1,0.16962023418040473,0.31906187001909275,0.5601853939117075,9664.49053521885,918.3080777472601,1727.3711120340356,809.0630342867755
555319,1,0.07309732057325302,0.04277099534661141,0.543559866663013,6631.541806181684,263.48952416471514,154.174039808151,-109.31548435656413
5594716,1,0.38702071728739845,0.30190638281763943,0.779134494068216,13198.355972802943,3979.847976082147,3104.5922167799845,-875.2557593021625
5608391,1,0.05149593841949681,0.042909896709208584,0.5504542476473042,19751.037509392423,559.8660306872266,466.51822037071344,-93.34781031651318
5617231,1,0.12119697955094914,0.2938771297423404,0.5693233807466566,11884.697776927982,820.0474046105019,1988.4421081490777,1168.3947035385759
5617546,1,0.10080002083444198,0.07417051655829913,0.573134760762469,17831.8701086643,1030.1827254839582,758.0274712847448,-272.15525419921335
5617641,1,0.27496261880616324,0.2780758329236632,0.7017789511289233,16061.213292433182,3099.219550822111,3134.309899105611,35.09034828349968
562456,0,0.21292298732640477,0.26343134221998615,0.5766612547735515,11226.24293530995,1378.4079189062647,1705.385842851665,326.97792394540033
5639321,0,0.3509665130325103,0.3599984292471326,0.7510553650379965,11428.912557760978,3012.6074350364784,3090.1351105565564,77.52767552007799
5686322,1,0.17965626266006585,0.2933011292141493,0.5747088943518931,12002.758969823377,1239.2854886990588,2023.2182717832875,783.9327830842287
5706084,1,0.2489392034331124,0.3526210815494779,0.6195764535281708,10417.043633741992,1606.6921922965043,2275.8710992538495,669.1789069573451
572819,1,0.16090041553953224,0.4417056448086014,0.5979116830082065,4892.726229725724,470.7009999061549,1292.1737211083775,821.4727212022226
5759031,0,0.2863549106748062,0.21767954595034603,0.6871278893789561,13323.160622101115,2621.4976642654715,1992.7942563389279,-628.7034079265436
5773057,0,0.2317646110635345,0.23221341679388754,0.6136475194128882,13180.489323846188,1874.5526353365785,1878.1826544353823,3.630019098803814
5780028,1,0.19047384206627416,0.17293315757073682,0.6288454433275515,7867.434649380183,942.3503681310125,855.5695781163488,-86.7807900146637
5782900,1,0.23552488702101326,0.10644463899964457,0.7290464756349754,16822.633890379537,2888.5907253338064,1305.4883535447611,-1583.1023717890453
5783285,1,0.14674946835169875,0.15705703152202424,0.5683251589790423,15436.948955185573,1287.463385081166,1377.8937649677969,90.43037988663082
5789074,1,0.09380941251088659,0.08398529662136667,0.5369368638039546,14634.923306759854,737.1571611270267,659.9589654890251,-77.19819563800161
581175,1,0.042005810694223725,0.015608896345923424,0.5341574763574455,12758.769268939146,286.27766474993933,106.37762541384032,-179.900039336099
5825205,1,0.16757260342668334,0.15738849943434674,0.6888661641141842,17601.4357563053,2031.8234356514356,1908.3408332474323,-123.48260240400327
5864664,1,0.20210667015634007,0.17745900002798692,0.6936725475212772,17801.09349093681,2495.639410789354,2191.2867790386495,-304.3526317507044
587541,0,0.14598850283933923,0.43915554270421386,0.6595000656858737,8431.250816483962,811.7559992911642,2441.885076418845,1630.1290771276808
591582,1,0.23058325629257917,0.1675997235217107,0.6837365727248926,6496.773218299223,1024.269606391904,744.4916235598297,-279.7779828320744
5956192,1,0.11280938117027373,0.09596741952445188,0.5583565543606396,12761.072208024165,803.792596124618,683.7897742432261,-120.00282188139181
5959637,1,0.09045933069995594,0.10915438113797711,0.67106302087496,17857.888365863168,1084.0436789712528,1308.0808357639182,224.03715679266543
596423,1,0.23300286367636,0.07599618866681414,0.7115890745345591,10905.210880126062,1808.1089600571593,589.7326216965387,-1218.3763383606206
5974609,1,0.10705697580299803,0.11200747074212683,0.5844699147654012,17290.631658737188,1081.902168412266,1131.931147553366,50.02897914109985
5979135,1,0.06125715957739903,0.06651904899283854,0.5291772414403436,17227.29913200123,558.4383150355884,606.4072492684742,47.96893423288577
5979270,1,0.11933798222079847,0.12676066642726033,0.5526516433737124,13162.535294615289,868.0998975967124,922.0947052816648,53.994807684952434
6054762,0,0.21602485728679968,0.20827630809700556,0.6104969257081059,14476.4087216584,1909.1851360955,1840.704984666354,-68.48015142914596
6075229,1,0.28158305783254806,0.2718055201209446,0.7161148229493848,15794.307742210854,3184.8558454789277,3074.266634697258,-110.58921078166986
608470,1,0.05607601467628055,0.09238485718681856,0.5152274396350872,6132.697004793767,177.18527758701202,291.91155362912923,114.7262760421172
6115056,0,0.32568036868128747,0.24636688131406198,0.7846818978650836,15122.044647855875,3864.5215266730643,2923.388106420442,-941.1334202526223
6115630,1,0.1413954681195841,0.07808072430647418,0.5384038211932549,11396.797916441265,867.6138400489812,479.10953547713433,-388.50430457184683
611771,1,0.09632279772469508,0.30699352753884146,0.5438247111703447,14640.423588112182,766.905175118128,2444.2284750720714,1677.3232999539434
6165246,1,0.20925557230520417,0.20898178395002445,0.6770372201665158,15320.229875668336,2170.475351542934,2167.63551855827,-2.8398329846636443
6165630,0,0.16189212225784697,0.18023820664285453,0.6947377430022205,18100.658092345308,2035.827491389149,2266.5333616282005,230.7058702390516
6166317,1,0.03851047253066644,0.026307169865806015,0.5348861894125255,17725.447127016232,365.12152054972836,249.420825857544,-115.70069469218436
6168109,1,0.11222820222259304,0.086404316163088,0.54253821536562,12086.705445156871,735.9363913927157,566.5962688388956,-169.34012255382004
6169631,1,0.21108868058713445,0.21321087891411317,0.6164343440054417,15322.755212849283,1993.8323397878225,2013.8775058479096,20.045166060087013
617034,1,0.04044966959956418,0.0634681010019566,0.5363944433066091,7714.136425772105,167.37344837138969,262.6195722101914,95.24612383880171
6186231,1,0.24532236374334113,0.1624728816840687,0.7024124169343965,13848.327832166797,2386.308877325653,1580.4122949548964,-805.8965823707567
623932,1,0.04584157892280193,0.00440625438471268,0.5299642264778587,7555.581456163052,183.55829481470082,17.6434704123019,-165.91482440239892
6264604,1,0.055584131478687904,0.06312154198107991,0.5666115106938565,17612.27203787731,554.6916162873098,629.9098180108687,75.21820172355888
6288489,1,0.2578516304530085,0.261540951009357,0.6269993186812439,12255.822602176146,1981.4331149097252,2009.7833018332017,28.350186923476485
6295298,0,0.13018760595893822,0.07102431082751955,0.5583510573113839,13731.012810306334,998.1126410699973,544.5238964037104,-453.58874466628686
6305943,1,0.24278629452094588,0.14732427079934235,0.6301596457746206,13278.414794675235,2031.5194576022968,1232.7389538049606,-798.7805037973362
6307246,1,0.2678364706930034,0.27540977648246634,0.758352637553491,16731.446253259783,3398.3992393355834,3494.4918908239115,96.0926514883281
6328783,1,0.12542475855146074,0.1310326134559985,0.5570430711182953,12919.379992261944,902.6382275791633,942.9960027904766,40.35777521131331
6344836,1,0.15156801429306388,0.25518910267453887,0.5416884236856851,11667.853644326586,957.9615726730995,1612.882211773658,654.9206391005584
638309,1,0.044759380396212266,0.04881945648247066,0.5136486290664162,5991.435900982504,137.7466725435324,150.24152761536422,12.494855071831807
6385472,1,0.2412494821065934,0.18209718634488775,0.7042312430103018,14160.429449801124,2405.7921464142455,1815.9126269091764,-589.8795195050691
639387,1,0.16146663748994552,0.18897020916482646,0.6470270689413494,4418.744637592878,461.6407686914798,540.2747835389363,78.63401484745646
646797,1,0.21464414698037138,0.17981939614633957,0.5980782922490787,3294.8019445315294,422.9669208640167,354.34302481399294,-68.62389605002375
6527302,1,0.04877783098493332,0.08354200448699398,0.5503051673637528,20022.42793410361,537.4558750133846,920.5030280210364,383.0471530076518
6535028,1,0.18224657616558318,0.24244998062562065,0.6842597656402453,15186.310786691334,1893.793692686604,2519.390233611967,625.5965409253629
6542766,1,0.050617334501043915,0.056540097279655394,0.5410578133411765,19151.044074771708,524.4878117478027,585.8584255874391,61.37061383963646
6547493,1,0.37530029129495157,0.35003519186666426,0.756593409196204,12428.500543204007,3529.06933456161,3291.4934794527067,-237.5758551089034
6548618,1,0.11909795723095792,0.12861261381653769,0.563991391962844,8201.739026582389,550.9126367674606,594.9246808811453,44.012044113684624
6569248,1,0.2650540192084803,0.48926236560246694,0.7193242320551055,13793.626216174203,2629.889723505104,4854.5050221768415,2224.6152986717375
657631,1,0.13984804723960564,0.08770184266117377,0.5471231183800404,11445.35850641681,875.7313019205013,549.1907135671868,-326.54058835331455
6577518,1,0.1121530935819423,0.15078746601320475,0.5942084723390837,18872.648613795085,1257.7170580742957,1690.9740256967893,433.2569676224937
6578008,0,0.21537862876472944,0.4306106155525098,0.604333820919109,13603.845990443879,1770.6846158376427,3540.163649236076,1769.479033398433
6578443,1,0.10638758047847394,0.07297417351361334,0.5422773772528129,7854.206477439617,453.1215665177873,310.8085705973902,-142.3129959203971
6582123,1,0.1599777234317369,0.11612801387844233,0.5747796726044231,3060.0536922857236,281.3778842141929,204.25253055345198,-77.1253536607409
6604604,0,0.2738122590175785,0.2416913623121317,0.6287516778324019,10565.358608997907,1818.9312640358746,1605.5525663251442,-213.37869771073042
6607596,0,0.26711345630546507,0.18725709814308927,0.702816841583449,14246.097557615718,2674.4460461243652,1874.8924620435187,-799.5535840808466
662414,1,0.0784047283918332,0.10179819400373502,0.5523788480238708,10702.660212375948,463.5227264110003,601.8230965932684,138.30037018226807
662564,1,0.18033722057254983,0.0839629683861625,0.609259690865413,11246.56844861608,1235.6852095501279,575.3210449584728,-660.364164591655
6634735,1,0.07867500458270632,0.08981348567893817,0.5558174447420592,15531.221245204855,679.1638421482294,775.3170442628827,96.15320211465337
665245,1,0.04149902570743465,0.03781679828944299,0.5287526063135235,6313.901390006094,138.5441576950947,126.25107159558073,-12.293086099513971
6654667,1,0.09770483396916167,0.11208569683330201,0.5396787934709637,13235.122115236154,697.8777572323488,800.5961583081839,102.71840107583512
6699014,1,0.14496079488035493,0.09869322043250016,0.6037491021125768,16904.761029454065,1479.5038358427016,1007.2861308609,-472.2177049818016
6699665,1,0.16159988464699077,0.12747204941993756,0.6272295407686616,18475.90590825065,1872.721914079914,1477.226923168105,-395.49499091180905
6707495,1,0.10508046523028625,0.0848057597241812,0.5564601084271099,12432.911362311052,726.9907086918325,586.7217967480235,-140.26891194380903
6708348,1,0.21693794446982134,0.30748213166368504,0.6855660822086244,15700.107640679144,2335.00316665125,3309.5720201371205,974.5688534858705
6709496,0,0.2840840945666436,0.28852141899159806,0.6136103084287834,9984.618189017276,1740.4879788162732,1767.6739774957218,27.18599867944863
6715096,1,0.06972367573585954,0.06649945987066003,0.5124384319571461,7512.278255416478,268.4068738886798,255.99499668933413,-12.411877199345668
6719144,1,0.09082217419606199,0.08111013700917995,0.5495922811790832,15680.005191566175,782.6700604194328,698.9755133648399,-83.69454705459293
6730108,1,0.029815605220213943,0.019871305682517777,0.540870686125331,10039.679974010498,161.9037631381895,107.90454007915763,-53.99922305903188
673352,1,0.02683128254053244,0.011551429867027266,0.5182873469806852,17007.99955730814,236.51858650610959,101.82621200259369,-134.6923745035159
675687,1,0.07546954239558204,0.08878437252288758,0.5431093529162923,15840.976662004889,649.293346703585,763.8459243359363,114.55257763235124
678241,1,0.12461668335235086,0.18528124168145457,0.5940675112478402,15049.000724277274,1114.0884031291541,1656.436980360259,542.3485772311049
6786441,1,0.09512238167779755,0.08831267999999934,0.5284729977598803,13844.567889538457,695.9610311851923,646.1379830428835,-49.82304814230872
680400,0,0.1588222514129076,0.1178568169307237,0.6549899218994872,5231.5757608905815,544.2249959127105,403.85163377173626,-140.37336214097422
6816298,1,0.08418762203695214,0.09898486201417338,0.5275400315183153,13513.476507811949,600.1651238256543,705.653165277982,105.4880414523277
6828316,1,0.27787899531228216,0.2825565048171011,0.6692217260764708,12266.910925876766,2281.1873965942355,2319.586397273835,38.39900067959934
6854956,1,0.08886337781043618,0.10486362396761509,0.6227097871033329,17057.344930231404,943.8868608310403,1113.8378855382045,169.95102470716427
6894803,1,0.2766795031330475,0.25093433604883075,0.7746785286084807,15530.91195777812,3328.8594879572865,3019.1074364071255,-309.752051550161
6896138,1,0.18263652582548484,0.2413126745536082,0.5414883813367252,11445.715485301116,1131.9304052317286,1495.5888602262444,363.65845499451575
6897895,1,0.18534217610736867,0.16418677552185895,0.5855394567165877,5752.013147937407,624.2381305475097,552.986092884846,-71.25203766266372
6915912,0,0.11135357591998976,0.08089663907920264,0.6750886625148328,19559.589877032944,1470.3635461685165,1068.1962220510782,-402.1673241174383
6934924,1,0.22936863661449636,0.12962964281216924,0.6280609211108565,3834.037612658407,552.321785915965,312.1493717818129,-240.17241413415218
6938262,1,0.09274058363307554,0.10005836317979463,0.5459808563511226,18210.543291373306,922.0832706878954,994.8410843038669,72.75781361597149
704521,1,0.12763182642606738,0.14802569298349202,0.5819105280633438,12535.886658976702,931.0441069703011,1079.812559231131,148.76845226082992
7050443,1,0.35529486169026164,0.3380516252086753,0.7024832276740446,12815.999819475828,3198.7284934097506,3043.4872056808645,-155.24128772888616
7052928,1,0.11638984543437907,0.1825082201967798,0.5652547737048459,12341.292424647323,811.9325887717417,1273.1726822340468,461.240093462305
7078962,1,0.3931892851864043,0.3844044120022005,0.7719013639080541,12458.348503817695,3781.150450430927,3696.669696633978,-84.48075379694865
7080734,0,0.21807420425288043,0.2198199302441129,0.595171135188768,10724.629654636512,1391.9654663188926,1403.1084178741949,11.142951555302261
7081185,1,0.22374417022911058,0.22354574961796178,0.6015193664779234,12633.49432342625,1700.29717140604,1698.7893153419488,-1.5078560640911292
7094777,0,0.22953600860602183,0.26823038613801353,0.6849680343373895,15135.033231092693,2379.6030059849168,2780.748158107367,401.1451521224503
7101726,1,0.12080557930182778,0.10468503958452287,0.5619641264031617,12466.644336879477,846.3405603007791,733.4031720150348,-112.9373882857443
710188,1,0.20579776449232912,0.2392442242285444,0.6971764198489149,14926.105832096571,2141.5580906327377,2489.6062661209794,348.04817548824167
710680,1,0.038689300394956834,0.029393677951322635,0.5115975772955615,4585.253702604339,90.75754214667242,68.95182746340421,-21.805714683268206
715695,0,0.12326085789532257,0.061090550699603674,0.5803864994982963,4122.098679423186,294.89056119357497,146.15367024890952,-148.73689094466545
723166,0,0.28179005207437063,0.30021761201511604,0.7281846497429407,3035.3484485471326,622.8389027414038,663.5692306192176,40.73032787781381
72819,1,0.11597481314850594,0.07563676916750506,0.5851814735123848,5841.39756346098,396.43410984157714,258.547476319853,-137.88663352172415
728623,1,0.24835405450220743,0.2110265656320195,0.696013505653731,11941.176886001935,2064.125280738784,1753.8882942805433,-310.23698645824084
7386479,1,0.2528076910659317,0.3107712213211842,0.7828764300934394,16251.095280795107,3216.3709934694657,3953.8177721098464,737.4467786403807
738713,1,0.29897923965115325,0.40340952757672205,0.7022752240106926,11375.034871605538,2388.367301535375,3222.598752730354,834.231451194979
740850,1,0.06396467975185503,0.05343565753726061,0.5291761975439918,15636.436899781853,529.271279264149,442.1496196460937,-87.12165961805533
741903,1,0.05810705380098335,0.06554306899764233,0.5302408274966574,7605.390566418941,234.32765270910903,264.3147863282097,29.98713361910069
7616002,1,0.1132666008267772,0.06483738153012315,0.5650020088526596,14569.137364480133,932.3644314349385,533.7148632059246,-398.6495682290139
761647,1,0.1283724685705639,0.11881029107718016,0.5555394744725555,14481.9116849362,1032.7916332314724,955.8612990203442,-76.93033421112818
7628101,1,0.24423438171040165,0.24246617997220468,0.6899131318100242,15283.795058262953,2575.327218975535,2556.682431811957,-18.644787163577803
7628637,1,0.19419431665843007,0.08251070903890732,0.6506250195579328,13738.341415513043,1735.8075796520125,737.5226866402724,-998.2848930117401
7636890,1,0.06713511299779643,0.07318840701380946,0.5353745491420444,17526.327002558097,629.9387963929264,686.7377586108781,56.798962217951726
7657787,0,0.2672810965166655,0.32503115194479965,0.6173527438539007,4007.7922770223595,661.3126513190305,804.1990834937021,142.88643217467165
7658522,1,0.10761477035217494,0.09093078454949183,0.6637902426504882,18029.55906614739,1287.9169329753104,1088.245570443234,-199.67136253207627
7659712,1,0.12049735985949234,0.11951969766861968,0.558456680356432,14146.062695527708,951.9247101606451,944.201214817953,-7.723495342692104
7659838,1,0.09807204455981955,0.09797911740182107,0.5435491084185515,6217.108353710793,331.41522330265144,331.101194213555,-0.31402908909643656
768159,1,0.07547352224220437,0.029995083388054133,0.5651087997153494,5128.90487447273,218.7516475995092,86.93742806867931,-131.8142195308299
7724983,0,0.09697072825383891,0.07868335319107138,0.5500296079677032,15912.84297806433,848.7396721565161,688.678785795563,-160.06088636095308
7725521,1,0.10504400874362783,0.0970334911409843,0.5651945904220289,12766.085885546428,757.9264190404198,700.1279496765003,-57.79846936391948
781984,1,0.24631543885023197,0.3548337450367856,0.7649318114291678,16978.30918886285,3198.9598883290155,4608.314130436705,1409.35424210769
784764,0,0.3100434429348415,0.20888521683114394,0.7499343853794886,12199.513670050632,2836.536235917695,1911.0563380422345,-925.4798978754607
7854778,1,0.12523264598010436,0.12137934586812815,0.664581974780901,18281.597233812943,1521.5290592254448,1474.7129271505871,-46.816132074857705
790741,1,0.17207943838311404,0.15167732479491164,0.6446642449816243,12429.231894751494,1378.8177144170545,1215.3420784475056,-163.47563596954888
7935071,1,0.11501388375652942,0.08204114568745131,0.5703519139364824,5543.661464135969,363.6552597108294,259.4008059505282,-104.2544537603012
798147,1,0.28442010383226507,0.24375926650351287,0.7162228079244309,13201.403503029602,2689.23368826641,2304.779523232819,-384.4541650335909
802789,1,0.1717285993964149,0.2058429516969745,0.6231128658987661,17446.855219236128,1866.9234188775936,2237.792822422528,370.86940354493436
804920,1,0.12106496423817316,0.09310920905557836,0.6492069925263815,16150.313483191416,1269.3536131283568,976.2404150032014,-293.11319812515535
810509,1,0.28048309220158846,0.011123562335765363,0.7805767520550633,15532.65445959349,3400.6973283652333,134.86684142070783,-3265.8304869445255
811445,1,0.11023822075636952,0.16452956914675743,0.5519438947607898,7291.852056924583,443.6750201390797,662.1810421449852,218.5060220059055
8116137,1,0.12298405103003589,0.11190441393723358,0.5561611524690231,12093.11269184409,827.1562291727957,752.6376980175065,-74.51853115528922
8118170,1,0.06414446042645472,0.0547808033683745,0.5885504002824278,12738.483221066865,480.9063759207697,410.7047973085481,-70.20157861222157
8158051,1,0.22997991235753307,0.19650621682321132,0.6262336980730022,10933.8070446679,1574.6996940410334,1345.5013367759295,-229.19835726510382
824949,1,0.14017827437581856,0.13969949757362682,0.6569488794055202,6352.62387470788,585.0128802206264,583.0147774669707,-1.998102753655644
8306091,1,0.05464702561371007,0.053483526300578565,0.5420002414063793,6491.686545068913,192.27532324951198,188.18155594890302,-4.09376730060896
833007,1,0.20514651457964106,0.0597204805179261,0.6107604820605255,12107.701575154275,1517.0391198835684,441.6273188437073,-1075.411801039861
8334819,1,0.09133602524572225,0.04755434384658885,0.533199661751311,16864.085753022046,821.2866722992442,427.6050846975978,-393.68158760164636
8356519,1,0.08608474348422321,0.09241022258381039,0.5510972485710363,16166.55336851257,766.9585136774738,823.314377122736,56.35586344526223
837222,1,0.22559850308463655,0.16813251227542966,0.6418644057892445,2905.851230450782,420.7778619963237,313.5944524453887,-107.18340955093498
8374731,1,0.13214212165764466,0.14461816556570875,0.6812386304539112,17496.74170351956,1575.0622518229864,1723.7699126746013,148.70766085161495
844156,1,0.21858280442913214,0.23598389887830015,0.5998627452223336,6161.1358728620735,807.8461710067265,872.1577601950903,64.31158918836377
846347,1,0.044596945503926795,0.048136365799989464,0.5248599735376931,9959.389605010252,233.12094269696397,251.62250119375034,18.501558496786373
848217,1,0.08336963062460741,0.12220660269647413,0.524925429675125,3925.6721723962364,171.79855994407916,251.82933163572886,80.0307716916497
8556577,1,0.05928489646092565,0.0749680527327498,0.5274553748524381,7824.608372367396,244.67657801221773,309.4030300783005,64.72645206608277
8558198,1,0.08864863944316509,0.15865413982953397,0.5388478250355899,16145.959214163042,771.2622231152197,1380.3251280558002,609.0629049405804
8570385,1,0.06882973069553491,0.07209655060945029,0.5365241533475512,14629.480813292967,540.2493610445904,565.8908585966797,25.641497552089277
857070,1,0.05498343625847064,0.015339332800427137,0.5281952331313339,3834.8938614383333,111.37294508275637,31.070933099873407,-80.30201198288296
8576375,1,0.041724896016896384,0.05077586322972094,0.5446456108206283,15045.932861104227,341.9230593609087,416.09303208728886,74.16997272638014
857865,0,0.2383035829226395,0.16460181611317143,0.7016011153017206,14483.935959192218,2421.628051408766,1672.6747047772349,-748.9533466315313
8601264,1,0.20571353580774115,0.27843948923815093,0.6510137050339574,6784.841462090686,908.641784895252,1229.8741232231307,321.23233832787867
8605860,1,0.04330124895183445,0.05392780557856413,0.5066864846225204,15702.93735652055,344.5249205603837,429.07475841210135,84.54983785171765
8609166,1,0.22585409200585072,0.18936979413425523,0.7019332769311781,14056.746994637393,2228.479397326231,1868.492534078884,-359.9868632473467
8619761,1,0.23415623660979112,0.19999081911772476,0.644345409432192,13980.689626376616,2109.371445270113,1801.5959312931202,-307.77551397699267
862598,1,0.05006588040854408,0.05378897716238161,0.5452115321082042,11386.866037902122,310.821536012814,333.9354539607068,23.113917947892787
8626921,1,0.10569079923867981,0.16137502468519008,0.6496528523956201,19131.615798805586,1313.6213020554078,2005.7154603160789,692.0941582606711
8627731,1,0.08303782609177802,0.1796024058951852,0.567264446567589,16628.901967739323,783.2945573072759,1694.1867777403234,910.8922204330474
8636075,1,0.0913228625910725,0.15263469243895675,0.5619663142513862,12494.678770653805,641.2315687426955,1071.7380128068721,430.50644406417666
8644635,1,0.23072206131236528,0.21408136013961102,0.5836165781619239,11839.2956511106,1594.1992811204132,1479.2185389406332,-114.98074217978001
8658213,1,0.38079246218296,0.45757655105316114,0.7582356143523317,11388.999855662427,3288.3505579997936,3951.423035943214,663.0724779434204
873219,1,0.14758918573216767,0.05876963640911423,0.6968914604258576,16850.72319824039,1733.158271290787,690.1391923663709,-1043.0190789244161
875270,1,0.03807184302101584,0.03605912251199417,0.5193359537836088,6120.2270268693555,121.00959946734983,114.61226003458353,-6.397339432766302
875878,1,0.07547663437607029,0.056090841778775345,0.5489026711811815,18100.47308575645,749.89040422044,557.2848387087893,-192.60556551165075
879362,1,0.13130421146199228,0.13560420575167884,0.5695198480832663,5034.744387751456,376.4999704578159,388.8297175771944,12.32974711937851
8794775,1,0.08242014527993814,0.09007223910105364,0.5325694897591537,13715.59552208993,602.0385865694582,657.9333648753465,55.89477830588828
883322,1,0.22534417220420938,0.21777544931168494,0.5977557062065841,2166.054925741274,291.76925508633434,281.9694869418734,-9.799768144460927
8845449,1,0.10953126826725362,0.1425373494148343,0.5578722284202694,13289.817135691634,812.0670026917675,1056.774745166894,244.70774247512657
885768,1,0.07647381937747234,0.02049790028323253,0.5413770774602252,8506.088117006111,352.1620242971961,94.39285387270311,-257.76917042449304
888658,1,0.06166199764259681,0.09147768618979527,0.5170311672787719,6905.257880719478,220.1477322767974,326.59670361863135,106.44897134183395
8926015,1,0.11297099375550658,0.07695340198877838,0.6875177701944171,17632.87199800168,1369.537510541678,932.8993849121334,-436.6381256295447
8934951,0,0.27774824436663204,0.23523583802818704,0.7123877724748735,15711.569903381507,3108.7611864816377,2632.9312885455797,-475.82989793605793
8945814,1,0.32547875845362717,0.39626945906745864,0.7376012476354982,12256.609858099444,2942.487696371231,3582.470368553435,639.9826721822042
8958260,0,0.11585026426547224,0.0968657560500941,0.5778759453113258,14292.754652743968,956.8582031213106,800.0568135579509,-156.80138956335963
8961940,0,0.1763166709364261,0.31922224888998096,0.6519174208148568,11488.667849295607,1320.5523959772129,2390.866974643,1070.3145786657872
8966132,1,0.18618205647815886,0.06178949725910872,0.6052198557889141,5280.9082440422735,595.0584304423886,197.48606257952054,-397.5723678628681
8981793,1,0.222376289278226,0.27934159817316623,0.7137158374201781,17468.524439566263,2772.490295964089,3482.7088477280204,710.2185517639314
8986175,0,0.23683891884754837,0.24747557777204363,0.7651684757967483,18319.920114940312,3319.96660074048,3469.069427862923,149.10282712244316
8999124,1,0.18751185039781323,0.1787931271782137,0.5688540198905739,12770.256315254188,1362.1632686613127,1298.8268742192176,-63.33639444209507
9000115,1,0.12151673838659104,0.10675131435271883,0.563466460575391,13937.45842604334,954.3062312120286,838.3490688564682,-115.9571623555604
9035818,1,0.11094124808767737,0.11521026602557739,0.5604867497404004,14653.714983341299,911.1841101975857,946.2464641751503,35.06235397756461
9056306,1,0.07914375490637937,0.0933065397043548,0.5375757284064617,14376.334323453026,611.6520941390568,721.1073125674689,109.45521842841208
9094905,1,0.0873981215495414,0.09840100936041933,0.5570395181580847,15892.959381515428,773.7361325711213,871.1447691752486,97.40863660412731
915213,1,0.23586543537731658,0.14712746905662133,0.6808047569000355,13406.816929113065,2152.8440102275918,1342.89490103455,-809.9491091930417
9188078,1,0.09782171983354075,0.09551010394698714,0.5730140234752129,15508.743550848465,869.3149717641518,848.7722712006323,-20.542700563519475
9188387,1,0.0946055639323964,0.0903254988478926,0.5736225360232052,17704.878514581254,960.8062846960506,917.3382976013594,-43.46798709469124
9198617,1,0.05427337075564045,0.07224028485964286,0.5249080170775728,19026.889979745756,542.0480769711272,721.4902436098705,179.4421666387433
923035,1,0.13258353921916455,0.0357654071952706,0.5831584414602432,6515.321365486302,503.74647084738814,135.88940044250296,-367.8570704048852
9374918,1,0.15770663210022637,0.1210787027873122,0.6221981219236545,7305.073882604424,716.8086968110858,550.3273134473682,-166.48138336371767
960175,0,0.05817198024846201,0.048047810901872996,0.508183865102314,5676.037304536079,167.79536536759767,138.59249678209423,-29.20286858550344
9646138,1,0.21555511158388976,0.2840182651687143,0.6745766448031104,14023.649309468543,2039.1570244840198,2686.8202579141903,647.6632334301705
9674959,1,0.06211872327588857,0.05463260470052958,0.5413556823933128,19022.60801420919,639.6984223629245,562.6063961631888,-77.09202619973564
9764881,1,0.1775222430682997,0.19150374299475187,0.56270261786048,12792.314275354183,1277.852811377381,1378.495405113737,100.64259373635605
977140,1,0.2720192585948377,0.22575140969891044,0.7029360237616401,16253.545041636244,3107.875065361282,2579.2555306476293,-528.6195347136527
977474,1,0.10107073776445123,0.11028624239501149,0.5546686112767876,16075.045197127612,901.1793433217802,983.3477591762462,82.16841585446605
9777451,1,0.2609440549248502,0.2334027860593556,0.6672147668696173,15033.467736622264,2617.4128261985043,2341.1587057546126,-276.2541204438917
9777540,1,0.0910508107884831,0.07983779915382769,0.5566310043875712,7924.006870135794,401.6021727424372,352.1444051897133,-49.45776755272385
9806586,1,0.05046996053530378,0.03918212225813131,0.5198039242413317,17255.15977821823,452.6802052258412,351.43620000629585,-101.24400521954533
9827609,1,0.30993432468645465,0.30872422159547225,0.7161524443602371,13204.974265128407,2930.979048645747,2919.5353764743636,-11.443672171383241
9845987,1,0.26756271201960324,0.17925709710883925,0.7267330305396358,16808.04266717208,3268.26776727254,2189.61823235197,-1078.6495349205697
9857243,1,0.1279740466239952,0.10980513877603533,0.5568689613360588,13475.004425550216,960.2931507152346,823.9570870941853,-136.33606362104922
9865029,1,0.2596146254066198,0.37134522026301936,0.6917751349808642,13715.724286560217,2463.2747150524565,3523.3966121777535,1060.121897125297
991606,1,0.07034039967777848,0.0734323419853789,0.5447265709120802,7026.726305291775,269.2380457143181,281.0729017596804,11.8348560453623
995914,1,0.1180967659351134,0.1037507287454995,0.6322122084065159,6841.9424922966555,510.8345964126946,448.77995791476627,-62.05463849792835
1004079,1,0.06934343924362757,0.05766069150091478,0.5134068141889125,6591.104702917957,234.65251691983957,195.1190557551043,-39.53346116473526
10077724,1,0.14958638192483428,0.5495640657377667,0.6616711114546509,15613.20458660255,1545.3479565565337,5677.4399852220995,4132.0920286655655
10078993,1,0.0809033460996417,0.06756845161837528,0.5368418044296349,14936.59176125667,648.7305090278388,541.8034991856242,-106.9270098422146
1007963,0,0.2553640560585571,0.177067314598863,0.6075551770053874,4097.991747538684,635.794216686429,440.8544269062613,-194.93978978016764
1008133,1,0.03914913246296963,0.041470250183290695,0.5204328692854533,6402.57512772276,130.44923708931472,138.1834579203069,7.734220830992172
10086292,1,0.08031771103847316,0.07232486964250741,0.5533710014697948,16393.38185458551,728.6119252368396,656.1038883128579,-72.50803692398176
10089313,1,0.11000892547043438,0.10996191017515376,0.5725713886509743,14315.364139534488,901.6956299106112,901.310265849357,-0.3853640612541085
10091050,1,0.055292323247145676,0.04651936488530369,0.5190676485842672,12841.741106524109,368.5638283220742,310.08563587756424,-58.47819244450994
10096374,1,0.07686211795335281,0.07190953171147463,0.5461203044716382,13484.953339768288,566.0439059397128,529.5710460250618,-36.47285991465094
10105190,1,0.12989418706156827,0.18568351616397166,0.5493290489611748,13789.593878079822,983.9516481787923,1406.5571824439999,422.60553426520755
1010659,0,0.15126120564799425,0.1733772916367716,0.6182695047834516,4109.456366933203,384.31714314563305,440.5086229659764,56.19147982034332
10123394,1,0.29029265507788693,0.25425578307234065,0.8038375987930746,16301.557559844192,3803.9383118321307,3331.7181723879944,-472.2201394441363
10126180,1,0.07292149085381523,0.02135562224499741,0.5499404802645705,14045.861489025418,563.273875257313,164.95910820838097,-398.314767048932
10127065,1,0.20507235327258722,0.15475540020176815,0.6023168200688628,11664.895585635135,1440.830728595672,1087.3056873270616,-353.5250412686105
1012890,0,0.2750226690074092,0.3319331952247815,0.767017031310572,16558.799368157,3493.0302280620854,4215.844056789949,722.8138287278634
10149061,1,0.1289075207297117,0.13008716410077234,0.5616323259728475,12642.999087468186,915.3358219097126,923.7121356305712,8.376313720858548
10162909,1,0.18464864834868475,0.16227102985432917,0.6093434152374736,4016.5419080971305,451.91895550814206,397.1507778519914,-54.76817765615067
10168880,1,0.10586238836299289,0.06171985555677127,0.5453983730194804,13364.866952865257,771.6496537847594,449.88693254040476,-321.7627212443546
10172709,1,0.12683170537033633,0.12331418266560239,0.5873714495195091,17801.909703300254,1326.1946105685063,1289.4142200506196,-36.780390517886644
10179624,1,0.2614542498034048,0.2659643975558227,0.5916698077686054,4447.979941805819,688.0784143950393,699.9479300617554,11.869515666716097
1018784,0,0.3468566161638625,0.4593463027442586,0.7573303069375034,12084.69221705844,3174.467708366216,4203.984981304739,1029.5172729385235
1026174,0,0.2488760204203416,0.021035497615533073,0.6575593458225041,11835.992989575589,1936.9691673595855,163.71649720425773,-1773.252670155328
1038180,1,0.05001069636947218,0.16654749281149342,0.524879808369916,7028.42333561222,184.4933344128218,614.4066073361934,429.91327292337155
1044605,1,0.10843290794665474,0.11363559087420898,0.5666892053426829,3322.841135168279,204.18113939929776,213.9778860530342,9.796746653736449
10454922,0,0.29788250736935257,0.2705206942359487,0.6761728980810181,12363.02798445228,2490.1620645987673,2261.4297711681907,-228.73229343057665
1049271,1,0.12577658543710873,0.1418106014912416,0.5911910099897573,4025.0733220199872,299.296348052728,337.45068681890757,38.15433876617959
1050905,0,0.20141868137293892,0.2699561028097167,0.643069477715811,3361.7597483429954,435.4359864686752,583.6032741796165,148.1672877109413
10536021,1,0.3082469494946079,0.34580701708970785,0.6499781818110467,6528.193857725251,1307.948392878691,1467.3226547423444,159.37426186365337
10538183,0,0.36320854380344675,0.33858728001636573,0.7805078177878054,13227.213159098952,3749.7444043925643,3495.555873616587,-254.18853077597714
10555318,1,0.12527398955344998,0.28137539511927895,0.6018108997422413,17277.952088903752,1302.606446327458,2925.7582106772975,1623.1517643498396
10596811,1,0.17853051756891786,0.17033324332025743,0.5933780825835697,13805.191162165178,1462.4680589827237,1395.3184650498004,-67.14959393292338
1060374,1,0.18982597792381883,0.14026397996342133,0.6149286140494024,6326.6767778612975,738.5093457005257,545.6906436152236,-192.8187020853021
1060875,1,0.21589538109113005,0.18819694889830912,0.697851623950617,15974.017308531817,2406.6924480207044,2097.924343563955,-308.76810445674937
10617458,1,0.14432209961382897,0.09295337586512045,0.578982614150811,13998.754918785731,1169.735772228605,753.3904314708558,-416.3453407577491
1062248,0,0.10957026113053489,0.13737334446118107,0.5364250627269064,9871.270467861421,580.1961048700797,727.4189049745847,147.22280010450504
10634817,0,0.31382336802316085,0.3546740173988956,0.800175985835886,15743.494967231036,3953.4107811616473,4468.029557566994,514.618776405347
1064639,1,0.27283656449932187,0.29138485220222266,0.7513415165633351,14634.614900694673,3000.0000244192634,3203.9494608291193,203.94943640985593
1064792,1,0.12273055572472083,0.025665375892472312,0.5310668238356558,4838.809187964124,315.3845169575399,65.95311274020943,-249.43140421733048
1066364,1,0.12638185895138418,0.09906454465650362,0.5765256817847887,12147.074170266895,885.0648239362139,693.7589342506603,-191.30588968555355
10696533,1,0.173604573454611,0.1818052068687971,0.581934743573388,12557.872180420098,1268.6782874472724,1328.6073857933632,59.92909834609077
10706801,1,0.03933143120336635,0.042707396022629796,0.5458467500181932,20274.083109338317,435.2629500748065,472.62320780312433,37.36025772831783
1073694,1,0.0987462834852002,0.10691628089874473,0.5586227735100366,4512.899298045191,248.94020247675257,269.53683395065656,20.596631473903983
1073706,0,0.2888897949708484,0.41095952195779184,0.7729136181484422,15983.517930114853,3568.9094772570947,5076.944074234984,1508.0345969778896
10744637,1,0.0977018027044324,0.027611060420654664,0.582132768910862,5246.033918378813,298.3703873518772,84.32109300817508,-214.04929434370212
10755360,1,0.19635660941170702,0.19743017039287986,0.6895247389611383,14737.820450407775,1995.3938901671422,2006.3035154095628,10.909625242420589
1083678,1,0.13789511003423519,0.1269891942137553,0.5645675519203277,12769.381348438803,994.1104442325243,915.4877518225605,-78.62269240996375
10844648,1,0.12082178220241926,0.0994911755814986,0.5623136508992838,5822.770931469749,395.59752836446074,325.7563531729409,-69.84117519151982
1091926,1,0.0329690498127739,0.021113147698904176,0.5231519311067651,5121.0025149250805,88.32614022975255,56.5634391932749,-31.76270103647765
10945027,1,0.1712941107789742,0.21825353473944753,0.6703990390377269,15912.92981308851,1827.3677757706375,2328.331514242922,500.9637384722844
10974568,1,0.05361363931423151,0.10598419782838016,0.5305566356425596,16837.69704370528,478.94950639120736,946.7941345607635,467.84462816955613
1100832,1,0.06043505723558474,0.06650528555294011,0.5289944993677721,13213.677731779966,422.43880410030215,464.86947444786824,42.43067034756609
1106874,1,0.12113033432832093,0.09984616228983334,0.5647904286985287,14228.801706620627,973.4386174973122,802.3928169667664,-171.04580053054576
1108512,1,0.04622960142052722,0.03901688587713689,0.5192588078629973,11587.517194865262,278.1598302390288,234.76149520123175,-43.39833503779704
1111849,1,0.06561147737631295,0.05851087604610314,0.5360257950209019,11574.229862957418,407.05923274843656,363.00649311951287,-44.05273962892369
1119759,1,0.16268978130708678,0.19991131032702888,0.5956329181153395,14067.136572407975,1363.153210029575,1675.0268037986316,311.8735937690567
11216352,1,0.11477877080660681,0.03677541213197695,0.6028600857984677,18582.30074987617,1285.812327700311,411.97756295220483,-873.8347647481062
11246231,1,0.061171613715538635,0.04601321862575351,0.5154528501184078,13427.458180772566,423.3822934895979,318.4676821376915,-104.91461135190639
1124625,1,0.038888987733618506,0.09219900662020698,0.5268976428511749,13857.848439634126,283.9544647581695,673.2065065669889,389.2520418088194
1129435,1,0.06541546952600795,0.07223967936150612,0.5237408437633524,5982.944827345493,204.98019616718352,226.36394348111654,21.383747313933014
1129748,1,0.05251979847603343,0.0414373492343262,0.5212594847525492,13526.526514004823,370.3081833555929,292.16771509580076,-78.14046825979216
1130737,1,0.05642790600741617,0.05718487833806017,0.516259108238692,16831.87926399352,490.33655155333764,496.91434662835763,6.577795075019992
1135368,1,0.05329909139975723,0.06114064415769716,0.5166242627161898,6822.998326756042,187.87537863889594,215.51627560025676,27.640896961360824
11355034,1,0.052222050131014275,0.058376110431320724,0.5390187832965209,14729.35703460121,414.61175042565327,463.47129743565733,48.859547010004064
11365783,0,0.23523145946905924,0.2439018122717656,0.6034673964013859,13743.806129633886,1950.995352593055,2022.9067289948466,71.91137640179159
11378171,1,0.241949543045447,0.21539855032644978,0.6735833477605004,13294.685903787078,2166.6772813002667,1928.9110429510822,-237.7662383491845
1137900,1,0.34321961169172444,0.2796534158846618,0.7634953917664817,13827.341419754292,3623.407693953138,2952.332280088039,-671.0754138650987
1139607,1,0.19143734723117092,0.09277685384589726,0.5673355015088042,8896.32438929885,966.2227051000555,468.2633978698339,-497.95930723022155
11397338,1,0.1386649492861303,0.11503501492161915,0.5508727713673593,13005.266574012121,993.4299802075301,824.1392881552628,-169.29069205226733
11436223,1,0.045070320343113805,0.05100649400796243,0.542345026411591,18281.746547535964,446.8728713463542,505.7301182047475,58.857246858393296
11455272,1,0.04803194406898169,0.03394307892294463,0.5152555597699475,7519.3978170602095,186.09551797461071,131.50945638899663,-54.58606158561409
11455275,0,0.09724992241954505,0.0853124777874293,0.5635287877432794,15253.618300880666,835.9460402772761,733.333520668306,-102.61251960897005
1152906,1,0.08469815827126888,0.07344057173039738,0.5441192067800734,11254.783638139274,518.6867735543715,449.7459446145939,-68.94082893977759
11584667,1,0.043706250694744445,0.038499147558597575,0.5171197125583492,16295.777721543145,368.30680062773865,324.42723040316366,-43.87957022457499
1158556,1,0.0816930715628677,0.05981285141268251,0.5540875330634597,7417.7140057540355,335.76365889389706,245.8345788081211,-89.92908008577595
11628278,1,0.2915834874330233,0.3376323824309158,0.8053509800015303,17868.731650531397,4196.061493499019,4858.732747004827,662.6712535058077
11645746,1,0.11139104605773355,0.049579476548583426,0.5795165871898398,19271.597854145853,1244.0386633465482,553.7140364311991,-690.3246269153491
11646795,1,0.1781723803000878,0.14353647733885938,0.5821462977084243,5353.849086294033,555.3140312046078,447.36350113133415,-107.95053007327363
11675965,1,0.23196951243491457,0.2830187387833004,0.6285710088796267,4477.135927185376,652.8081023809625,796.4707252433369,143.6626228623744
11676766,1,0.06685783414473369,0.058472437616654625,0.5236683426098511,10784.272658934757,377.5717417813313,330.2162027762837,-47.3555390050476
11678427,0,0.18821550820745814,0.19779761265101814,0.6714992463920404,14685.255957187252,1856.0191582055108,1950.5096154082757,94.4904572027649
11678551,1,0.17593176525543042,0.23942590577053482,0.5823597531113979,2822.412967900389,289.171955871922,393.53471703959383,104.3627611676718
11696001,0,0.3248025391862958,0.31276232629801665,0.7577699762761452,14621.574821054577,3598.7440572837863,3465.341022046817,-133.40303523696912
11698522,1,0.27859160900479424,0.20503664254767842,0.7303545572041071,6086.194144102586,1238.3618860460952,911.4042030229725,-326.9576830231226
1171211,1,0.09938491467408753,0.07996516832501466,0.5516004929458707,12483.614562806019,684.3613368203538,550.6375859297289,-133.72375089062496
11714655,1,0.3419392770139974,0.2880016578058255,0.7591957729986546,11647.708112239043,3023.731674533354,2546.7671998088204,-476.96447472453383
11724707,1,0.1491703394273446,0.16279960783339245,0.5704063513339758,12282.842729952943,1045.118948390344,1140.6084855097276,95.48953711938361
1174795,1,0.07093320743858851,0.035616875660874306,0.5354596231004393,8943.62841665514,339.6957186164572,170.56750440854526,-169.12821420791195
11886087,1,0.2131091347212019,0.24084429288264486,0.587531668088761,6375.701439328104,798.2911555457937,902.185019536697,103.89386399090336
11904870,1,0.17061107155927355,0.18186811920356197,0.6688881600876877,15748.87295156037,1797.25706203864,1915.841443412588,118.58438137394796
11906422,0,0.09830288117146184,0.053297452965755034,0.5859576388263098,14889.140105548911,857.6341854012762,464.9885854161319,-392.6455999851443
11914840,1,0.03892011645207694,0.02737028057664032,0.535042827330903,22329.758408071633,464.99330694964783,327.00306262296726,-137.99024432668057
1192107,1,0.1521647684333179,0.1275113260393327,0.5824786326884435,7603.564092216176,673.9246147887471,564.7366480889265,-109.18796669982066
1193026,1,0.11347967428868942,0.08784247671512506,0.5512142165421463,12452.304208800815,778.9116734381048,602.9408435123206,-175.9708299257842
1194325,1,0.04933061774566891,0.020431463498338798,0.5334203200252846,6724.698025362761,176.95339386403467,73.28951010263025,-103.66388376140442
1195602,1,0.08027110019506162,0.07772770939572256,0.5293604280218147,10443.21861349023,443.756837342987,429.6963964807178,-14.060440862269218
11966436,1,0.12977616553636295,0.18511892053610954,0.5872997268833975,14470.12151145541,1102.8765814473552,1573.1958283578895,470.3192469105343
1213278,1,0.1599113205349808,0.19261226201243273,0.5652542925548554,12542.11692135217,1133.6889766280985,1365.521824698652,231.83284807055338
1217095,1,0.1760157825110595,0.172999228127173,0.6506881028155114,11817.012375840812,1353.4186827420292,1330.2238248581752,-23.194857883853956
122065,1,0.1649023959426674,0.09773293717639268,0.5772928636620572,1444.4238556086038,137.50478366288073,81.49515539998654,-56.00962826289418
12286884,0,0.2066161375054619,0.26060767537258617,0.6866317403133125,14981.35362194295,2125.392624380945,2680.7859143108612,555.3932899299161
1229857,1,0.09967028328865903,0.18312889069534827,0.5486086740374031,6367.934840446327,348.1985621721022,639.7615651158468,291.5630029437446
12317300,1,0.33717707086567844,0.22369843733234634,0.6704445829043802,3744.1171431218,846.3896573647881,561.5329750645741,-284.85668230021406
12326908,0,0.22693013535373677,0.2450849053075755,0.7420000449283699,17361.266768327827,2923.327783304083,3157.19863224542,233.87084894133704
12386335,1,0.02118395699278255,0.02870654439672737,0.5200005942050128,21317.259721937728,234.82390317324726,318.21169218537915,83.38778901213189
12388625,1,0.10353241985525538,0.08972804388204478,0.564307525200977,8151.097787760419,476.22074484451997,412.72440024765933,-63.49634459686064
12406477,1,0.04391207958757212,0.02810992071948714,0.5248489365088839,6938.967391789327,159.92382666723486,102.37379169911287,-57.55003496812199
12416537,1,0.31445734770992945,0.2536992315005142,0.6833832528676216,11450.465240387839,2460.64641293198,1985.210740030764,-475.4356729012161
12436794,0,0.23699889337053245,0.1798719587963386,0.7028651982376968,13515.076285431249,2251.318082916466,1708.6535202284301,-542.6645626880361
12448568,1,0.2999496178673598,0.21227434634155895,0.7875123087750902,16741.912834457104,3954.6744675374716,2798.723144102796,-1155.9513234346755
12457535,1,0.34205596143375316,0.28516501167506536,0.7328545147567656,6416.168742943,1608.3875721796678,1340.8796001571047,-267.5079720225631
12468797,1,0.044419298101223845,0.060921987483183726,0.5380960876365043,18634.777652767705,445.40567000122695,610.8831029008579,165.47743289963097
12505882,1,0.16276178447624945,0.16930217451994856,0.5649862085735015,10752.287479914943,988.7606102049043,1028.4927873335573,39.73217712865301
12515101,1,0.16613424431068188,0.1731907228995798,0.5943151147988247,5623.575019554543,555.2498231962496,578.8338139931534,23.583990796903777
12525319,0,0.1524493380063143,0.21228438824457616,0.5934579425496528,12981.446513263134,1174.4609401213543,1635.4267289798593,460.965788858505
12528372,1,0.08211634522956329,0.08947935951339785,0.5310176250730706,13034.278034699222,568.362647576547,619.3252455928738,50.96259801632675
12529264,1,0.0960585722313953,0.11485345936040559,0.5588762237946235,14252.793986597568,765.1591373502331,914.8707069495185,149.71156959928544
1255419,0,0.2606125448755644,0.23094252791157502,0.5833560809330439,1484.2204381901647,225.64590382459795,199.9567421707444,-25.689161653853546
12565132,0,0.1343404185920929,0.1517057418520793,0.5940515960104864,14867.955452932289,1186.5392675255832,1339.915579414357,153.37631188877367
1259665,0,0.3571416095917466,0.35371174823631896,0.7351620534505661,12627.112055147716,3315.336143163368,3283.4968306545643,-31.839312508803687
12596737,1,0.04663371298665353,0.04137466586511984,0.538744128833266,14168.79559548925,355.9717067004753,315.827530747633,-40.14417595284232
1260049,1,0.19695527137108765,0.35464223991640076,0.6805434763198976,15896.781006495177,2130.7508754032283,3836.6795562079083,1705.92868080468
12627639,1,0.15001121253145228,0.1390324981397452,0.5669962175502564,8057.9738298353695,685.3773306651957,635.2173337093274,-50.15999695586834
1264119,1,0.24626777526198604,0.34684710712510386,0.5810733978161405,3794.015341711881,542.9222786635759,764.6596130894538,221.73733442587798
12657617,1,0.04468528531808918,0.019658424772606004,0.5348902783906366,15724.77308583859,375.8491973267732,165.34756618196457,-210.50163114480864
12675225,1,0.03320611764512337,0.03563984030682576,0.5347794564882202,20146.402157227796,357.7587930483865,383.9794338161584,26.220640767771897
12675604,1,0.07235022593230607,0.05861526252732001,0.5472406136983143,13846.175784832456,548.2113891771879,444.13896546989616,-104.07242370729176
1268921,1,0.06038279727427936,0.0625226868175104,0.5244238576471105,4250.789638035912,134.60626761870037,139.37654255681278,4.770274938112408
1271400,1,0.11932571981717453,0.11940457512607573,0.5603390307087601,5372.374491886858,359.21231374614905,359.449695913254,0.23738216710495408
1272172,1,0.06418549468264748,0.060368853971098424,0.5330643464201462,8734.809109326532,298.8614829550201,281.0903820450753,-17.771100909944835
1272220,1,0.09897111722540168,0.08919036026939363,0.542419115431151,10923.045457537111,586.3908701883777,528.4411698786133,-57.94970030976435
12765659,1,0.29250109809884034,0.34222948506812323,0.7586593238736538,16714.941078319367,3709.1905998237103,4339.793584529535,630.6029847058248
12776684,1,0.25830766892119056,0.23913291036302545,0.5804089105623158,9939.11617264792,1490.1127757256945,1379.498356810804,-110.61441891489062
12806848,1,0.05412078419662128,0.04538449801158574,0.5528864934967699,20321.443487839228,608.0714531694898,509.9153322873623,-98.15612088212754
1281126,1,0.07561166181785238,0.02383110554073559,0.5310661996638302,12760.512210754456,512.3957888196303,161.49569826153447,-350.9000905580958
1284612,1,0.11936032230709331,0.08568321447862784,0.5407681511407764,9558.008205245096,616.9336904740305,442.867953925057,-174.06573654897352
12917495,1,0.28158602150961565,0.2794668559087649,0.6155342508600076,12577.01044329308,2179.9209098664924,2163.515218348149,-16.405691518343247
12938020,1,0.21602043871718496,0.1610921368576642,0.6047166405533618,5694.3325531627215,743.8572326333993,554.7139512980268,-189.14328133537254
12965965,1,0.2631147892565208,0.22588738439595984,0.7233364361007053,14133.127194033052,2689.8240312353846,2309.2480533611792,-380.57597787420536
12976985,1,0.13737212690889958,0.1768539892991658,0.5799089601238905,12888.416287967066,1026.7341246855053,1321.825831674264,295.0917069887587
12978113,1,0.0547996210329147,0.044371116827109,0.5443141057072138,17653.259056599523,526.5650603447331,426.35841944228764,-100.20664090244543
12985712,1,0.19743417013468156,0.17392038633942097,0.5908268985793784,11545.531987284956,1346.7795916001094,1186.3824115418054,-160.397180058304
13036873,1,0.10223417416715141,0.17146074890730834,0.5566029828560385,11256.651900691653,640.5467895111801,1074.284926097126,433.73813658594577
1334471,0,0.3179881246345327,0.323568656673,0.7657756587751093,11047.461516795613,2690.1404602871335,2737.351075601348,47.210615314214465
1334780,0,0.15190644859481753,0.26244399395186246,0.5760599853152365,14113.738247911027,1235.0540902824732,2133.7641107316003,898.7100204491271
1337685,1,0.16512653549544548,0.08606285578959502,0.6917926777991037,15778.271306438834,1802.404444041918,939.4012493309006,-863.0031947110174
1342867,1,0.21662423688547072,0.39246447127914275,0.6020558413389026,14008.646861238802,1827.0061433620506,3310.0405124908966,1483.034369128846
1361061,1,0.10432024293360025,0.10816311936525727,0.5527679439010202,5854.84839473695,337.61916636364583,350.0561460025867,12.43697963894084
1362426,1,0.18943976249330313,0.13379002586644764,0.5942263114927059,11784.239483113279,1326.5529147089746,936.8653467267691,-389.68756798220556
1367997,1,0.08954323649135222,0.10962170807291298,0.5616796745230845,7470.864871023525,375.7442793396567,459.9982233590236,84.25394401936688
1369002,1,0.1009824519253827,0.09354603747812967,0.5373868152546963,11463.525047850082,622.0869666900828,576.2760716450682,-45.810895045014604
1374439,0,0.17912957972792354,0.6231123830343906,0.6099044423577323,7308.697934940552,798.4893291145099,2777.590331243958,1979.1010021294483
1403502,1,0.22028155845974157,0.21728910315440167,0.614795106226909,4327.315212073759,586.0397489721946,578.0785843235778,-7.961164648616773
1409564,1,0.23195291062242474,0.09041635762363502,0.6345382072281791,14269.918804631649,2100.289232069636,818.7028212334008,-1281.5864108362352
1412227,1,0.20687193451838343,0.2138587739728475,0.5968806980172607,14105.962331169703,1741.7741078460672,1800.6003381213077,58.826230275240505
1415790,1,0.09284014236245211,0.11395546152817948,0.5257959706473175,3402.437527014453,166.0898952277352,203.86494660846446,37.77505138072925
1415988,0,0.2828941853982312,0.3153595733446682,0.6135801022491376,11506.801941265141,1997.3304658420004,2226.5472959423323,229.2168301003319
1419266,1,0.11000406512895021,0.11658972559216732,0.5541607856691677,3593.9962838816346,219.0897948018794,232.2061373464002,13.11634254452079
1420628,1,0.06879032961835904,0.017628954963179812,0.5366691651508251,12338.408770868597,455.5050413433272,116.73265564931636,-338.77238569401084
1423358,1,0.07592218898914475,0.06584908629287607,0.5446685350524745,4668.187158558321,193.0408708192198,167.42885222190088,-25.612018597318922
1430030,1,0.10883591803558276,0.14355141316129416,0.5601826044192573,7904.2681788021055,481.9073276283871,635.6217611103402,153.7144334819531
1435572,1,0.2325687637784453,0.13849493871465673,0.6212245818540097,11066.456094397101,1598.8531692639854,952.1187114443999,-646.7344578195855
1435729,1,0.18408622563940596,0.11781171632989916,0.5930866200483883,6924.458036764763,756.0059396854489,483.82955867869777,-272.1763810067511
1438974,1,0.09315923090423163,0.08406276677843802,0.5553679975711896,16217.009607730863,839.0300566907474,757.103588029838,-81.92646866090945
1439712,1,0.07784691078274555,0.12982644313449934,0.5256693831354866,14436.568916815882,590.7694846276003,985.2349968728919,394.4655122452916
1440553,1,0.2088149116623787,0.03215666135761631,0.7116925784614055,14898.944632424233,2214.162300932275,340.97214004045435,-1873.1901608918204
1444151,1,0.03836567982088486,0.12031460712129348,0.5356631252686255,6161.3134548752805,126.62164544456982,397.0849362200555,270.4632907754857
1445329,1,0.21097220064456387,0.16776174689878265,0.6774568227929219,16358.77370589594,2338.0704808281566,1859.19655309011,-478.87392773804663
1447969,1,0.157356548089749,0.026274325215219704,0.5673360833811388,4902.255356807841,437.64417850052445,73.07484571860365,-364.5693327819208
1455478,1,0.177118562423564,0.11080310641342211,0.5799333944339807,11814.098574277226,1213.5083984767798,759.1553272008452,-454.35307127593455
1455744,1,0.10565481923787397,0.12307981225790111,0.5719232015506419,12958.201963249143,783.0180455477202,912.156347772304,129.13830222458375
1462226,1,0.06835168564017403,0.037131222730217975,0.5324987877073468,6101.269711892452,222.06907136565883,120.63632481251494,-101.43274655314389
1463210,0,0.2885559726200484,0.3115841625630624,0.5965359954716293,10224.991799763136,1760.068987706717,1900.5311746221391,140.46218691542208
1465287,1,0.08005894026877312,0.09560863005766555,0.5517362423981373,14430.298395310836,637.4067548999784,761.2090095234412,123.80225462346277
1473146,0,0.35496335082091834,0.3943230278129611,0.7515459181451072,12075.762231685423,3221.466274617044,3578.6746222294023,357.20834761235847
1475778,1,0.262474102230361,0.259516795707985,0.7661624615819701,16554.239002757913,3329.0211147546743,3291.512896716649,-37.50821803802546
1476109,1,0.15022254287959533,0.12957755023568113,0.5752279590114966,10090.929419689808,871.9794791942819,752.1438700471325,-119.8356091471494
1478690,1,0.08517250401615475,0.08101953364282302,0.5415293188594655,12048.922504637692,555.7373696710458,528.6398825388205,-27.097487132225297
1479331,1,0.12274750096318728,0.1064981621934462,0.5680749069665797,6695.611517576064,466.88348588044005,405.0773564803462,-61.80612940009382
1483515,1,0.15097043244807756,0.11456670017836781,0.604520261740522,14315.107958889217,1306.4638234559932,991.4341949523429,-315.0296285036503
1485942,1,0.22709830274056672,0.14694112442113785,0.5957230110453943,6096.64323372875,824.8007476056879,533.6770368338176,-291.12371077187026
1487690,1,0.11804982841972801,0.11053466956943923,0.555814534823135,16126.995974488329,1058.1536573054036,990.7906384080783,-67.36301889732533
1490196,1,0.1871270044173373,0.20678702750015793,0.5851721082921095,13609.030812518766,1490.209337778987,1646.774394063591,156.565056284604
1496305,1,0.1218646608189499,0.049489687132977356,0.562373137343727,15833.391790262049,1085.1163571573904,440.6697450902413,-644.4466120671491
1497425,1,0.09474514306718404,0.019097937324568447,0.5519943851818266,6465.53845535204,338.13981849306566,68.15941009179008,-269.98040840127555
1498391,1,0.20134779137192138,0.14283043573502077,0.6078967699195121,12030.140193153995,1472.4731836810615,1044.5308836033664,-427.9423000776951
1500460,1,0.18153224145859667,0.14340593174200272,0.5762273993101833,5213.485434080411,545.3506555529357,430.813382004749,-114.5372735481867
1511799,1,0.04814447586757584,0.026727770173027285,0.5372814152836634,13886.150192819408,359.19488184553023,199.40975732504998,-159.78512452048025
1511863,1,0.1010556299591709,0.12518793725223304,0.5771892992923225,18480.27414208924,1077.9216482024842,1335.3317149427162,257.41006674023197
1517472,1,0.1344014252889177,0.13143940689722894,0.5535441713511278,3100.8608596193008,230.69513481010225,225.61093848769178,-5.084196322410463
1518497,0,0.13895058816184727,0.16201398156129607,0.562728626040476,13768.708346303363,1076.5955946680972,1255.2918352555955,178.69624058749832
1524519,1,0.31603537006831856,0.31210194846058514,0.7991875120497401,17913.38283441602,4524.4103509760835,4468.098889911029,-56.31146106505457
1529530,1,0.027266354610708497,0.008143052342106018,0.5303440575523348,21205.56196767559,306.6440708516457,91.5787517250563,-215.06531912658943
1532936,1,0.1091227459746898,0.13765159247939474,0.568407301710254,12499.328807273305,775.2854384223743,977.9746126410556,202.68917421868127
1534823,0,0.2502959217997937,0.297587857858761,0.6385170342389193,14497.737708600318,2317.002484849412,2754.786419058352,437.7839342089396
1537648,1,0.1754734954028431,0.15152937950077472,0.5615127523440129,11804.334958386446,1163.0882694055415,1004.37985442214,-158.70841498340144
1540586,0,0.3117038880630032,0.2621629397640457,0.7314417122557161,13934.396907484967,3176.9480977499993,2672.016887436409,-504.9312103135903
1542640,1,0.1720218660111691,0.1286186473942707,0.5689225719023636,10920.352398767323,1068.743465238245,799.0864306836655,-269.6570345545796
1544398,1,0.15312345470881866,0.15715449607210422,0.5504388813984205,12442.81734761521,1048.7441433190402,1076.3527877900106,27.608644470970376
1547603,1,0.1536691400885937,0.17685885239507343,0.6422125606820415,7004.469141365504,691.2588154278191,795.574444771794,104.31562934397493
1549687,1,0.22282474790705808,0.2558062089366452,0.608198506800489,6816.861672912473,923.8325391189162,1060.573844440729,136.7413053218129
1552631,1,0.2724058965119591,0.21429486836131154,0.6162882103884787,4291.238970326915,720.4155261666538,566.7327775283691,-153.6827486382847
1555633,0,0.24536022969659044,0.33217198181014934,0.6934334394042286,15843.65105287549,2695.6544432122214,3649.4132720058387,953.7588287936173
1558923,0,0.16525281542003098,0.21444712604155902,0.5913238050647326,15714.044324963375,1535.5437829797233,1992.6616701446533,457.1178871649299
1561232,1,0.13100186169519937,0.1175042949403671,0.5568153397802386,7715.713972639622,562.8138528160947,504.8252299780121,-57.98862283808262
1563676,1,0.11138759386538014,0.12234836291146631,0.5617914759747488,5114.744123201661,320.0633010020191,351.5581901604197,31.49488915840061
156540,1,0.17187456416253327,0.1575707208761597,0.5889392822645076,4692.177762071355,474.95951182161934,435.43215966470314,-39.52735215691621
1566863,0,0.2182924359613061,0.20444296234525136,0.6256114935445988,15530.600998212205,2120.956045597218,1986.3928635751106,-134.56318202210718
1568226,1,0.10134084513733121,0.09581851595570849,0.5646170150365685,14655.730371293648,838.5827990930735,792.8862168673878,-45.69658222568569
1570498,1,0.06809763435911953,0.07072926888049143,0.5679858142927833,7846.540636427169,303.4923459171764,315.220814049797,11.728468132620606
1570866,1,0.07469637699340975,0.0653011141083995,0.5297635446594612,5967.454722492885,236.1406419332534,206.4390218801987,-29.701620053054683
1571312,1,0.08864194972439969,0.09103351861320513,0.5430285013356513,13824.782362767997,665.4573522143091,683.4114597822354,17.954107567926258
1581321,1,0.0717207647412871,0.08474622859846206,0.5722274840152677,18070.25211152278,741.6138579715428,876.3009954809339,134.68713750939116
1586132,1,0.11786149199753868,0.08717933939300843,0.557623684652186,13119.77155332711,862.2623418807341,637.7949241487678,-224.4674177319663
1587846,1,0.12010187336169376,0.06564844625190833,0.5479757226910206,12729.48653515286,837.7645625287257,457.92742707094214,-379.8371354577836
1592631,1,0.04407527584721417,0.06957451918208242,0.5479343217977711,17660.7310071839,426.51294774408706,673.2671025609271,246.75415481684007
1595935,1,0.08681434584145975,0.08110725782458973,0.560212144902039,14892.625530563933,724.2946650208187,676.6802602429264,-47.61440477789233
1597012,1,0.1258418343375785,0.12401014206226652,0.5629360662935879,11100.612700794512,786.3774741686641,774.931347747381,-11.446126421283111
1597474,1,0.24277504047854362,0.12343639906948606,0.6196243414199508,14797.37280412532,2225.958796330908,1131.7651837459723,-1094.1936125849359
1600495,1,0.12557235010460632,0.15997241569792064,0.5539510736247727,11086.2881239877,771.1726025948386,982.432391003117,211.25978840827838
1601724,1,0.08060769351411913,0.06825928458904908,0.5398076746363298,9005.267115933833,391.84305052342376,331.8160479958971,-60.02700252752663
1605107,1,0.09471916766770079,0.08805619978503976,0.5433994833730995,13326.84646536244,685.9374090048283,637.6855183025265,-48.25189070230181
1617960,1,0.16697049669476066,0.43082437044545085,0.5824475023435262,2915.549562947992,283.54171049758173,731.6063696178732,448.0646591202914
1621119,1,0.07807697193772108,0.0444904963574747,0.5593100440545755,17160.44576686052,749.3835322761656,427.0202146117888,-322.36331766437684
1621213,1,0.17461051866211136,0.10289190097616102,0.5787876542645349,13034.689098747374,1317.317126589725,776.2491308187265,-541.0679957709984
1623264,1,0.09226666672817417,0.09033733947939494,0.5560686066215943,12402.971145024152,636.3542397237237,623.0478570601753,-13.306382663548447
1624365,0,0.1575784369381864,0.18999432194838559,0.5958924961082799,15078.552749538429,1415.873209908008,1707.136304359209,291.2630944512009
1625026,1,0.16377956552340397,0.15888878907484633,0.5915324906906504,13107.408233078702,1269.857956111934,1231.937527119965,-37.920428991969175
1625065,1,0.15973503787377955,0.17629453495770228,0.6157064399451588,14738.90625269898,1449.569830837181,1599.844609033674,150.27477819649312
167669,1,0.3322496548073059,0.31151677589763527,0.6884434359299046,1417.7814421296334,324.2963713548401,304.0597893122043,-20.236582042635803
1677834,1,0.09135962470494853,0.05495224452583833,0.5403623499244804,3191.2249320853043,157.5421633567375,94.76062879930024,-62.781534557437254
1678463,1,0.07940143133227717,0.03646145155029345,0.5321454785496127,3219.559767400886,136.03642161214802,62.46846325640886,-73.56795835573917
1680288,1,0.14888077865701105,0.1418244411589568,0.5719156043102122,14565.672527383062,1240.226821672144,1181.4451635776543,-58.781658094489785
1689621,1,0.30466707568214724,0.27697912049873147,0.7182828674962558,14903.441997922775,3261.426634198702,2965.0302012086713,-296.39643299003046
1705667,1,0.2639806555810185,0.24453614293725098,0.7172692725821029,14831.027072346827,2808.183977120494,2601.3363627414687,-206.84761437902534
1854988,1,0.18539748225722133,0.21476986676337034,0.5818195364258496,14387.518436087614,1551.9510716092598,1797.8255196063099,245.87444799705008
1864851,1,0.024649720394305172,0.003298537102776753,0.5488432174388389,11760.759244399831,159.10933424791432,21.29143998469469,-137.8178942632196
1865408,1,0.04532974058663456,0.08235165308879959,0.5434610461755804,10874.195476422805,267.88524273593725,486.67370013371266,218.7884573977754
202069,1,0.34171597793827596,0.4118770936736366,0.6527752881362858,8422.999726089074,1878.8658711166884,2264.634563087095,385.76869197040673
2076607,1,0.050114638695378605,0.07494258705994719,0.5253844902943499,4128.2003094641095,108.69325976795932,162.54240866633083,53.84914889837151
2084155,1,0.053107264534545104,0.05892763364265473,0.5238820686913617,16213.337384019533,451.08655837778434,500.52405610011044,49.4374977223261
2090267,1,0.18836270054959303,0.2083099574232532,0.6053660378548777,13068.299173658192,1490.1570064920413,1647.961839953511,157.80483346146957
2091777,1,0.12436356065486902,0.14277615053137793,0.5866524679963646,14825.24384523658,1081.6229540992424,1241.7621439871582,160.1391898879158
2124576,1,0.10383107967341285,0.11852085908470274,0.5592290159407778,13473.625184125092,782.3507959015623,893.0359650261576,110.68516912459529
2216040,1,0.03792270435027535,0.06131981258152401,0.5491808346483649,19656.21313326092,409.3685980325138,661.9360654307534,252.56746739823961
2274822,1,0.26243102773639004,0.24134827457341398,0.713691843946677,15151.328273843854,2837.766272919817,2609.790463876826,-227.97580904299093
2285745,0,0.30391983238363224,0.25178961642245934,0.7633690119418478,13788.816655146811,3199.0465843994884,2650.3262590207514,-548.720325378737
2298385,0,0.17910575765675477,0.3309397682988499,0.6095468287766637,12816.203598559956,1399.1878375017288,2585.3267075690114,1186.1388700672826
2301819,1,0.11466993176672483,0.06998386596184687,0.5519760391236295,13387.631306836516,847.3708564476423,517.15639421716,-330.21446223048224
2308884,1,0.38662354412427036,0.3342372973529104,0.784845963176595,14787.736988579734,4487.189845248539,3879.190052903834,-607.9997923447054
2309935,0,0.09486606029356465,0.09235500385641772,0.5623347663256717,15871.359668791483,846.6812322077584,824.2700099880557,-22.411222219702722
233852,1,0.15353964830954087,0.05502421869152734,0.6140537564090057,11780.11737205831,1110.6482881350073,398.02458171915464,-712.6237064158527
2364679,1,0.18269558033364278,0.10723072393073092,0.6714856079073177,17415.248923138293,2136.4583781571932,1253.9656302538601,-882.4927479033331
2370035,1,0.13737723054756767,0.18109365311989678,0.5623871417217644,13745.89491236936,1061.9966796107378,1399.947120387733,337.95044077699526
2371402,1,0.11115453657362641,0.1020335585067513,0.5452714164098251,12238.05385497049,741.7409984918389,680.8761558404116,-60.86484265142735
2380691,1,0.27018873221112705,0.28906273321101483,0.6284739455353132,4472.913374786965,759.5301164211152,812.587000249917,53.0568838288018
2382144,0,0.13473693204943035,0.17170979594766927,0.5921162379428146,18246.382620478307,1455.6950427683585,1855.1491039152345,399.45406114687603
2383374,1,0.11418591656023276,0.10016238741518728,0.5493093111307127,14738.364146023252,924.4401205323279,810.9067412534918,-113.53337927883615
2484708,1,0.28005401941896235,0.2722835594083644,0.7219763697775512,15966.142952022776,3228.232511252173,3138.6610361287603,-89.57147512341271
2484992,1,0.040823293250845785,0.03128348284753374,0.5365563906475457,14850.848613019267,325.2929714017733,249.27673102560934,-76.01624037616395
256365,0,0.10789699843000801,0.08961967033093506,0.5809136649807003,14296.570943504325,896.0924941308363,744.2979422835919,-151.7945518472444
267516,0,0.22012278452433043,0.15071910767240373,0.6941513874429573,12105.66424816014,1849.7277778810167,1266.5173245083595,-583.2104533726572
2694928,1,0.09759770665582229,0.07467447033041631,0.542879627643658,14855.263932418575,787.0884319030633,602.2212382800175,-184.86719362304586
2825910,1,0.20798598423097808,0.2569047171912629,0.5757576709161818,11901.494512515332,1425.198324947157,1760.4079138592115,335.2095889120544
2835712,1,0.11967569122963798,0.12635225365727779,0.5443661649071221,11161.809054745678,727.1628064787553,767.7303421464401,40.56753566768475
2896630,1,0.1078873118411028,0.07108582660001175,0.5604912386106279,7501.021716420868,453.5859809141221,298.8630807202429,-154.72290019387918
2905199,1,0.12320937383740314,0.11064791065009363,0.5624590223503835,10412.179530941237,721.5663733329524,648.0011148341649,-73.56525849878744
2905701,1,0.09665005805376299,0.14488423284916677,0.5471575555206301,12035.098954143825,636.4498453733219,954.0764842850953,317.6266389117734
3054765,1,0.26370055219947774,0.17855866760830624,0.6855213179636328,17531.723095572823,3169.2507851405426,2145.9841202122234,-1023.2666649283192
3055414,1,0.088320375552188,0.10525311782467409,0.5576669301451593,15475.142368944522,762.2026452338241,908.3317900711364,146.1291448373123
3055987,1,0.033880054526901154,0.019078222040958485,0.536683816935057,16105.190303158404,292.83869404541497,164.90060908097763,-127.93808496443734
3065461,1,0.27178704403619225,0.24112626584354926,0.6084804161296812,10831.942696365331,1791.3552017493853,1589.269246181315,-202.08595556807018
3095091,1,0.07348399103061667,0.03612457363220891,0.5648039873911029,7574.7923416851245,314.3845687507244,154.55078505376713,-159.83378369695725
3098140,1,0.26855477089032276,0.3078185042001088,0.6375780411994283,6494.068269379177,1111.9444027137454,1274.514921713358,162.57051899961266
3105482,1,0.09655008040691135,0.1539600405812605,0.5444385445034617,12528.994796152681,658.5939440343124,1050.2026505079618,391.6087064736495
3106154,0,0.17993043205880563,0.19623962167505765,0.6875947860770116,18856.04539071458,2332.8553588888826,2544.3091966864467,211.45383779756412
3106368,1,0.10771650730980162,0.10225998640151966,0.552560013026702,13783.137594950622,820.3700710547837,778.8131494924759,-41.55692156230782
3145357,1,0.053005244243573196,0.05986402785787891,0.5260542036776967,19587.570781826937,546.1726066653681,616.846363170759,70.67375650539088
3150909,1,0.18776123818951804,0.242997557695425,0.6219368438538958,6777.339971045085,791.4281575687043,1024.2535213070475,232.8253637383433
3154371,1,0.10275376756886435,0.24438929095943715,0.5502257772818299,12972.97292232712,733.462980434519,1744.4664266276766,1011.0034461931576
3155227,1,0.07635070693070777,0.08049229665762347,0.5705128941402835,19742.68721207163,859.9729517302463,906.6215720965744,46.64862036632803
3161207,0,0.11963456768876073,0.144922376794604,0.6755667914067086,19459.09837974084,1572.706534559565,1905.1380666307998,332.43153207123487
3163563,1,0.1249893371111189,0.13156575269639564,0.5653683000478386,12804.851332828413,904.8549352749378,952.4646133186444,47.609678043706595
3174591,1,0.11162937038198609,0.06914116175852171,0.5490614661613757,14180.131792270318,869.1199279296936,538.316764834489,-330.8031630952046
3188783,0,0.17160703511550582,0.1946599664620008,0.6587001869692033,14844.174954582566,1677.9497047468408,1903.3580588994805,225.40835415263973
3237615,1,0.08725558744605054,0.10243142333731865,0.5876149707389232,17005.373805314044,871.9112503377219,1023.5574936806697,151.64624334294786
3238917,0,0.26836108440396644,0.2664423578319828,0.6445153088573906,13400.206748882516,2317.737644350258,2301.1662967758557,-16.571347574402353
3244778,1,0.07733457333236718,0.06402568426212028,0.5478786888289431,14930.074287395813,632.586719606886,523.7217434935986,-108.86497611328741
3255135,0,0.14917794067691006,0.13293897134532964,0.5810922059912964,11589.917748252215,1004.6852166721961,895.318829474459,-109.36638719773714
3285519,0,0.1618260197263563,0.18922486522242282,0.5736563971664824,13593.935425134461,1261.9594378016861,1475.6224304223965,213.66299262071038
3288348,1,0.029928292044518058,0.032067032297519005,0.5335280762393971,20961.60607087311,334.7062073810126,358.6250343421447,23.91882696113214
3288670,1,0.16287535636407435,0.33082071755838627,0.5918669961341184,12566.515319863965,1211.418962223144,2460.5471281405767,1249.1281659174326
3288930,1,0.32402634329388424,0.3092687315187896,0.6059550544725183,11036.202172475594,2166.907535566675,2068.216855551759,-98.69068001491587
3289186,1,0.15809584029906626,0.17494495340934912,0.5753527134273317,5519.0913075035405,502.02135079030876,555.5244316255917,53.5030808352829
3296760,1,0.14627019013077056,0.12451597115685165,0.5605868487092637,11942.281859057846,979.2330165773427,833.5953480266315,-145.63766855071117
3300236,0,0.21961814222153941,0.15199841506032552,0.7410141211736514,18298.383174366078,2977.8815246955955,2061.001278913302,-916.8802457822935
3346417,0,0.280692301944672,0.1540117145084624,0.6374120817095994,10633.629604082804,1902.5335403166077,1043.8920142233617,-858.6415260932461
3351618,1,0.15674277145756452,0.4585416899521221,0.5477769996356399,11860.298544437464,1018.326241905086,2979.053078770967,1960.726836865881
3359291,0,0.1478593621392941,0.13758976084338762,0.6028570962199907,8779.338852278295,782.573283489242,728.2195010165992,-54.35378247264282
3359403,1,0.11929896537509486,0.13514566429149547,0.5658207173790444,11439.047874965438,772.1566212189674,874.7235919742445,102.56697075527711
3367852,1,0.035740767366212914,0.03792395797373964,0.529536702469367,7549.079764678049,142.87424669799827,151.6015834743037,8.727336776305435
3371083,1,0.20733425587052093,0.1323524625343901,0.6275778444766483,14903.626029780644,1939.2357553827485,1237.9171332880433,-701.3186220947052
3374434,1,0.19770649209891855,0.19727016747594356,0.6122367926259209,13534.313903314689,1638.2365104241703,1634.6210351802058,-3.615475243964511
3378807,1,0.1948992284649694,0.23138385807597547,0.7073723711260617,15158.99882136744,2089.9155244246517,2481.142285184404,391.2267607597523
3495043,1,0.32922773499239366,0.4098359569835584,0.6677347108664465,12096.694826472884,2659.2985171289597,3310.4020009058017,651.103483776842
349578,1,0.08003283056121635,0.051580460007535224,0.5254694620419049,3180.930428259964,133.77341976002663,86.21580018621808,-47.55761957380855
3529134,1,0.23642719919685593,0.23667067593978425,0.7025981749385839,15802.316683773626,2624.975266882448,2627.6785109695033,2.703244087055282
353832,1,0.1832024226074463,0.18581255878210162,0.6180846519686756,6956.508713887052,787.7175206892097,798.9403526086668,11.222831919457121
356367,1,0.06092765496446321,0.07726007846844153,0.5284423658519539,5330.791532335199,171.63418431277563,217.6428840992868,46.00869978651116
361198,1,0.26608785768204685,0.14315809260619614,0.6467853229758997,11993.508266217179,2064.103413094067,1110.5095517495427,-953.5938613445244
362395,1,0.17280052414892128,0.12178200119281975,0.6105141977233554,5775.572805186963,609.3066055222737,429.4117632221876,-179.8948423000861
3624845,1,0.2746307677435221,0.19985007211132258,0.5947320652324675,12240.104664919196,1999.1973929018125,1454.8251327372243,-544.3722601645882
3627877,1,0.22562300347280304,0.2166365179441725,0.6403405859647455,5754.776337222933,831.4245699675665,798.3092193554465,-33.11535061211998
3636847,1,0.06388363295923646,0.034698648544035,0.5480503842668143,17961.40874584754,628.8549569006158,341.5650632861182,-287.2898936144976
366342,1,0.23489273784458686,0.1788989769229098,0.5835264906251304,9025.112495969539,1237.0372876524657,942.1521806388931,-294.88510701357256
3664807,1,0.13139913753402357,0.09446473211240633,0.5713988070185172,13217.946020790198,992.4207084366171,713.4655380899657,-278.95517034665147
3667469,1,0.11386623901507921,0.08157223615099027,0.5496679269210927,14798.478909849762,926.2163663439514,663.528898608089,-262.68746773586247
367030,0,0.09108015181543413,0.07279661278769302,0.5249623387425446,10880.953748966125,520.2581088881997,415.8208714796396,-104.43723740856007
3677328,1,0.2628410580896554,0.23741862179615364,0.6965688278076821,13545.464616328256,2479.996959504296,2240.1274156464615,-239.8695438578343
3704109,1,0.3795970076654188,0.4135233442030338,0.7821256579856658,11729.699539517198,3482.460517159511,3793.704086255943,311.2435690964321
372486,1,0.21460838280812175,0.1402821608018247,0.6074776675540107,14484.910069103371,1888.3948262039535,1234.3791197743071,-654.0157064296463
372540,1,0.12151157849916495,0.1279632466401976,0.5821856686051976,16666.280943202477,1179.0110392319662,1241.6107359332227,62.59969670125656
3727427,1,0.027288337326486042,0.010866898270220953,0.5338093988895141,11670.217714402695,169.99738832335302,67.69721082713579,-102.30017749621723
3734041,1,0.12018067108651811,0.33825391401602856,0.5479293295500258,15109.156829887748,994.9457514125537,2800.319648794742,1805.3738973821883
3808449,1,0.10806985439129502,0.11766866005924916,0.5610821341883976,15872.196693962333,962.4275431790081,1047.9107244833217,85.48318130431358
3808962,1,0.37175753426042096,0.3843031113410541,0.7727172731014952,12026.78302256588,3454.8554014930205,3571.445250379607,116.58984888658642
3811294,1,0.07317187692452161,0.06680027795572624,0.5352219761729732,14980.587493809102,586.6876927215922,535.6005967625013,-51.0870959590909
381990,1,0.3001902268994125,0.38423321076415246,0.6594967616942886,4036.9910431103744,799.2212127478565,1022.9757839112707,223.7545711634142
382965,1,0.17029762047374364,0.4359727655342484,0.625237831597856,3095.2962500790127,329.5763574501731,843.7364868196112,514.1601293694381
3847483,1,0.22274920905772386,0.2507415804959906,0.6201674759303131,11952.704888541602,1651.1683444361115,1858.6668033535839,207.49845891747236
385903,0,0.07543078854304283,0.13797648729246786,0.5470279253324519,18545.994340859866,765.2586864989158,1399.7958588609629,634.537172362047
386315,1,0.08480849343352038,0.07798448295753527,0.5240138971376028,13476.253076279767,598.8958606053204,550.706446298622,-48.18941430669838
3918169,1,0.23266408807313643,0.3740189634030769,0.6405147722366109,14764.626481474934,2200.295292614769,3537.0828877800686,1336.7875951652995
3919872,1,0.14535404105911912,0.2578913445934187,0.5792462235309732,14934.148187924337,1257.3922457370343,2230.901697480658,973.5094517436239
3920435,0,0.19810392494592874,0.11240087023416054,0.5717338127598259,7058.083898118151,799.4177261678343,453.5763141815785,-345.8414119862558
3921170,1,0.10570392358849989,0.0408846276161375,0.5731847829340626,17956.877416039788,1087.9691429886366,420.8094814162415,-667.1596615723951
3922167,1,0.3102033581122365,0.18796951050818583,0.7622640353020194,15256.943905043623,3607.609102669968,2186.051502667468,-1421.5576000024998
3927241,0,0.06988101963349737,0.057105572438292576,0.6352667204222858,19745.61494132041,876.5687854183706,716.3169990275895,-160.25178639078104
3930234,1,0.17069422395430098,0.18038852574419173,0.5909635164034299,11666.397172530138,1176.836834573484,1243.6733751870051,66.83654061352104
393075,1,0.17914425428334022,0.031203080499727715,0.611023441878545,3444.070099029592,376.99252411571376,65.66399868551133,-311.32852543020243
396404,1,0.18106792809496955,0.2669205833775715,0.6134403492326482,13933.196300777774,1547.6210436275192,2281.419554300075,733.798510672556
398847,1,0.17178107739773082,0.12033294562471325,0.5935711069923255,11186.828068294779,1140.6569172498275,799.0321686135244,-341.62474863630314
401608,1,0.1357944791928404,0.09424576082031771,0.5887857173188727,5824.493664856345,465.6906918710391,323.20440288297254,-142.48628898806658
403004,1,0.14467221276676198,0.013187372451362577,0.5994084417360532,14716.942938980506,1276.2201140428801,116.33187639797079,-1159.8882376449094
403018,1,0.06559656731994869,0.07365420421166334,0.5507722704183915,5435.761689139999,196.3873855510856,220.51087718389525,24.123491632809646
404966,1,0.07092185140327958,0.0011223928060599272,0.5221042685479141,6602.480006348476,244.48060008284838,3.8690933939932943,-240.6115066888551
4074989,1,0.2853697888689497,0.23793304158756962,0.704974973198967,14035.365531558764,2823.6146163220023,2354.2478571238576,-469.3667591981448
413556,1,0.09858359961585038,0.025720295866789096,0.5853719919857181,6273.411569610025,362.02652471371033,94.4521133692197,-267.5744113444906
414162,1,0.1604079023201742,0.14699624262112573,0.607442873766875,3802.125553729047,370.47393226764393,339.49871075377797,-30.97522151386596
4156981,1,0.1697522216966242,0.12534194354928554,0.5920179203255721,16760.835517292602,1684.402914113234,1243.732381614135,-440.67053249909895
4175738,1,0.042148117308707614,0.05122253013680785,0.5400981894454466,20361.621320643513,463.5144287449356,563.3082403499828,99.79381160504721
4197193,0,0.2521206253743361,0.25247931261472345,0.6268040046817376,12068.541384829165,1907.1942217323895,1909.9075508432475,2.7133291108580124
4245156,1,0.1981778718031459,0.23560822309023344,0.6756784641657828,12869.538993015381,1723.2894421449862,2048.771437697388,325.48199555240194
427621,1,0.052797485685042576,0.10067008338588765,0.5313267356283752,6046.598103756101,169.62349766820458,323.4247129935143,153.8012153253097
4300565,1,0.3232505637847724,0.20793999925600773,0.7461858833145599,14189.345941952844,3422.5412939184657,2201.6457628977764,-1220.8955310206893
4425121,1,0.09386825640366034,0.10460676720420448,0.5502852725226854,18876.77609662631,975.0670152498038,1086.614497600888,111.54748235108411
446429,1,0.16308978759337886,0.5880414174502034,0.5625412901056257,8784.981077907916,805.9758006441732,2906.050459903864,2100.0746592596906
446499,0,0.21512675343525534,0.2700594500062564,0.6143784929872337,3740.3705924178857,494.36197807932996,620.5974932089941,126.23551512966418
447737,1,0.18397949854891013,0.1581850215467353,0.6288361291295437,15325.56502909814,1773.059916091466,1524.4716027749098,-248.5883133165562
451659,1,0.13866947628236595,0.33742839482039017,0.6408122007259269,7148.090937812352,635.187168379399,1545.6190676046062,910.4318992252072
4536274,1,0.14842212384118803,0.14452963353770049,0.5499559231196839,13632.184555669193,1112.735599855283,1083.5532083041649,-29.182391551118144
4537088,1,0.10134437913286216,0.10013558775073676,0.5437626990819038,14960.271425132123,824.4200627899307,814.5867412413792,-9.833321548551567
4547170,1,0.11803436934138076,0.08475687436739765,0.5713236533032857,14637.472242421325,987.0900474302717,708.7992048941754,-278.2908425360963
4594614,0,0.22543783360433198,0.3054127407208888,0.6078201975045636,6152.174203095679,843.0057831930151,1142.0652096063732,299.0594264133581
460147,1,0.07223381294443795,0.05398079242990961,0.5330404124204968,6426.327878468722,247.43638179240907,184.9107975985972,-62.52558419381185
462268,0,0.06325930369629341,0.261688656936414,0.5474451602551077,3783.491899871595,131.02610665888363,542.0237636472697,410.99765698838604
4624999,1,0.1999753348202929,0.07023112450397807,0.6094695181904498,13962.1457342215,1701.690558306356,597.6319108306849,-1104.058647475671
462714,0,0.21703188318449618,0.2706715389060161,0.6195196353907545,11649.405975942112,1566.326858255495,1953.4461708256792,387.1193125701843
4644898,1,0.08962428651958645,0.1021105472454792,0.5414941306320811,8820.969896164794,428.09071154688627,487.7313786727463,59.640667125860034
474730,1,0.06535133513724041,0.05559346534966792,0.5301345010783612,4586.453807903987,158.89768046922072,135.17203091194943,-23.725649557271282
474908,1,0.07621026561991838,0.3482485630013517,0.5393919824601074,3398.2085384681886,139.69085929354426,638.3279288910699,498.6370695975256
475832,1,0.1431573948748865,0.16786251916155018,0.6116097331942281,5063.699855087631,443.359613985601,519.8715844414353,76.51197045583427
476468,0,0.07805114969634569,0.06583642709448961,0.5510737865933731,13111.110098529865,563.9343151261922,475.68063466494675,-88.2536804612455
4765747,0,0.15955124437197615,0.19416811582031712,0.582803293133999,12875.15762145744,1197.2221612815329,1456.976234747519,259.75407346598604
4765750,1,0.11169210392480783,0.07785786945949745,0.5557337134860149,12232.61991956412,759.2917789456518,529.2839702134912,-230.00780873216058
4774704,1,0.1511841073867844,0.19042692652331544,0.5757367793204878,7416.283347754086,645.5299971711868,813.0900493755146,167.5600522043278
4776493,0,0.1928990382843207,0.20758181580945081,0.6691782474072925,15283.75547467262,1972.8858518803297,2123.0547915664865,150.16893968615682
4806417,1,0.22783920694568033,0.22322669714282,0.5783583664736364,9835.436305084322,1296.0421111761686,1269.8042787027387,-26.23783247342999
4806597,1,0.3517002356710619,0.39047679647317846,0.8001160631064331,15976.668343704214,4495.850575740776,4991.538680341574,495.6881046007984
482368,1,0.1537177356407183,0.023768093390566992,0.5925391161986996,12251.410246499456,1115.904648022074,172.54304312124398,-943.3616049008301
483785,1,0.07225173167346317,0.1993481275955206,0.5492961831124379,3911.8301712396524,155.2511527920352,428.3499633754154,273.0988105833802
485301,0,0.12589811617002125,0.038923413598691316,0.5825658915968237,6190.263198910033,454.018344005363,140.36702313518563,-313.6513208701774
4884814,0,0.24478230472131837,0.19802071754908349,0.6901531773099931,13823.411983652095,2335.2896948299017,1889.1714480001922,-446.1182468297095
490062,1,0.12051195740147208,0.1014159148007494,0.5579499889675488,4568.793405007542,307.20404801360655,258.52521385909114,-48.678834154515414
490429,1,0.08414499591547653,0.24324543658306594,0.5595723952027246,15129.171754357036,712.3603337035846,2059.283484311352,1346.9231506077672
492654,0,0.204948668480492,0.02997171906637244,0.6089989765199426,10507.018663904324,1311.4180823224951,191.78194536878382,-1119.6361369537112
493203,1,0.21320601484930335,0.2575931377922129,0.5879205009935226,1777.8076311460682,222.84496351454382,269.23880845235965,46.39384493781583
495414,1,0.06494609920095577,0.10103867199628348,0.5106413038861881,4779.623848911216,158.51221378507802,246.6023944945344,88.09018070945638
496447,1,0.03218992031084653,0.03843046681539944,0.5182048658369615,11843.81930521584,197.56643402652634,235.867942926683,38.301508900156676
498368,1,0.09970725651437422,0.12655914017043782,0.5535742601137094,5914.299387413013,326.4419474319848,414.35511944508494,87.91317201310017
501398,1,0.0982572573160091,0.08673595141662341,0.5516766118036507,5844.631685370005,316.81545408526284,279.66677051851343,-37.14868356674941
501886,1,0.07083742611234722,0.21487611526177144,0.5592485198616186,17199.588281476048,681.3741715830434,2066.859894051855,1385.4857224688117
5031740,1,0.3665129041348175,0.4118800248145675,0.7622305791517272,12067.419278950492,3371.242863063026,3788.536715704754,417.2938526417279
5037191,1,0.0832556596887542,0.10075673923793303,0.5591992249583069,18429.2843017291,858.0029814370532,1038.362833099976,180.35985166292267
5039591,1,0.2096610229919517,0.1303074062415092,0.5938931061395598,14226.945878593731,1771.4857531545315,1101.0044232027553,-670.4813299517762
5039761,1,0.16650786144108556,0.14683524826642733,0.5699283292145081,10145.106841734458,962.7457560950022,848.9990255725988,-113.74673052240337
504523,1,0.06078911210037331,0.10187611544975501,0.5285561222731705,7375.926974943222,236.9919072193872,397.17334348747045,160.18143626808325
5054840,1,0.12558761621600303,0.1807193852870128,0.5851936900908842,16041.590331656156,1178.9458906056236,1696.4919237773472,517.5460331717236
505861,1,0.25029931288628776,0.25154461462822986,0.6747299998709222,4591.198476157046,775.3820540562214,779.2397738855423,3.8577198293208994
506209,1,0.11844586431087008,0.08422835890885585,0.5384907661165523,10765.989404089356,686.6763815620897,488.304298819982,-198.37208274210764
5084594,1,0.084928438074659,0.06592167512921189,0.5277861479355964,12523.490992046824,561.3536262469345,435.72414871829767,-125.62947752863681
512697,1,0.08515408490865836,0.01035597404710494,0.5477948274973946,16729.25289671986,780.3689120444114,94.90419877059507,-685.4647132738164
5155772,1,0.1364181070874234,0.09662601868468887,0.5743976861725261,11650.378847755781,912.9032408298436,646.6165488515983,-266.28669197824536
516237,1,0.19983902336895068,0.1458299842193744,0.7101487792666922,8003.381011731551,1135.8033257249072,828.8380230970996,-306.96530262780755
5185435,1,0.3608325319748476,0.42903717324502666,0.7007226241068477,11885.637613119492,3005.206435720199,3573.2511898041166,568.0447540839177
5186027,0,0.4152754639137072,0.49805594927618246,0.777408441284605,11619.802660590127,3751.3214170500014,4499.105080277878,747.7836632278768
519672,1,0.16640885237327538,0.12608808261709786,0.695931049871287,6694.780575872697,775.3164284334406,587.4577012491222,-187.85872718431835
5204648,1,0.04812132286842521,0.03347324325664149,0.5465700451136407,14908.159937739874,392.10955682485746,272.7518238586169,-119.35773296624058
522062,0,0.19041045848231844,0.2054477401982979,0.6841966392858368,12560.359295067123,1636.3409472907763,1765.567671515533,129.2267242247567
526687,0,0.27349891236686547,0.12077929121177038,0.6294385366518733,4485.629178715206,772.2044505556767,341.011616468821,-431.19283408685567
528277,0,0.2773593223175586,0.2989153583816646,0.7205149798133257,4816.441571727876,962.5251324205618,1037.331438888641,74.80630646807924
532839,1,0.28293306727315426,0.1337377681664679,0.7429027726932991,14101.93828055327,2964.111228911412,1401.086215097884,-1563.0250138135282
5334860,1,0.13554909245451705,0.11804540210519493,0.5776879453053664,6277.060123577083,491.5256744777898,428.05410820605096,-63.47156627173882
5345257,1,0.3621606125662525,0.3757740763130319,0.7664691903808927,12199.552911571638,3386.4123032986413,3513.706104786152,127.29380148751079
535504,1,0.21559245873072927,0.12165861376167239,0.7413954637023259,4729.755013965733,756.0005930217909,426.61039579731795,-329.39019722447296
5434682,0,0.390524705924181,0.46887967625666244,0.7830190632464892,11376.301782056662,3478.73986171704,4176.715058994774,697.975197277734
5434821,1,0.11801816033641896,0.15390894240390715,0.5622940879024748,12738.67760384649,845.3502866788529,1102.4317631515607,257.0814764727079
5436093,1,0.3715823808666326,0.5133881302680768,0.7511601346028427,11791.450813671147,3291.2046497994893,4547.216145042708,1256.011495243219
5436107,1,0.06104458459337597,0.056763971508171904,0.5404408032654974,19806.94635100587,653.4506567437276,607.6289110405728,-45.82174570315476
546341,1,0.15161712574598063,0.16651202300323426,0.5790053397602388,11779.615310126852,1034.098566464807,1135.6886198679588,101.59005340315184
546531,1,0.1027152187285919,0.141504070989787,0.5312846143820592,11521.21397579851,628.7243449934025,866.1526057013481,237.42826070794558
552237,0,0.09153855229259349,0.07721940711163452,0.5989993688392194,10926.334166701357,599.1076748045792,505.3907701813494,-93.71690462322982
555949,1,0.21364577176499985,0.18547749498178637,0.6916515225811638,14392.848205639733,2126.808486637148,1846.3979284428153,-280.41055819433245
5607210,1,0.09534073956476595,0.11070357073635317,0.5475743395856422,13143.7056476016,686.1821700533284,796.7508616704262,110.56869161709778
5608627,0,0.16949564155827618,0.14606907919896292,0.6390232933808557,17484.93389581839,1893.822269139656,1632.0707274623887,-261.75154167726737
5617438,0,0.3101780692917036,0.2953016959380631,0.8168743185775018,16922.792309300145,4287.837868471215,4082.1899412759894,-205.64792719522575
5619741,1,0.03675866729509396,0.024461776516339837,0.514635660442886,15589.102456376248,294.90405558734705,196.24969108993656,-98.65436449741048
5620567,0,0.08810636419529287,0.07068591943134009,0.5492657782874976,17069.607741617292,826.0633658019649,662.7336067441412,-163.3297590578237
5626770,1,0.23008073409352728,0.20240893653751713,0.6343064600340288,12591.80851145402,1837.669889426812,1616.6534303332696,-221.01645909354238
562800,1,0.2007005723304539,0.2069855161813449,0.6929732995815291,13491.987751486467,1876.4675161547993,1935.229147176139,58.761631021339554
563363,1,0.17665207445146253,0.17370579763913319,0.6359102412998795,8406.692527404128,944.3646557916629,928.6141490603829,-15.750506731279984
5644899,1,0.054466898481842226,0.04285353863974347,0.5292345451568011,13990.797336766325,403.29542561715994,317.3053099522146,-85.99011566494534
5664798,1,0.0731463224963343,0.04224575836901071,0.5319633081290067,14920.146474758018,580.5602021166083,335.30333693141404,-245.25686518519421
568273,1,0.07984251497871844,0.09528067211798204,0.5209495412663852,3254.7041400451926,135.37590867509107,161.55186958456042,26.175960909469353
5684764,1,0.08693414122468551,0.08525509376221378,0.5345681218737027,14565.217786153302,676.8780140623959,663.8047807399778,-13.073233322418105
571508,1,0.32455592990654075,0.05412458200173836,0.7487343131488237,13488.807335060596,3277.863290427686,546.6329963662322,-2731.2302940614536
571796,1,0.08252511615214857,0.10958967509943825,0.548747737653074,5638.313571114843,255.3336845185797,339.07174970519685,83.73806518661715
5755657,1,0.15387581433304479,0.16698898726852815,0.6599184315533082,16981.1548971086,1724.3596276943226,1871.308166026545,146.94853833222237
5760639,1,0.13099178134448508,0.14389527454075007,0.5701252077102721,14595.424598997282,1090.0113627907258,1197.3841617500234,107.3727989592976
5771095,1,0.029523792178183128,0.06751693093627742,0.5432605429855222,17251.117981581334,276.6926025586153,632.7586654445327,356.06606288591735
5772695,1,0.09760518645436639,0.08579116473624962,0.5362407500914956,15411.075139361961,806.6137987629257,708.9821740216202,-97.63162474130559
5781366,0,0.11512629038812877,0.10864618489166956,0.580837151027754,9006.339188812866,602.2505378452514,568.3517037268288,-33.898834118422656
5795846,1,0.10683776074188317,0.133598027741338,0.5633255712629275,17576.884857498477,1057.8550178346416,1322.8220344343297,264.9670165996881
579602,1,0.17257392435123212,0.1789963638873717,0.5892385349263757,4117.430809152346,418.6900363271256,434.2718309279265,15.58179460080089
5814940,0,0.2645169307468275,0.18020504698849676,0.7375537975882636,15008.188019825098,2928.02944753065,1994.7520284853879,-933.2774190452621
5835315,1,0.02353619110997119,0.027797686036503462,0.5398438153421886,20400.745920492882,259.20916859829674,306.14193489557215,46.93276629727541
584517,1,0.23977991514448974,0.2838874863814394,0.7262177466728976,7657.19580248098,1333.366109572887,1578.639115977452,245.2730064045652
5854799,1,0.13067602409598983,0.10777249480188399,0.5469430329288619,7148.953668054446,510.95245399998225,421.3980420178152,-89.55441198216704
5895514,1,0.12935700226539143,0.2103273091456381,0.5771410812093783,13803.221042769008,1030.5103882259752,1675.5527200415397,645.0423318155645
5935673,1,0.13181621783527897,0.08305099352741191,0.5247044990635401,12533.251287504761,866.8568426007965,546.1643734460372,-320.69246915475935
5946970,1,0.13496318626481826,0.17660015886051236,0.5666807310523527,14409.9892769057,1102.0909238881143,1442.0927485772106,340.00182468909634
5948772,1,0.1334760013312937,0.07092832797790129,0.593859100469484,12242.493712974576,970.4127486570005,515.6713793054209,-454.7413693515796
5957142,0,0.22171412949969696,0.13414107321763175,0.5856038923760826,10829.329669420988,1406.0439643170876,850.6821229222807,-555.3618413948069
5957578,0,0.22442099013522776,0.21862686520685262,0.6816616895560484,14770.903959394596,2259.6409425877628,2201.301293044573,-58.33964954318981
595847,1,0.3208643229989879,0.3686747807996812,0.7388650953121758,10545.601637610049,2500.1032389397674,2872.6316624350875,372.5284234953201
5965060,1,0.07843668659559563,0.04531485980429545,0.5448348232633482,15352.783152685262,656.1017757141857,379.04660783449106,-277.05516787969464
5967657,1,0.08128054038455015,0.07441018971521068,0.5449242888683662,13074.500363683654,579.0923794704773,530.1437910619702,-48.948588408507135
5969628,1,0.10400833037395449,0.11255620753806532,0.5593921868993826,6405.652677746441,372.69014422817656,403.31951364198414,30.62936941380758
599432,0,0.13644244532178612,0.39321248089720806,0.6648717892376593,15132.320780468468,1372.7547001147661,3956.1316863121433,2583.376986197377
602583,1,0.2610257411766186,0.26582493242606914,0.7003751627315979,12928.13437606077,2363.4691153762287,2406.923604752376,43.454489376147194
603935,1,0.07752957024575012,0.10768481549830447,0.546381674406427,15195.422824609665,643.6893008644334,894.0532416483857,250.36394078395222
607397,1,0.07966278320462655,0.11594434550253209,0.5453814534953135,4832.066698233867,209.93689072496528,305.55040148947563,95.61351076451035
607432,0,0.2629261740135047,0.2532096832890731,0.6776234738512862,2371.217769003657,422.4678890919411,406.85550154196216,-15.612387549978962
607825,1,0.29926163618559676,0.3746286540486029,0.6256661026326198,11780.268074644657,2205.712203132114,2761.205894648961,555.4936915168469
607867,1,0.12177363451060234,0.04285777373388696,0.5480590199467131,4791.324059714229,319.76884138627946,112.54144385488591,-207.22739753139354
609231,1,0.09687730770883098,0.006747137920803916,0.6276998091520807,10248.197735326283,623.1915470138894,43.40293323818885,-579.7886137757005
6115289,1,0.05334923914905673,0.053788742742606,0.5361348315284872,18571.43416631927,531.1873164037663,535.5633625879483,4.376046184181973
6155047,1,0.16634218866443642,0.2095246828842742,0.668517671369106,17525.74588681149,1948.9101327240517,2454.847930086535,505.9377973624835
6155863,1,0.304392133426825,0.3528263108708243,0.7640856856180321,15833.866620269091,3682.667172231532,4268.644717968376,585.9775457368446
6159214,1,0.06118021557587171,0.05360728749574366,0.5405058090885664,17967.88174123294,594.166619567565,520.6202772533918,-73.54634231417322
6187131,1,0.20913673249965217,0.18373683950508976,0.6828426750514095,14077.242825244295,2010.3356558767848,1766.1781139083564,-244.1575419684284
6187838,0,0.20557126783156338,0.2505370792025837,0.673405318177559,14201.80231542686,1965.9950468603781,2396.028695852209,430.03364899183066
6188359,1,0.1601151506883549,0.17537696391498103,0.6491099338149877,14714.276125009961,1529.2890735367196,1675.057441548723,145.76836801200352
6190343,1,0.25865725493515757,0.27416844373406285,0.5884111141015388,9236.837096363128,1405.8170809493597,1490.1212856189636,84.3042046696039
620545,1,0.048249684016815356,0.08120120000199896,0.5124900458994036,13904.04130722367,343.81194194685844,578.6139915729377,234.80204962607928
628699,1,0.15835238236709198,0.23045520435550815,0.6437049140034926,13823.721246987134,1409.0824111496825,2050.681967401433,641.5995562517508
6290804,1,0.18862350508022668,0.118614547247234,0.6011680027603005,13205.895261393365,1497.4747785818226,941.6763451622178,-555.7984334196049
6296821,1,0.10217156492255114,0.11149646773530165,0.6215318185722556,10467.473893495493,664.7147234120607,725.3813110161594,60.66658760409871
6299139,1,0.1597814493956176,0.1498284094186679,0.5597307823872539,11414.904827889206,1020.8873980214031,957.2947023555078,-63.59269566589535
6306316,1,0.12711492370719443,0.150077830609316,0.6597807717716677,18256.871921361693,1531.1670142072153,1807.7674681384146,276.60045393119935
6307997,1,0.27627355660863856,0.24647685442419592,0.7438094741216109,14324.556418001053,2943.623129011131,2626.1469912473212,-317.4761377638097
6309073,1,0.18234982109143538,0.22309595461820206,0.6459296626462625,5963.525997300538,702.4148543409717,859.3697077916389,156.9548534506672
637978,1,0.04186499907823198,0.046943784536795846,0.5075724958843262,15486.503510059485,329.080798160275,369.0027092838324,39.921911123557436
644787,1,0.15512613445130288,0.0390917287220037,0.6029493600738656,14821.252618114882,1386.2792372275612,349.34185697547935,-1036.9373802520818
6464975,1,0.21380921751073004,0.2264313252548436,0.6744238089064111,14616.751583547875,2107.7067373463988,2232.1340274394706,124.42729009307186
6475057,1,0.16524765878434872,0.34359207221133803,0.6204378881944146,17225.050800128443,1766.0139812984478,3671.993950488576,1905.9799691901283
6517228,1,0.11128981326927795,0.09596192721386233,0.5652470030370093,12502.724733314319,786.499320447472,678.1751925480803,-108.32412789939167
6522031,1,0.18315639242178045,0.1892446006893958,0.6662452144247142,13708.389264220019,1672.7945755413357,1728.3990872385305,55.604511697194766
6534691,1,0.15294873934866052,0.11914053218838568,0.6943150436438357,18354.666814068794,1949.1666956760218,1518.3175646668199,-430.849131009202
655111,0,0.3059052026175683,0.3221801873821692,0.7204080195188342,12892.011499675507,2841.097160968685,2992.251219853137,151.1540588844523
6552162,1,0.11688448751110958,0.14649033931415376,0.5472854026599666,15368.643489495604,983.1194266376098,1232.1352598717708,249.01583323416105
656256,1,0.09873816845230586,0.07913634984906298,0.5442807095935337,8518.777160653004,457.8099919636545,366.924080690565,-90.8859112730895
6576330,1,0.4458374930540673,0.47612958540383316,0.7891646045704916,12211.008211618002,4296.3109807131395,4588.220591319381,291.9096106062416
6578059,1,0.1563403208604434,0.10714990832744206,0.5950035111474118,14157.97406455029,1317.0177855435513,902.6355722563154,-414.3822132872359
6579363,1,0.14718434033043276,0.15689775332323302,0.5857239618467968,5777.099599239404,498.0402609594025,530.9083686050935,32.868107645691055
6595549,1,0.22972707716618773,0.09273108580309061,0.6828164561540517,15416.654560889272,2418.278460399651,976.1565339764484,-1442.1219264232027
6597524,1,0.0964680615025778,0.09951736445592049,0.5612560712679643,15094.794856027454,817.2817829521531,843.1156155766697,25.833832624516617
6617286,0,0.17137356068793883,0.10653256757366618,0.6283629287415913,14667.688879129868,1579.4870334439652,981.8714651585185,-597.6155682854467
661746,1,0.07847686497038374,0.09787743314225272,0.5233948505459284,11690.300889014774,480.1719430078137,598.8770992096762,118.70515620186251
6634845,1,0.045269726747602136,0.035272350676014905,0.5413135648581947,15012.276338929849,367.87759061235744,286.6354253532982,-81.24216525905922
666533,1,0.06315886265476837,0.31629516205885594,0.5285467194263226,17367.250041902746,579.7606555469202,2903.4007705918875,2323.6401150449674
6704581,1,0.09382611131009101,0.06810994277855967,0.548270894545246,11644.533497864386,599.0195591718067,434.8383123711729,-164.1812468006338
6705524,0,0.30913856472914275,0.33211321325737225,0.7805786585089388,17075.524411316954,4120.442991109234,4426.667255248793,306.2242641395587
6726084,1,0.2833970731101849,0.2892557032914791,0.6503364350758161,13287.704958605693,2448.9697633059723,2499.5969910713166,50.62722776534429
6739410,1,0.1557633266441466,0.24202302231473705,0.5764592021719074,14660.207694199962,1316.357685164301,2045.3393765692751,728.9816914049741
6739746,1,0.10324576158813081,0.0957260472064799,0.5537477751864985,13412.822008946772,766.8393457258521,710.9880180996983,-55.851327626153875
6765267,1,0.15418933899159834,0.11662882918433874,0.5712678671596075,12959.057754942285,1141.478059962977,863.4141020628315,-278.0639579001456
681508,1,0.17160316356819233,0.15322997245681577,0.6518030273694355,5936.928046075092,664.0540788921031,592.9552002579378,-71.09887863416532
6819576,1,0.11925891350962375,0.079185879172819,0.6535270767742725,16347.939956569582,1274.140933618432,846.0077913632023,-428.1331422552297
683134,1,0.10191914263848073,0.06748130475073247,0.5455463419086738,12536.669646876784,697.0590845649933,461.5271998671328,-235.5318846978605
6838661,1,0.2377602784163675,0.19702174840259049,0.6146111333348204,2761.3519411013067,403.51667444287943,334.3769667408923,-69.1397077019871
686857,1,0.28116968248959356,0.40784980248319636,0.713491008265512,14065.384074705833,2821.68539617152,4092.9869156176455,1271.3015194461254
686975,1,0.15166771011940267,0.2021003256818092,0.6380736792077235,17181.013635328745,1662.6955808407054,2215.575867355456,552.8802865147507
6874746,1,0.06476889294579777,0.11099903662597445,0.5714526295110741,19991.982840166704,739.9503497286449,1268.105293071268,528.1549433426231
6874851,0,0.22518494305251957,0.28043062118412637,0.6385071006285669,12726.863235995921,1829.8962054598303,2278.8332232315047,448.9370177716744
6895709,1,0.3904892381977003,0.4045879247895485,0.7963773531220176,11818.36095851879,3675.2359059414316,3807.9309820672984,132.69507612586676
6898008,1,0.08819070052757828,0.0946043213988066,0.5893490388855177,18254.44699163621,948.7767917063034,1017.7760693741536,68.99927766785027
6899720,1,0.23115175904873753,0.26288547999475603,0.6836392474801584,14352.49733606829,2268.0449897208164,2579.4140534606277,311.3690637398113
6904847,1,0.2933026085891037,0.3685549739932829,0.7267754216846343,13429.819279616284,2862.7691328441606,3597.2670286825046,734.497895838344
6927169,1,0.2908047926158571,0.27257164710847526,0.614096249548703,3927.172697044547,701.3228749190142,657.3506903101267,-43.972184608887574
6934690,1,0.175543109311469,0.10730830351038903,0.5917910328943357,10709.483975106144,1112.5530075702964,680.0960531918155,-432.4569543784809
695149,1,0.11514413138550353,0.07075443212332,0.546773075550498,12574.233287103412,791.6449434403754,486.4545656164758,-305.1903778238996
701962,1,0.07472744992367458,0.010925425769561209,0.5479364799534087,5854.980971058061,239.73744114463656,35.05048840935318,-204.6869527352834
7046405,1,0.21577576174382623,0.2899276576142163,0.7471538393922601,18692.940933383084,3013.632734803381,4049.27538037561,1035.642645572229
7052979,1,0.24048797670771596,0.26678993526414413,0.6774702563245789,13607.331376296985,2216.953389763438,2459.4196326806873,242.46624291724947
7059298,0,0.4018345113644423,0.5222948821927724,0.7990675364204001,11604.688470642628,3726.183226014656,4843.203791659749,1117.020565645093
7068414,1,0.24859602733472355,0.2814015138643058,0.7046017156043624,14241.605762318834,2494.5765751336194,2823.7684737731297,329.1918986395103
7071652,1,0.1647423641159671,0.1391638076857781,0.5572443275297981,13627.348598021536,1251.0144206428047,1056.7769327622311,-194.23748788057355
7091251,1,0.1254556419070565,0.13882122717750528,0.5742960662289126,7679.832813170034,553.3218293541771,612.2707134363524,58.948884082175255
7092269,1,0.09170065859215745,0.11024688836383678,0.5703647167307414,8443.836360810446,441.63645465630447,530.9563274833264,89.31987282702192
709633,1,0.21320601484930335,0.10011718998267821,0.5879205009935226,1777.8076311460682,222.84496351454382,104.6434434067819,-118.20152010776192
7098080,1,0.14658146119918955,0.1113207835498568,0.5931959273477979,14661.247386798132,1274.8178305313616,968.1559906490027,-306.6618398823589
711345,1,0.045950692490623356,0.025567651698650475,0.5219361956737006,11853.81470495788,284.29394540790236,158.18539791772773,-126.10854749017463
714755,1,0.07580972615770554,0.09123154758015965,0.5498351971406413,4989.630697721063,207.98205650461668,250.29143152882583,42.309375024209146
715676,1,0.059941260047075756,0.13421408631385187,0.5220195816898738,12066.35505422229,377.5624215358041,845.397567436447,467.83514590064294
723702,1,0.13897977575275794,0.042673473082619214,0.6523729781014003,7344.631905433296,665.9131718447927,204.46735980228718,-461.4458120425055
726324,1,0.23332090222890037,0.15327558831938945,0.7316306044461168,18268.887396217822,3118.5851748250343,2048.693335355297,-1069.891839469737
7267041,1,0.07978386088509538,0.09004607317506147,0.5398575412269317,14905.53171018272,642.0098539813248,724.5884775364715,82.57862355514669
730198,1,0.07960346583911143,0.08288021370188792,0.5297833013514947,12702.579795941587,535.7006506956818,557.7519011500633,22.05125045438149
730854,1,0.2527426393912302,0.18863889958754188,0.7773883549938395,17050.6646001067,3350.1006787642987,2500.4063701785594,-849.6943085857392
7334940,1,0.12439440503725135,0.09739815745252421,0.6497082166661241,15560.456229198779,1257.5971159279793,984.6716327178327,-272.9254832101466
7344812,1,0.03810887879571889,0.05520886313348623,0.5269303082774539,17596.17178511597,353.34385591044344,511.8941621082126,158.55030619776915
7389739,0,0.17232520517145025,0.1559405363475975,0.7004173064787456,17568.568104949965,2120.518370606506,1918.8996277028436,-201.61874290366222
739129,1,0.03722694503493869,0.008212908202083962,0.5212034348233247,10241.817138463559,198.7200485860332,43.84108111527834,-154.87896747075484
7437791,1,0.02793221200808829,0.009301458961166187,0.5540498063513355,19000.91731076577,294.05509257844153,97.92068652308265,-196.13440605535888
753084,0,0.27990809194918076,0.20289876687032465,0.7851762670315545,16103.715168433906,3539.229280333746,2565.503739639798,-973.725540693948
7564717,1,0.1793203285482095,0.1335690666182278,0.596337312160336,9680.473503618992,1035.185332844186,771.0711875463936,-264.11414529779233
757409,1,0.04322388446001386,0.03461803703541904,0.5267494921954573,11833.556677588547,269.428302219548,215.78530160228445,-53.64300061726357
7645638,1,0.0971722557498117,0.09978729380999635,0.5319284977444295,13031.5602236581,673.5843029855072,691.7113761450028,18.12707315949558
7649814,1,0.22646368587975532,0.25814299756941195,0.7308219478979211,18955.732141000597,3137.2614730979103,3576.123375712137,438.8619026142269
7667981,1,0.24228610467398334,0.10016064089175206,0.6877674884346806,12878.932565945293,2146.100319860974,887.1940210707061,-1258.906298790268
7678508,1,0.048976156501464536,0.044333680213851534,0.5291669244474715,15305.101210949175,396.65560608959765,359.05640727201273,-37.59919881758492
768643,1,0.17759841113194763,0.1390556699294402,0.6455698862517943,3295.8964412184923,377.8817320557591,295.8731278630136,-82.00860419274545
7700425,0,0.1280724395877024,0.10410061891145081,0.7171205917332741,18412.37988376088,1691.0552697921114,1374.5338244945299,-316.5214452975815
7704594,0,0.22754945101260327,0.2312560106309281,0.6211762054473173,6495.008110880879,918.0583843921916,933.0126640870443,14.954279694852744
7705334,1,0.18510551825569369,0.24321811837516386,0.5937052380140105,13283.60409656756,1459.8430608966225,1918.1507160897127,458.3076551930901
7717418,1,0.28287554459294995,0.12075138233509576,0.7953294265996868,13298.50297655964,2991.8871550435792,1277.1500282288212,-1714.737126814758
7720162,1,0.16659846714669216,0.14502921446641043,0.5659207590547927,14019.014796202915,1321.7341778876726,1150.6112441218938,-171.12293376577873
772289,1,0.21782137163975573,0.12978707395976252,0.6944391857496771,14423.079047256404,2181.688243816861,1299.9410082023524,-881.7472356145086
773117,1,0.2977030259184812,0.17077008946877523,0.7200628685967081,10423.822549962708,2234.5016246783343,1281.7674297638175,-952.7341949145168
77757,1,0.10093589409489066,0.12194878560030895,0.5519692260348734,3755.973351300019,209.25844888661942,252.8219910980044,43.56354221138497
785696,1,0.2887821000054491,0.7215915211937545,0.7165927565611051,11370.981672883203,2353.1014081381295,5879.789725850455,3526.688317712326
789616,1,0.0924101729501273,0.02094855280543935,0.5449469656636738,9210.178012000579,463.8120696560747,105.1420132958101,-358.6700563602646
7926503,1,0.07052814282974831,0.05882442663492714,0.5295117462653739,15162.615688042544,566.2551619964712,472.28856307641803,-93.96659892005317
7935045,1,0.17136303220746835,0.17447118293165714,0.6574843983868258,13368.276220184645,1506.1838985064348,1533.5027812000865,27.31888269365163
794591,1,0.24001625298707274,0.2216350571161793,0.7243025096386771,17345.688162131704,3015.45030695506,2784.517684512729,-230.9326224423312
7956257,1,0.1748478840130451,0.14882690440162014,0.5764606903363905,5431.229429998995,547.4295381907446,465.9607063981311,-81.46883179261346
799805,1,0.10296063657747535,0.0809142156891345,0.5643424532979564,6806.374203597416,395.4847694981686,310.80169086622715,-84.68307863194144
800278,1,0.1738900985899734,0.21469580704153435,0.7002957221357287,16232.320445498211,1976.6825788990286,2440.5383916789533,463.8558127799247
803785,1,0.3039969358615716,0.3607988779961351,0.7056775388420916,10747.66424432737,2305.6298770740714,2736.4376892979362,430.80781222386486
8134710,1,0.10918345426075336,0.11310526534573734,0.5463387864009566,12412.92623436393,740.4453979301553,767.0417992721824,26.596401342027093
8145202,1,0.09140910790152636,0.09972683731292248,0.5504144095610425,15870.635025169508,798.497516697487,871.1564281783477,72.65891148086075
8145664,1,0.3680184651474325,0.5175557036642116,0.7351001259089497,11231.014582251011,3038.3310927115554,4272.898605843642,1234.5675131320868
825531,1,0.33890656881853876,0.3203328328257627,0.7101065229984398,3300.1146914348346,794.2048267904896,750.678521506943,-43.52630528354666
8274727,1,0.0366532667661121,0.018081815461206865,0.5495191696110192,14092.87351692175,283.85404601773155,140.03107856009444,-143.8229674576371
834791,1,0.31277180292542645,0.39217348194763746,0.7423304294561991,15086.513365208903,3502.787077262995,4392.0206097956525,889.2335325326576
840992,1,0.06548032154812307,0.07633736258861562,0.5471727419715982,13326.4421965385,477.47372495754297,556.6418124845885,79.16808752704554
843108,1,0.08239925008926845,0.1422803235615388,0.5510856483050383,4778.42644311271,216.98377734812703,374.6699395352531,157.68616218712606
846992,1,0.35323482083409447,0.15969884082968366,0.7733208604990327,12557.2208148948,3430.1788534881052,1550.797244300639,-1879.3816091874662
8475064,1,0.06292038901159591,0.07126605706591176,0.522335645642967,8212.876881691074,269.9208145053471,305.72271519602833,35.80190069068124
851300,1,0.11630439185945242,0.13393156276972057,0.5382092940050665,4120.985411437423,257.9576340027845,297.0538644157371,39.09623041295259
852817,1,0.03748747582664254,0.043079779986469356,0.5052338557890365,6392.885718699333,121.08088444154349,139.1434805168098,18.062596075266313
8614634,1,0.094752700530252,0.09747444737305715,0.5352301532363481,14418.790775159348,731.2417997232245,752.2465314995858,21.004731776361268
8625579,1,0.30248528000850833,0.32544377865938034,0.7215440703840788,14817.186947834402,3233.946772890821,3479.401899237192,245.4551263463709
8627040,1,0.10227734221650558,0.110069355822997,0.5701714329471936,15094.022149169148,880.2172413510802,947.276714863378,67.0594735122977
8640271,1,0.12469728118760395,0.11350196827599271,0.5508911971482109,12986.93695073711,892.1328872946008,812.0372610156605,-80.09562627894024
8655458,1,0.13383491825971083,0.15038380709394902,0.5663753353524412,15334.725542248263,1162.3844134501646,1306.1149935631179,143.73058011295325
867191,1,0.07497435597892044,0.048852857333018494,0.5191967173511,14522.810333486872,565.3212979583147,368.36009267274346,-196.96120528557128
883868,1,0.12570325158575607,0.13991687139136846,0.5689201635270117,3761.2407885338325,268.9855654586537,299.40051902903684,30.414953570383148
885696,1,0.042054355814386206,0.00942821809730909,0.533172704851176,16034.768373578872,359.5353388757293,80.60467276140542,-278.93066611432386
8865551,1,0.06715374799046464,0.0678091836263955,0.5216949671546702,15749.206384043975,551.7541111863873,557.1393550121564,5.38524382576918
890836,1,0.2974890295028409,0.14865760566923053,0.7488382078037515,14157.8417262631,3153.958706863615,1576.057949180577,-1577.9007576830381
892904,1,0.058774215605886776,0.051171747260999156,0.5231927627034267,6567.78947645306,201.9611305084464,175.83737733266778,-26.123753175778603
8969195,0,0.1223902653124896,0.1350320292967319,0.5380388028928452,14098.668790884523,928.407375798167,1024.3031310373908,95.89575523922383
8992303,1,0.0489821737541864,0.03386977460121274,0.533265859705824,18406.958323979692,480.79934139768454,332.4590166878681,-148.34032470981646
8999317,1,0.2894873753556417,0.30894635699505973,0.6371756808469385,6247.735171333565,1152.4217143837848,1229.8860699658242,77.46435558203939
8999566,1,0.24616970694915352,0.1990034510878406,0.5789616976685524,12841.658111815976,1830.2294746069726,1479.5564663230602,-350.6730082839124
9038224,1,0.039445961209058696,0.03272237747008071,0.5097009711390221,16302.988553805972,327.78209599413805,271.9114744399041,-55.870621554233935
9058290,1,0.07304893822784084,0.08894969035296907,0.5231196396264088,13955.219834190471,533.2754799283189,649.3549388015108,116.07945887319192
9077631,1,0.04625295730308152,0.04364259234797515,0.5213021449315466,14819.024651030359,357.31285253360085,337.1472890183645,-20.16556351523633
9155327,1,0.23500952826811805,0.16721765280710615,0.6034134770203802,10433.847460686138,1479.6021703675183,1052.789662787138,-426.81250758038027
9196427,1,0.11915109857108036,0.1394025449760319,0.5962113790270275,16799.431990163735,1193.4188943121746,1396.2576349252265,202.83874061305187
9209669,1,0.03500073193888082,0.03636466555893048,0.5319032249724454,16931.290445503895,315.20987138282527,327.49319567733755,12.283324294512283
9219357,1,0.09471916766770079,0.053392197658851434,0.5433994833730995,13326.84646536244,685.9374090048283,386.6556962543378,-299.2817127504905
9225255,1,0.2542315561050613,0.2795717720264662,0.7404939399389311,15440.014712105563,2906.6897169317103,3196.410419475569,289.7207025438588
9238284,1,0.08208353590487387,0.10132643115460117,0.5659876154044889,15989.820321089928,742.859305794411,917.008282798193,174.14897700378208
9239287,1,0.22779799534928216,0.1299203935919835,0.6820194439127971,14473.319621131377,2248.6134659450254,1282.4553002930213,-966.1581656520041
9445274,1,0.15371471040094128,0.0891461358618043,0.5896958472676591,14365.458898214294,1302.1559643496528,755.1793332491754,-546.9766311004773
9494641,0,0.11502670873479885,0.12301447066160168,0.5536956254868931,12716.69083815983,809.92331099701,866.1665492707208,56.243238273710745
9656225,0,0.1701511377914532,0.12695060965878432,0.684474524795712,18614.30885362652,2167.899084842671,1617.4802829518428,-550.4188018908283
9676655,1,0.17790480995549277,0.21380187697813346,0.5781346378674187,10468.185063616986,1076.6835357078173,1293.9333169427737,217.24978123495634
9767121,1,0.0686733029496065,0.036279512215509825,0.5341966444341558,15535.562030463923,569.9228387617666,301.0853083028246,-268.83753045894196
9776163,1,0.10936963913604825,0.00878149851447221,0.5835331016155775,16402.321778289857,1046.809375620113,84.0503365427466,-962.7590390773664
977812,0,0.369829250473823,0.5096275383570625,0.7416230684523134,11467.379074549921,3145.202822147607,4334.113566818115,1188.910744670508
981504,1,0.10114429558358473,0.06411307190054702,0.5459217578115897,12010.812518391582,663.1994930913743,420.3870968663346,-242.81239622503966
9836687,0,0.05275786423204446,0.06351243417909132,0.5424421609748716,15684.156894962442,448.8506117504687,540.347782269233,91.49717051876428
9876800,0,0.2698511530182598,0.22890508495195747,0.6547988193452174,13070.790130482768,2309.5853029336236,1959.138636461709,-350.44666647191457
995327,1,0.15756311819697716,0.16834757752423737,0.6495452275049608,11313.896409660114,1157.9136167609606,1237.1673942143123,79.25377745335163
10066154,1,0.03821408618267267,0.036806559450770646,0.5110449614754445,13842.842929141349,270.3384881159916,260.3812004585998,-9.957287657391817
10066742,1,0.0958845611666001,0.09395787337928764,0.579937754073835,16758.15637118229,931.872092603807,913.1472159572163,-18.7248766465907
10068926,0,0.1153040043665588,0.264458260398307,0.642786034667673,22397.89774572639,1660.0381936919187,3807.4203520535957,2147.3821583616773
10071153,1,0.11371794769177156,0.13271580502275152,0.5680194267114695,14124.106494027166,912.3325836695292,1064.7479641329262,152.415380463397
10075650,1,0.07155275282807062,0.07499947424606633,0.5503208815620406,7267.57877344372,286.17526051047673,299.9604240536885,13.785163543211752
1008285,1,0.3100183995955816,0.3514018873860343,0.7018418576488024,9194.495458346757,2000.5740836100363,2267.625114358445,267.0510307484087
10116436,1,0.08166811591330216,0.06975975784787496,0.5828567504302088,19195.20705189379,913.7074547508417,780.4760777741276,-133.23137697671416
10129437,1,0.2735765210705902,0.24403634764439275,0.7060336513448481,15365.19532082015,2967.8524724321774,2647.3904810451536,-320.4619913870238
10136891,1,0.12587287552030205,0.07782258267316185,0.5724664568042087,15075.874302054232,1086.3373362388322,671.6425346678698,-414.69480157096245
10139684,1,0.056414131342590136,0.20218196471885172,0.5235618835215324,12814.602941968005,378.4958141580734,1356.4868504244378,977.9910362663643
10150683,1,0.08356913255484553,0.10200792361528653,0.5487590388897389,15706.73475702984,720.3001260844634,879.2279876003676,158.92786151590417
10158526,0,0.3538762938238377,0.250995449506028,0.7270954385271577,13314.833295038323,3425.9310933537904,2429.9257389111062,-996.0053544426842
10159834,1,0.10728188976985507,0.14920259500156152,0.5582633425442451,14962.974789181404,896.155698529864,1246.3311005513563,350.17540202149223
1016084,1,0.2075683328761781,0.1607176552918178,0.676182446534352,14932.370091031491,2095.818814695053,1622.7672166890688,-473.05159800598403
10162035,1,0.07789459537041495,0.06701810608103025,0.5625640156995408,9133.619964739464,400.2415872600453,344.3555104879769,-55.88607677206841
10174617,1,0.09234176675906028,0.11525427412255897,0.5331201998595737,14101.708043268933,694.2166679228084,866.4707309964305,172.2540630736221
10183413,1,0.1946527572472033,0.23011436193712884,0.618370979137759,12283.032889729213,1478.479387301812,1747.826979990245,269.347592688433
1028073,1,0.08627029518801692,0.07327411853078555,0.5641719485775589,19277.100758838398,938.2411790425422,796.8999667127201,-141.34121232982204
1033026,1,0.3157726296354693,0.20233016624504863,0.7502281939762553,14734.063045523417,3490.5220732753464,2236.5393485277677,-1253.9827247475787
1033445,1,0.21169337234765048,0.21401550687108395,0.5929757212709165,11649.51554398485,1462.3523880250716,1478.3934143831461,16.041026358074532
1033865,1,0.07768920761718326,0.03286731478915401,0.5277566007259973,11487.11001007534,470.9829070637261,199.25474775148186,-271.7281593122442
1035386,1,0.3253872506282287,0.4160180305586281,0.774960187926294,14159.781829590043,3570.5612405998277,4565.077004201608,994.5157636017807
1037135,1,0.04619846892600922,0.03770791132824754,0.512374140998173,12790.725901901169,302.7680043854549,247.12397029178805,-55.644034093666846
1037462,1,0.1558392143792947,0.20839700501692618,0.5947289818438793,14311.524626940656,1326.4221179732665,1773.7666214169712,447.34450344370475
1048645,1,0.06090115146243957,0.07049290658645903,0.5292052029835007,8372.941663882879,269.8532635667854,312.35437169684184,42.50110813005642
10494782,1,0.10552949649771963,0.0763855692215361,0.534068308586195,14876.942037559951,838.4638537034032,606.9065129880648,-231.55734071533834
10515388,1,0.050000824848333604,0.05018129886839299,0.5302967800770678,17421.101876129866,461.92533175640375,463.5926146830798,1.6672829266760232
1052446,1,0.29549586100752007,0.25927178479428303,0.714977401971807,13808.51450413988,2917.3643930194175,2559.7322090889966,-357.632183930421
1053325,1,0.19086896777799425,0.1249767601830289,0.6128560903300692,15758.864014853862,1843.3964173779614,1207.0150253280794,-636.3813920498819
10567003,1,0.05576183988711032,0.044207412524232555,0.5392600124752328,9837.25622017826,295.8075780387147,234.51320215806535,-61.29437588064937
1057219,1,0.19074655226089166,0.1722273430159014,0.5808743509022066,12762.424431035386,1414.0738157970943,1276.7841580171178,-137.28965777997655
10577843,1,0.21514621723254443,0.1866743363516693,0.5822160914831311,11950.435753795682,1496.9305800625893,1298.8307495811898,-198.09983048139952
10588489,1,0.17953201905080032,0.19730376005545497,0.568899205041383,13585.796064663124,1387.5937438941448,1524.9506163147023,137.35687242055747
10598292,1,0.09333012853321157,0.13416117066717267,0.5723793004767275,17585.600721413542,939.4268999981128,1350.4172193990958,410.9903194009829
1060427,1,0.20189935807660167,0.43417722324562286,0.6955035537641839,17501.71786718112,2457.6213441533187,5285.02527773675,2827.403933583431
10604666,1,0.21001844582568538,0.20040317411195827,0.602818042213626,16145.97806708756,2044.1277813095494,1950.5415062678662,-93.58627504168317
10608913,1,0.08102801112010642,0.06682339054168385,0.5321358404683553,13869.853693569774,598.0390866131097,493.19980697419885,-104.83927963891085
10627538,1,0.27053218252233885,0.2533313942819737,0.616777036790112,10857.146781316002,1811.6022090411498,1696.4181829376328,-115.184026103517
10695788,1,0.12337514028744229,0.12337910384081112,0.597718981216087,17988.906447503745,1326.567857681501,1326.610475039334,0.04261735783302356
10696900,1,0.11189795764720259,0.05445373642886528,0.574868146769212,7476.025197684881,480.9070697130249,234.02738862754987,-246.87968108547503
1069710,1,0.10797405524753365,0.13417070777201395,0.5432448084474079,13087.329492656409,767.654913329528,953.9032576850396,186.24834435551168
10705517,1,0.15007371887167664,0.10909160399111467,0.7082560076322287,20096.934925016525,2136.115532170542,1552.7853342134913,-583.3301979570506
10706842,1,0.12040133597495896,0.14006078688679793,0.547276882857588,11752.643741973125,774.4154009105597,900.8640107726602,126.44860986210051
1073172,1,0.15651953029836085,0.1496989017762351,0.56026445953101,3056.1146189298533,267.9978118297275,256.3193106500426,-11.678501179684872
10755800,1,0.23785437960229283,0.24867008285840966,0.6419827246219989,11961.211616674993,1826.4579079879798,1909.5105167968509,83.05260880887113
10787164,1,0.07312570355132224,0.11162422723895946,0.5280224404419293,13246.371276308662,511.4690526143384,780.7424063229528,269.27335370861437
1085192,1,0.05954359571610791,0.061772719861605284,0.5379661150853815,7236.135231344908,231.79104494906574,240.46856952231306,8.677524573247325
10914860,1,0.2110859725090439,0.1622847495876086,0.6807657475761848,15358.9612766315,2207.084269473747,1696.8257707174325,-510.25849875631457
10935068,1,0.15161297909990712,0.20962995550057237,0.591145759600241,11432.114559825488,1024.6074938230388,1416.6888917481087,392.08139792506995
1095778,1,0.2889263182567103,0.5495626183716439,0.7535951175894364,14917.897410826863,3248.125460676246,6178.212991254154,2930.087530577908
1095998,1,0.055040285072253455,0.08195283272024849,0.5256749071578954,6776.163358115553,196.05674523499218,291.92082898603087,95.86408375103869
1097647,1,0.051861381135984375,0.049873899319373624,0.5097098074968622,10691.790864046809,282.6295217803863,271.79832093166544,-10.831200848720869
1102868,0,0.1263518990657841,0.042404623441631546,0.538647146794596,4630.732479790815,315.16343825543794,105.77115991611397,-209.39227833932398
1104690,1,0.29370845433189113,0.5446689932625277,0.7573520371339315,14447.84097661733,3213.7878055949186,5959.823569309856,2746.0357637149373
1105692,1,0.073288764983724,0.056948893293155674,0.5278832570060588,13193.042254168398,510.41125723440564,396.61408171256386,-113.79717552184178
1111265,1,0.08638509412302171,0.03279381736902195,0.5454061121170278,15244.49781969886,718.2438795445219,272.6623018857566,-445.58157765876524
1112945,1,0.06352085737554598,0.04068649647955586,0.5346773886943814,4981.2735065774605,169.1798197384245,108.36336952292497,-60.81645021549953
1113863,1,0.09790183130832256,0.06404212617546196,0.5409417424762047,10852.471706305229,574.73808088893,375.96282114697016,-198.77525974195981
11164665,1,0.09637531434933554,0.1504734678860318,0.6559564947032243,18819.310378037415,1189.719415215491,1857.5421250498982,667.8227098344073
1117905,0,0.08286676627706917,0.0314844213125732,0.5184974421612385,6363.893185906203,273.432347845765,103.88795927281609,-169.5443885729489
1120049,1,0.09114732244708251,0.1382457961743197,0.5429202706368733,13952.99033153696,690.4738978785805,1047.26185242829,356.7879545497095
1121783,1,0.044485562294080135,0.03681764778434518,0.5118752910190832,12543.37124152894,285.62586096731025,236.3929285118689,-49.23293245544136
11235483,1,0.13069067376141144,0.17242913102055932,0.5900965609493238,11748.560779729605,906.0503834975818,1195.4141469386307,289.36376344104883
1125295,1,0.12782133244299418,0.12166899035250847,0.5312620441479783,11665.728593503707,792.1802261461169,754.0507241653514,-38.12950198076544
11385713,1,0.14926277415657202,0.12368607241005458,0.5608572355757876,12369.306645394108,1035.4978279474901,858.0616302469299,-177.43619770056023
1139604,1,0.2098455935224348,0.01683355185306011,0.6168218947594392,11968.128207247184,1549.122878636991,124.26870570198365,-1424.8541729350072
11406531,1,0.07492574738749742,0.15930875220449822,0.5542206556077381,17582.83506529086,730.1342036408628,1552.4272093315174,822.2930056906546
11455852,1,0.1097448764992832,0.09707840300664612,0.5422045824912469,10594.020706750554,630.3884614826319,557.6306344920827,-72.75782699054923
11455967,1,0.2685474786256969,0.15048699242625482,0.7096993727862364,15254.079762859397,2907.24420519633,1629.1437139070922,-1278.1004912892377
11456863,1,0.16781615500924382,0.17389262852574008,0.6945417305074365,17477.941950728506,2037.1471643252962,2110.9104488704957,73.76328454519944
1148962,1,0.11653844246302808,0.08800172536957634,0.5623338884040238,14271.54158990986,935.2642919738867,706.2465365998736,-229.01775537401306
1153441,1,0.12706013069786806,0.0764100332303907,0.5865767701205157,12562.134773619588,936.2624505028729,563.039283545235,-373.2231669576379
1155752,1,0.11014114294765631,0.08075833068381419,0.5733152068003367,15258.91260016122,963.5330716452237,706.4873338176303,-257.04573782759337
1157671,0,0.14391148053902778,0.1945217099514973,0.6164031949835589,9358.14103859179,830.1372624828796,1122.0767042892908,291.9394418064112
1157719,0,0.27175468393522506,0.3475320760825977,0.6577916438510685,13394.861112701623,2394.4380506062066,3062.1147526446734,667.6767020384668
11624695,1,0.10891888409071435,0.14906236502180265,0.544186068595271,15332.679760990335,908.8007310820418,1243.7511404891584,334.9504094071166
11636519,1,0.20650131694945023,0.21320233095509022,0.6019504293955956,5080.160637187028,631.482034328705,651.9737678384847,20.491733509779692
11644831,1,0.25198892887773305,0.32691026633620074,0.5937337731563628,11988.219173769503,1793.6094699223765,2326.8853601102337,533.2758901878572
11655420,1,0.2671920265962694,0.3209367644494301,0.5874938865515155,9452.86996502841,1483.8518053960238,1782.3233852177175,298.4715798216937
11665094,1,0.2884086266367233,0.29248418434240936,0.766106059935078,14127.160895436116,3121.4187553274564,3165.528123376879,44.109368049422756
1183338,1,0.22139550001016406,0.21456511363554065,0.666277287647819,3232.5010466140484,476.82879354876053,462.1179033349393,-14.710890213821244
1189540,1,0.24498855600505076,0.07182114561572824,0.7285660126396118,17964.095054740887,3206.417351315357,939.9972441523765,-2266.4201071629805
1195403,1,0.08052777140361028,0.07389805336985758,0.5391333134487052,11336.83223262076,492.19088660375473,451.6696261728551,-40.521260430899645
12044817,1,0.13916587472318193,0.2595123783866702,0.5911835866782098,13496.723302414886,1110.4102606204656,2070.659982497688,960.2497218772223
1207818,1,0.15209441837283735,0.19172970281926782,0.5779087040733797,13232.9684289567,1163.134100207125,1466.2428625421244,303.1087623349995
1209649,1,0.1492850630443358,0.12059007128119455,0.5533734219575484,12040.401710274446,994.662235096175,803.4721450687766,-191.19009002739836
1214049,1,0.04082491793638081,0.02051746231459268,0.5193115052572836,6090.495583000466,129.12368075663125,64.89395172757426,-64.22972902905698
1219105,1,0.1074581394618353,0.11057178863425693,0.5538468844346315,14605.146403814044,869.2304839757784,894.4168383145864,25.186354338807973
1219943,1,0.16414689763173382,0.3114236646460538,0.6476988265857385,12996.295370678996,1381.7369209238764,2621.4663919891177,1239.7294710652413
1221713,1,0.11976018630817628,0.1454486860242048,0.5602093269624816,11449.709484278284,768.1698641460797,932.9419135665725,164.77204942049275
1223309,0,0.19073476469974004,0.08797079777207942,0.6014875122153215,6554.578082041621,751.9712117204161,346.82459435656517,-405.14661736385096
1223345,1,0.12376107995507804,0.04906862344098035,0.571984094236524,6797.673424322474,481.20301387025313,190.78671174196936,-290.41630212828375
12255460,1,0.1826754924077971,0.3257660739273335,0.5608649743929648,12063.59987741551,1235.9916316483336,2204.1497517919406,968.158120143607
12295950,1,0.09223972494133219,0.06897658978571972,0.5723088734754633,17953.869905384083,947.7778454297911,708.7454314698414,-239.03241395994974
1229917,1,0.10219217816297897,0.056596835771700334,0.5378870005229721,12218.133235659363,671.604443978092,371.95299192812666,-299.65145204996537
12326398,1,0.0769861845621036,0.06309901676054969,0.562440369452726,17805.48472186691,770.979947178213,631.9065801968936,-139.0733669813194
12335106,1,0.22772232721205357,0.2242429330507505,0.6793312619130403,13983.099454970234,2163.1700470939463,2130.118737088864,-33.05131000508254
1236450,1,0.1379118553658472,0.09305977086855792,0.541719766283617,6263.486864463744,467.942460806684,315.75688737433325,-152.18557343235074
1237186,1,0.33978169162655375,0.3952374965676056,0.7751317790362062,14632.589158291485,3853.866760569149,4482.856752112954,628.9899915438054
12396656,1,0.18137673590573683,0.1406494265993062,0.6370451281999124,6882.098235383129,795.1931828811598,616.6362221119606,-178.55696076919924
12418447,1,0.058553973206163,0.054515141718716735,0.535091202471978,15626.054790000086,489.5911098243657,455.8209678158933,-33.77014200847236
12427106,1,0.07438516708549359,0.05361187052341492,0.5569558325944279,19378.157101448374,802.8225667723982,578.6209964899193,-224.20157028247888
12446654,1,0.10981583266603427,0.11510193538310864,0.5572187782170877,17978.05214741749,1100.102973132503,1153.0576079438817,52.95463481137881
12455296,1,0.13531197072523476,0.13287368868908175,0.5482819763439162,2982.7256057489785,221.28577217964684,217.29826745061217,-3.9875047290346686
12475372,1,0.13250462433934168,0.1844510670363002,0.5910957004379067,15331.67426558879,1200.8214009187448,1671.5853489931696,470.7639480744249
1247994,1,0.0651940639742533,0.049447865791567354,0.5223776673052638,13213.439023274568,449.9958627481255,341.30921853126785,-108.68664421685764
1250730,1,0.09460082735628482,0.06799645673854773,0.5393495491801372,12499.295612728001,637.7504799425918,458.3973959982873,-179.3530839443045
1251747,1,0.3314891856263743,0.29969324999541597,0.7473951633502431,13846.234883455956,3430.451963976828,3101.4082588990977,-329.04370507773046
12519203,0,0.3025720449660827,0.3545990196600768,0.6268974808317105,3827.5902881907477,726.0236519496052,850.8627267936064,124.83907484400117
12528021,1,0.1644637791774855,0.16769017923041346,0.5965685460963958,15009.364443962519,1472.627546725052,1501.5171029450232,28.889556219971155
12528200,1,0.14699019935028731,0.22707861105691096,0.544834288074604,11934.389030063696,955.7691331523758,1476.5251575045575,520.7560243521816
1257137,0,0.21936515912589596,0.22275565947968132,0.7230867260979118,17093.80267098201,2711.4195733781053,2753.3271810375463,41.907607659441055
12587446,1,0.3841343959846753,0.3670610286265406,0.7439421985288669,4255.05678324173,1215.9836911848688,1161.9376685477082,-54.046022637160604
12596572,1,0.05156530151566335,0.029047461957172283,0.5206090724900375,17157.732663469913,460.6055752437195,259.46561992058355,-201.13995532313595
12607636,1,0.04719864750237197,0.0449837996969456,0.5327370149220937,19511.421682347325,490.60429039614434,467.5821511311992,-23.02213926494511
1261002,1,0.1278850706377277,0.09802070442358256,0.5690080535649289,3913.753550794572,284.79459034786197,218.28792229393784,-66.50666805392413
1275584,1,0.196425668537038,0.10229920290785413,0.6071765243885439,16448.28980565258,1961.7061837711628,1021.6637185651631,-940.0424652059997
12756786,1,0.3387195119473668,0.20364405553420956,0.7328831072949019,10542.91087575296,2617.191261780377,1573.5008579619985,-1043.6904038183784
12816075,0,0.20733307073280968,0.2298243970205014,0.6608950245497701,6080.568206246127,833.1922595066364,923.5762918402556,90.38403233361919
1283203,1,0.13844950725558963,0.0855819090505138,0.5426422890074957,3281.482520529865,246.53304832447245,152.39323951294958,-94.13980881152287
12876639,1,0.16953355483078691,0.12228668109251992,0.5871550355019903,14978.746806568332,1491.0216104910146,1075.4926030198421,-415.52900747117246
1288640,0,0.12491058834695337,0.06363445749960508,0.5584294044622933,11220.245892802566,782.6541760233806,398.715389625038,-383.93878639834264
12925840,1,0.21605698709192064,0.10187031238384636,0.5952506787258117,4872.746535143064,626.6745187613291,295.4754199273032,-331.19909883402585
12965611,1,0.09629350032860175,0.055824828360018564,0.5549099124648664,8127.802613122314,434.302775376119,251.7810424267043,-182.52173294941468
12977674,1,0.07986073007024169,0.10952263427520098,0.5563778788629545,10786.385726074086,479.2687113473599,657.2788872112162,178.01017586385632
12995996,0,0.2425601242506411,0.1490824421228918,0.6326050430142461,5281.698990326942,810.4490225287034,498.1186411738503,-312.3303813548531
1300249,1,0.38581136543746297,0.24873578291032616,0.789541619657213,11455.207318020886,3489.418015153941,2249.656696651666,-1239.7613185022747
13047785,1,0.10362480842980644,0.08074459721468129,0.5692106736211502,13884.613876163037,818.9748829741382,638.1463865333108,-180.8284964408274
130797,1,0.15527167517518564,0.145163143058817,0.5909527474458252,10717.367667675559,983.4066129089713,919.3846506365613,-64.02196227240995
1313571,0,0.1719721049673063,0.4143598443339678,0.6184666047758497,16995.587208652727,1807.6337257878558,4355.420487367303,2547.7867615794476
1320029,1,0.054559671504309494,0.04567493722883595,0.5109219138798683,12779.69356717803,356.24331018130727,298.2310996765939,-58.01221050471338
1322465,1,0.06714872965466172,0.06461758643512887,0.5347085318450505,13694.14749796913,491.68834741247883,473.1543612436131,-18.533986168865738
1327639,1,0.14343653771879894,0.16541913675356398,0.5641456287871611,12045.34351299224,974.6983052191259,1124.0772735368262,149.37896831770024
1332054,1,0.25622191375375286,0.3138941411628909,0.5769454701248301,9169.966692875081,1355.5601610438014,1660.6791601533798,305.11899910957845
1334112,0,0.13776651858228825,0.08800238769096913,0.5621376363952756,2438.7761664712298,188.86795986593418,120.64492590481395,-68.22303396112024
1348780,1,0.07667806476844297,0.09822311758709132,0.554035746684071,15223.421741774753,646.7273223398099,828.4451886051138,181.71786626530388
1350174,1,0.3808942165102689,0.3331184276330792,0.7390640020717781,14855.868275199224,4182.004229705298,3657.45294354386,-524.5512861614379
1354683,1,0.20026246064496186,0.19080512091143714,0.6810719746016943,15288.286630554949,2085.217564153906,1986.7437370621763,-98.47382709172985
1363664,1,0.11238987938710188,0.03299912156565099,0.582741386481337,4138.102287345979,271.0218401048175,79.57551602810663,-191.44632407671088
1365248,1,0.16122284860062963,0.18234233801216687,0.5680703561030184,5424.431450000981,496.801550339223,561.8803848412425,65.0788345020195
1365606,1,0.11125164596725945,0.17816131114771194,0.5620609770404607,5121.028464093907,320.2189792827183,512.8070933906065,192.5881141078882
1369194,1,0.36024887904181635,0.26004046258179375,0.801101251062434,13144.840303970792,3793.5460674330366,2738.3165683247694,-1055.2294991082672
1374170,0,0.1258418343375785,0.15736456607165666,0.5629360662935879,11100.612700794512,786.3774741686641,983.360983590844,196.98350942217985
1377738,1,0.07109612542668166,0.03775469044739788,0.5300271343840505,14979.695317720352,564.4779955687329,299.75883860285705,-264.71915696587587
1383199,1,0.25700080387718,0.08524799038284053,0.5869605776700163,8961.875599792535,1351.8930221278376,448.42724851576327,-903.4657736120744
1383326,1,0.13626178429639788,0.160271408290161,0.5520656583904359,9604.9595137101,722.5374176049074,849.8500886351299,127.31267103022242
1384366,1,0.07117776658651741,0.09933433022688588,0.5497906262258621,5156.1034110418,201.7731186384699,281.590706746606,79.81758810813608
1394772,0,0.16964449042832963,0.20634671919844477,0.5506848139062316,12678.195353343075,1184.4051828032505,1440.6487534962816,256.2435706930312
1395577,1,0.05436507160191433,0.02241539909786517,0.5261651702252613,13261.025736397085,379.3317360554333,156.40322000181416,-222.92851605361912
1396384,0,0.21879223178185828,0.1521261389231041,0.6831160837937397,15136.19940845852,2262.263818761502,1572.9510009146506,-689.3128178468514
1397168,1,0.12595752990031767,0.08091658780491076,0.5658917231595042,2736.5247225219427,195.05489482134269,125.30554176538361,-69.74935305595908
1397594,1,0.057124857486124246,0.07970568826669842,0.544700578836666,8620.633506688602,268.2391402891707,374.2711358537589,106.03199556458821
1397854,1,0.14211610412749312,0.1483729378892569,0.5342057735499622,12518.138466814851,950.3676004175998,992.208686091077,41.84108567347721
1401379,1,0.10016291642359171,0.10130968911624647,0.5148251721851123,4900.746663527592,252.71381714544023,255.60715646608605,2.893339320645822
1406467,1,0.20813797520918542,0.12160013958219183,0.5932378352755434,5408.388579098945,667.8025205034731,390.14927297600696,-277.6532475274662
1407376,1,0.20225278184881412,0.1995452669403129,0.6065761112298325,14571.688843743377,1787.6796451837888,1763.7483585695095,-23.931286614279315
1408409,0,0.1071970605589808,0.11249884025151957,0.55694509522466,17166.84847943466,1024.9102449761754,1075.6005185261658,50.69027354999048
1410828,0,0.19338311970785932,0.30766948318709536,0.5857832882431137,9968.945885100547,1129.2881687712008,1796.6796056451044,667.3914368739036
1413862,1,0.09603300889383265,0.08411076229689227,0.5670473798762558,13256.4474479287,721.8833729846342,632.263442441079,-89.61993054355526
1414983,1,0.07335629407169901,0.08446724501461135,0.509334696851587,4297.879600777844,160.58127067720562,184.90380009916714,24.32252942196152
1415218,1,0.2634409919449964,0.24452901988209408,0.6016351774533126,4390.0594975102795,695.8040953245504,645.8535256927051,-49.95056963184527
1416747,1,0.04231379828767007,0.04270329417376098,0.5217075043854693,16785.2425559166,370.5413817098998,373.95219212264647,3.4108104127466845
1420150,1,0.14668121180630386,0.16502588024423123,0.5810577265863723,14532.378937031404,1238.5983111893831,1393.5034627540601,154.905151564677
1425159,1,0.23948135826629316,0.1885882583771642,0.6996811998126795,12139.194247151752,2034.050721152201,1601.7868185228995,-432.2639026293016
1425864,1,0.12596839947751887,0.038494527189264625,0.5512159207014438,5625.151714345655,390.58683795227887,119.35894808289774,-271.2278898693811
1425970,1,0.18779907297894347,0.1610568386359487,0.6540695947728403,18163.39553304448,2231.076416050475,1913.3753358015838,-317.70108024889123
1430958,1,0.14562331066251272,0.11874922444531516,0.5714383081287873,11073.82771692894,921.5056751013365,751.4462055724293,-170.05946952890713
1435591,1,0.09975544583205556,0.08335307125765255,0.5391409203093517,11112.798036373944,597.6712029771268,499.3986038042534,-98.27259917287336
1437106,1,0.3566903607172856,0.3230405559192484,0.8061856551948492,14913.82053195811,4288.598130674586,3884.016157491385,-404.58197318320117
1448615,1,0.11965405067327738,0.13680639904464967,0.5479721733212367,13885.412637379992,910.4261027777397,1040.9352296594936,130.5091268817539
1451525,1,0.08671234647281487,0.06548674620105684,0.5691913991756556,16428.934720501067,810.8652175632977,612.380207269331,-198.48501029396675
1455606,1,0.1330659228178957,0.1714951595978348,0.5648073459161326,3368.8194392542637,253.18905111009937,326.30966523242193,73.12061412232256
1457512,1,0.19695527137108765,0.11111549093610246,0.6805434763198976,15896.781006495177,2130.7508754032283,1202.0974505266036,-928.6534248766247
1462581,1,0.11824967212248322,0.16085929221600737,0.5693246981580857,11145.984174028825,750.3750613270953,1020.762249019967,270.38718769287175
1462969,1,0.0973998997506752,0.08707097893916854,0.5555548232084446,11944.625550359373,646.335443074776,577.7938159655228,-68.54162710925323
1469636,1,0.10697276931412296,0.1023209017038798,0.5500373291506582,14765.815423572429,868.8060547652688,831.02475049822,-37.78130426704877
1469941,1,0.06926027974035613,0.0581508713457474,0.5235954685834805,6740.149265733313,244.4272575592315,205.22091537898902,-39.20634218024247
1475312,1,0.17145822933358154,0.1665559831167237,0.5591983782826072,10530.727561810512,1009.677352690326,980.8091729493391,-28.868179740986875
1475501,1,0.15045148891741159,0.1653593888921644,0.5500866391927616,12202.57121831607,1009.9013150905474,1109.970167170873,100.06885208032566
1478197,1,0.1338362291941669,0.10216864453164623,0.582269633686174,17421.347007643402,1357.6241814494385,1036.3906935904633,-321.2334878589752
1479013,1,0.09635655272786982,0.1233866936756041,0.5541798802314943,4948.621101350783,264.2507394888863,338.3789075450861,74.1281680561998
1479386,1,0.24445527616632598,0.223045589008883,0.6257661510992235,12363.555550873869,1891.2758079614216,1725.6355975642282,-165.6402103971934
1481861,1,0.06071987830903712,0.05937840915848615,0.5217017654127711,13366.725343732971,423.4266838025682,414.0720235222839,-9.354660280284293
1485187,1,0.04820030330471183,0.04789462289597797,0.5295313648217856,9561.17520334913,244.0353474721818,242.48770524492812,-1.5476422272536752
1485385,0,0.3477938610684424,0.3242699562321793,0.7768568004701873,12584.850235672498,3400.250674652822,3170.2662435181055,-229.9844311347165
1485599,1,0.17655433577408788,0.45581918908996744,0.5945827229691683,5479.3936052809495,575.2056872991382,1485.037389736599,909.8317024374608
1488695,1,0.16360605036826711,0.33627223503246806,0.5995287798927018,5502.27042280772,539.6986445898516,1109.2845836184542,569.5859390286026
1492126,1,0.2743755702305194,0.1476567952885158,0.7175438772584051,5286.5159887815935,1040.7908205113579,560.1075817110695,-480.68323880028834
1495798,1,0.30884513829152327,0.16677719414882655,0.7077119355343748,14495.47012971397,3168.3240546023976,1710.9033961287525,-1457.420658473645
1499366,1,0.044364526911164055,0.03839421428627627,0.5329314066048263,15489.946620468592,366.23267625403435,316.947273638016,-49.28540261601836
1499468,1,0.20223276487722905,0.2030799810214272,0.6136712067471161,13321.194316838812,1653.2191592197075,1660.1450100453092,6.9258508256016285
1500393,1,0.060733485285071234,0.07730633401195591,0.5357953439051347,7600.506914010619,247.3259569712202,314.81583758447,67.4898806132498
1505335,1,0.0617330276371456,0.03578608168235463,0.5313430368227404,4530.141272251986,148.59504105741084,86.1392107338285,-62.45583032358233
1507245,1,0.18032073576583532,0.057282554115298166,0.5664148061876273,5281.065291487508,539.3886516580114,171.3477903500868,-368.0408613079246
1513346,1,0.19895045269682882,0.09632941134230935,0.5740476548645489,5899.2880513710115,673.7402312025224,326.21689968340985,-347.52333151911256
1514331,1,0.059033852726052265,0.06969548284558227,0.5389143054953378,7783.206769376336,247.61640140021555,292.33641138345547,44.72000998323992
1514757,1,0.031443729000950264,0.025569343262681288,0.5187817737483651,6798.772888382318,110.90453065309015,90.18510538523344,-20.719425267856707
1518953,1,0.11715595650978629,0.05167076234148987,0.5621855838722917,15229.858328585924,1003.0900959163457,442.40541836100556,-560.6846775553402
1521148,1,0.335339916409647,0.32747446772732736,0.7216857582455705,13817.69230985177,3344.0202940961576,3265.585790093603,-78.4345040025546
1524041,1,0.1405793829955786,0.15168644252656954,0.5833415955892072,6648.525918633238,545.2176973067733,588.2948917878914,43.07719448111811
1524961,1,0.053404008222281495,0.056034351083655884,0.5323127268925023,13237.05364375237,376.2981062129965,394.8321651792501,18.53405896625361
1533172,1,0.07333340297535212,0.07983696275925278,0.5396267662120178,11562.8842228736,457.57416810129064,498.1540517160679,40.57988361477726
1538123,1,0.03585456956786263,0.03327747175012604,0.5118603076710864,15321.577835325232,281.1897323513782,260.9788232721016,-20.210909079276632
1538890,1,0.04401663767671851,0.05504934916604059,0.542985409606619,13831.647003663238,330.58178592430016,413.44166937370636,82.8598834494062
1542094,1,0.08416500840715477,0.023915406700557872,0.5272142664279568,14946.274425445805,663.2109329416659,188.45075275021338,-474.7601801914525
1559780,1,0.18962138563227743,0.20985896117303152,0.6334956300069401,16567.884997724097,1990.2059051718625,2202.6130775657894,212.40717239392688
1561905,1,0.1524714347771543,0.0929400836992953,0.5729218099639501,5401.872081437186,471.8762702494822,287.6356487154235,-184.24062153405873
1567784,1,0.056935890207987144,0.07122891444075147,0.5284774908924601,6113.8847595229145,183.9627352330604,230.14421800265595,46.18148276959553
1569536,1,0.09454644582580381,0.05148986616816492,0.6518338167362175,11504.61624403487,709.0130548985951,386.127548099189,-322.8855067994061
1585525,1,0.09926314748435619,0.11045190709394477,0.5220376815596549,13585.473447156422,703.9870529843312,783.3391801707651,79.3521271864339
1587863,1,0.05372801885588099,0.03922070626427641,0.5313298817680662,13555.240993763215,386.9655570619877,282.47947292884504,-104.48608413314264
1598015,1,0.1298926723155257,0.1208146981962737,0.5419848033215579,5143.478581398722,362.1001435374964,336.7935910352432,-25.306552502253226
1602029,1,0.1550757629503369,0.13865775100593428,0.5791934351631841,13319.457160095533,1196.338509268573,1069.681064152469,-126.6574451161041
1603121,1,0.12101294283458823,0.11340954523025155,0.5502900044889223,5334.298218480235,355.22272240062114,332.9036255070047,-22.31909689361646
1606554,1,0.049295831857099084,0.043553121865747384,0.5411754230170495,11300.39009549627,301.46833388590204,266.3488288920249,-35.119504993877115
1610928,1,0.16325360627315472,0.1429638704069633,0.5780419674291203,13471.539645528777,1271.274652088179,1113.2761398770888,-157.9985122110902
1614371,1,0.12626148588220334,0.21900577274755817,0.5649920437037868,12228.731541275878,872.3577807305799,1513.1406742630008,640.782893532421
1615733,1,0.15537825969399335,0.14809484779548043,0.5970170879130683,12663.920184641709,1174.7492577286828,1119.682463066668,-55.06679466201467
1626419,1,0.10434017615658804,0.11372914554195605,0.5596013369771266,16068.721560815344,938.2350097275598,1022.6613554277278,84.42634570016799
1675932,1,0.20167583964779479,0.30409039098025664,0.6408007249018173,16702.470050474592,2158.5274193957866,3254.665745048983,1096.1383256531963
1676006,1,0.3553097162711116,0.40065942703228785,0.7784149228481323,14981.87952402744,4143.664048688758,4672.537753780842,528.8737050920836
1688105,1,0.20630970565586768,0.18243262567129526,0.5937550887348344,2777.849344860345,340.2794267524448,300.89747395558913,-39.38195279685567
1691031,1,0.3515673374865254,0.3071564748568174,0.737273383089321,13661.9505516873,3541.1945278107273,3093.862005842006,-447.33252196872127
1692427,1,0.2386287982304708,0.20398631381498794,0.6206190378978688,14410.256199297826,2134.1240007307742,1824.306585631445,-309.8174150993293
1693882,1,0.3437939088997501,0.33506988789648295,0.761416706116767,11795.013514929757,3087.5857089104043,3009.235971243073,-78.34973766733128
1706329,1,0.11872556304240106,0.05303105182900613,0.6062281496059672,19358.958578924197,1393.3567536590442,622.3695413699522,-770.987212289092
1734653,1,0.0896224579148109,0.29954849335817885,0.524926740996437,2726.689197737691,128.2777061399977,428.747375375535,300.4696692355373
1826274,1,0.09196631741270757,0.055084087594247634,0.5540013625595392,6716.90334724235,342.22263304804227,204.97745289676737,-137.2451801512749
1855734,1,0.06375729672396044,0.07861507267878105,0.5333774478645398,14397.057005989442,489.5964590880951,603.6902941654953,114.09383507740017
1864750,1,0.16058306546074233,0.2127285419109018,0.5853404617820076,8363.168871345126,786.1024616665701,1041.3702714112267,255.26780974465657
1945033,0,0.24011853018232954,0.12294794050274498,0.7534007314390577,17844.904997604426,3228.241037610202,1652.9569238960275,-1575.2841137141745
2076349,1,0.09135797787962945,0.11572308963543251,0.5587721396542517,6476.6609445072645,330.6224840949927,418.79928004563874,88.17679595064601
2077299,1,0.08160986926872033,0.06985194961801638,0.5552746217548111,5364.2705496850485,243.08669034924827,208.0640417542516,-35.02264859499667
2077440,0,0.1250816498857291,0.1238639935342857,0.5731869084061664,6319.089177957614,453.04813618500884,448.6377615134304,-4.410374671578438
2078277,1,0.07674582737683529,0.15211656671115245,0.5288464809496631,13618.408796451258,552.7270994240127,1095.5507493554335,542.8236499314207
2079551,1,0.13199857647555893,0.15957291924007963,0.5861586134548258,14782.653005030359,1143.764944486897,1382.6960561960025,238.93111170910538
2084760,1,0.22024457123593544,0.19460523723864404,0.5982700916006427,11976.190113503264,1578.0515503854247,1394.3458157186085,-183.70573466681617
2086968,1,0.12399598677821379,0.10295145583061156,0.5553741768012473,5948.397097873034,409.63142352437666,340.1090027311278,-69.52242079324884
208827,1,0.1409574921314826,0.17094490230842668,0.584369698850679,9222.540334916113,759.6725188956992,921.2858611863545,161.61334229065528
2090558,1,0.12782824972265983,0.13465960135476596,0.5814653688389618,15412.238593091224,1145.5562522248617,1206.7766600008,61.220407775938156
2091378,0,0.3033341036670581,0.32036839085212493,0.7199863022412434,15139.426921925828,3306.3963324055003,3492.073129023353,185.6767966178527
2215693,1,0.24579249927375707,0.16710151737753873,0.7841043172521784,18435.154210069926,3552.951224881066,2415.466471109681,-1137.484753771385
2218919,1,0.10518197559545707,0.08799412044072799,0.5593627402704614,16728.57440188341,984.2236356569459,823.3910101641891,-160.83262549275685
2274936,1,0.1270416911808673,0.16088434959380193,0.5645753368145336,7577.684050286124,543.5063997766907,688.2911650133217,144.78476523663096
2275892,1,0.07790889535456728,0.06348442157002036,0.5520904049927741,9609.516188484899,413.3317519232959,336.80527836973505,-76.52647355356083
2285418,0,0.12419001033098943,0.13640135825048183,0.5954005936134101,9806.101861067931,725.0906862732846,796.3873599724666,71.29667369918195
2296561,1,0.05090620400887202,0.04205539305361706,0.5322196068386633,18857.487958118767,510.91119914434057,422.0815854147237,-88.82961372961688
2299620,1,0.0360601296317537,0.04367215717196568,0.5371891809241555,15668.743541713975,303.52097822555817,367.59201925838175,64.07104103282359
2300581,1,0.07880711702730377,0.03434519213245719,0.5383516925550375,16595.79615619289,704.0923322492655,306.85282424064144,-397.23950800862406
2307116,0,0.3400568775555886,0.4501150930012403,0.7535057083787045,12518.95146784209,3207.791005686798,4245.981311221171,1038.1903055343732
2307897,1,0.16914033701412667,0.14405872466107608,0.6935444322200606,20388.36012683956,2391.6838846925575,2037.0240257501766,-354.6598589423809
2311747,1,0.09154432160673204,0.08646248336497821,0.5525331090130605,12471.72352667255,630.8355979799585,595.8164464934675,-35.019151486490955
2364715,0,0.2205926264824364,0.22173512186969546,0.6770189364121532,16072.402232794262,2400.3391051417316,2412.7709638090487,12.431858667317101
2365772,1,0.06824165989419519,0.04259702530239849,0.5241487802486443,11182.783070938027,399.9945387156482,249.679997715604,-150.31454100004422
2378950,1,0.1168214763986809,0.05915186256553394,0.5781761121514043,13882.441353411195,937.6671093932257,474.78218643430745,-462.88492295891825
2379304,1,0.061619065209838064,0.05571072857754823,0.5486841332189577,19703.76399886173,666.1725052289767,602.2966349497852,-63.87587027919142
2477324,1,0.14844488304741274,0.1337385349890928,0.5923323975639573,8241.479486960412,724.6626884732217,652.8707782181459,-71.79191025507578
2485124,0,0.16760854578719178,0.2425306906824471,0.5932295382728813,7694.86985836554,765.1035280268896,1107.1099401550841,342.0064121281945
2485471,1,0.1521508355120488,0.1445722700711691,0.5826222096384943,17654.701838675886,1565.0267494594102,1487.0734631853686,-77.9532862740416
254470,0,0.33407137241073964,0.4743315757972532,0.7142621511914413,8563.397821549152,2043.3512072740682,2901.254277070675,857.9030697966068
2584752,1,0.276190959930678,0.197737491912579,0.7420828818081332,15306.461605214725,3137.160075691668,2246.033560444001,-891.1265152476672
2584760,1,0.17480036338804103,0.17085926627435255,0.6265873450686044,4682.288438106754,512.840262818135,501.277625072989,-11.562637745145992
2636249,0,0.10439061872535894,0.07984163716706773,0.5503035124457893,12004.066141398187,689.5918755014827,527.4242550664392,-162.16762043504355
2654805,1,0.22366903633034238,0.24569428863079879,0.5748601057988124,9502.23947125203,1221.7828035870207,1342.0948277583905,120.31202417136979
2704688,1,0.2188520281009019,0.23683437765501886,0.5966833750835889,12987.24461385483,1695.944101246675,1835.294236210011,139.3501349633359
2704856,1,0.12415703898155717,0.12582432226990917,0.5818126282883229,14978.294827366697,1081.9740998145082,1096.5037418698282,14.529642055319982
2744669,1,0.13648066979144588,0.16482989365306872,0.601661781139533,15752.743492221789,1293.539727746331,1562.228673747399,268.68894600106796
276979,1,0.12491233452101747,0.06976935845041524,0.5926450411971114,11090.2001232054,820.9928276838948,458.5627440199656,-362.4300836639292
2825863,1,0.2340077946935666,0.21548218756104426,0.6806271500962532,13084.346406057357,2083.970784945304,1918.9898530575151,-164.98093188778876
282621,1,0.2323280446666497,0.03639671332532081,0.5769889313035566,9546.882537802594,1279.76638442713,200.48931365220992,-1079.2770707749203
2835999,1,0.22776209079669843,0.22538819611175342,0.7000295711521509,14827.600195161787,2364.1155220299247,2339.475068244522,-24.64045378540277
2837924,1,0.34954623376424493,0.4335389446771964,0.7208805116414626,12663.282389579568,3190.9074188643913,3957.6528118742126,766.7453930098213
2838277,1,0.15162655291313853,0.12975021586836646,0.5861705076643464,13072.894213145199,1161.905941208309,994.2687728110474,-167.6371683972617
286066,1,0.058711730438435805,0.10013754614903426,0.5697905271631529,15618.136724452746,522.4795851371791,891.1306680606918,368.6510829235127
287875,0,0.10995926681141573,0.0664719150384026,0.5660978339347964,11876.201212693624,739.2662430413422,446.8967857204876,-292.3694573208546
290199,1,0.1498282649795933,0.1828417399437339,0.6015240497598856,12681.408194947287,1142.9157778359297,1394.7482436450132,251.8324658090835
2944987,1,0.11841873052907011,0.11276530327864184,0.574352730582812,14149.75333107942,962.3830384561626,916.4379209004361,-45.94511755572648
3056661,1,0.225424687180768,0.19497152353355104,0.6390006611493823,12624.782058307337,1818.5559736239857,1572.882869408983,-245.6731042150027
3056875,1,0.17980588938384634,0.4941644348487511,0.6978338918612713,15675.379127980423,1966.8626088814183,5405.571268403326,3438.708659521908
3056949,1,0.057840998326348265,0.04070359386244808,0.5179088627502717,16004.105106525585,479.4248246887986,337.3785708470196,-142.046253841779
3057418,1,0.10115309786994774,0.08396707141536164,0.5643265317215335,18008.549797855114,1027.9888354223856,853.3323622879419,-174.65647313444367
3064772,1,0.10824302862291771,0.08060452664768272,0.5520783977335937,13085.605756047164,781.9779748735351,582.3096906607584,-199.6682842127767
3064810,1,0.12581809475625602,0.13077709981114174,0.5683983913199038,14792.318028936897,1057.8697046995837,1099.5646709377754,41.69496623819168
3064875,1,0.09307109648510535,0.06666952249433089,0.5595518202630133,12990.52015860598,676.5216267356303,484.6120386985079,-191.90958803712243
3065358,1,0.225916563723716,0.2029267771582444,0.5695353788988964,10318.382060701231,1327.6401732641675,1192.5364707467372,-135.1037025174303
307544,1,0.1747186513136692,0.2772145258588436,0.6186593854427292,11126.083759198875,1202.633229575897,1908.1385874507914,705.5053578748943
3097462,1,0.13534532244883016,0.04705243524588393,0.5794123817642397,18337.983374750915,1438.078513175032,499.944105162905,-938.134408012127
3152508,1,0.2999156560887359,0.3225464350379106,0.712595439085729,12840.401802745682,2744.2317804194167,2951.303673957369,207.0718935379523
3155264,1,0.04351879495984744,0.04597139840265064,0.5206162318443461,16689.418048562293,378.1253195287247,399.43545601901275,21.310136490288073
3159045,1,0.10771374778106996,0.060071201671435336,0.5719894344693607,15085.199225127199,929.4161053350124,518.3288433500362,-411.0872619849762
3162621,1,0.15341865091080753,0.1370547317615713,0.5745873645744042,11810.745835993115,1041.1458074096215,930.0952557728313,-111.05055163679026
3164204,1,0.12472839865698249,0.16903364050062186,0.555236472900883,14162.211983967285,980.786375153093,1329.175178472918,348.3888033198251
3195883,1,0.0845041645509584,0.06662157144998551,0.551476213811187,18201.9712299549,848.2489315954267,668.7442814676957,-179.504650127731
3196791,1,0.3186601710695599,0.44719032125040015,0.6221480304496003,9448.309728429045,1873.163286580803,2628.6952933872394,755.5320068064364
3197764,0,0.11308860043068372,0.12197669775456042,0.5810806412705513,17397.791806737485,1143.2714700595689,1233.1258678927918,89.85439783322295
3198872,0,0.143066175604344,0.23529191795939614,0.5945874262185498,13360.6365069335,1136.527209081603,1869.1746368995011,732.6474278178982
3215833,0,0.17652933667350182,0.23395825319429964,0.6118414601737262,14665.726224938186,1584.0152758033328,2099.330649190974,515.3153733876411
3217299,1,0.20123623944040067,0.17606042560984386,0.5891742918583407,14046.49027976165,1665.3971013741098,1457.0463217395047,-208.35077963460503
3218225,1,0.052890517109290894,0.05052597257806048,0.5224703033883873,6985.171224511826,193.02629734640337,184.3967867891334,-8.629510557269981
3236347,0,0.23528006071632557,0.2218899716428334,0.7022528211411934,14831.128075217264,2450.4892487106,2311.0287724850723,-139.4604762255276
3236863,1,0.13455820975565871,0.2017973281240515,0.5462216856160421,13648.3824058385,1003.1371648699195,1504.4076461798563,501.2704813099368
3254762,1,0.17066765390611485,0.1781314075971471,0.5785245047973208,13630.297507312967,1345.7931485773124,1404.6482880847989,58.855139507486456
3288807,1,0.09894543019177675,0.09010500908592821,0.5284571309191481,4110.365509346679,214.9245105296259,195.72177246110033,-19.202738068525576
3289700,1,0.12585808640026047,0.2634095450123403,0.5564163521223716,13913.33032661611,974.3435288191359,2039.2125206460755,1064.8689918269397
3292302,1,0.22291159612897873,0.35133343121508814,0.6025530904643117,15171.76542856443,2037.81192474153,3211.817905050613,1174.0059803090828
3344890,1,0.11602959195664454,0.07634847936308536,0.5517083527918157,12028.665638650826,770.0089570257013,506.6725821705437,-263.3363748551576
3358019,1,0.08643462390580223,0.06797008932343447,0.5650370099638732,14273.114415266737,697.0812300627285,548.1677519033277,-148.91347815940082
3365818,1,0.03594632861471836,0.03838950388739374,0.5366366411180503,18742.392432164426,361.5429437821509,386.11604524478935,24.57310146263842
3365882,1,0.10397678710834994,0.08621317656602219,0.5575448549365444,13897.480118665251,805.6608634608542,668.0200860746407,-137.64077738621347
3375343,1,0.0776565002307342,0.0762324107392396,0.5405219413715076,13131.498871671538,551.1952201390246,541.0872276537879,-10.107992485236764
3380815,1,0.07824975726727071,0.05848844148166601,0.5380745374175053,13067.471191454908,550.1954459505054,411.24822961483017,-138.9472163356752
3381454,1,0.04796000450934167,0.06722296643004168,0.5398404631423394,8846.233092281642,229.03561869273878,321.026944517215,91.9913258244762
3454864,1,0.04278447459422243,0.03519894901068086,0.549160298373222,20478.954582753988,481.16399076104915,395.8554344117379,-85.30855634931123
3484870,1,0.13911335884317722,0.14971754999623768,0.5743949469013335,11523.6620491053,920.8098591500075,991.0004134091196,70.1905542591121
350205,1,0.1610856004614696,0.16823072855333598,0.5824039231767424,3772.2224039568173,353.8981580166179,369.5956981025124,15.697540085894502
3524830,1,0.2732538312321564,0.2733878232435755,0.7153115957977766,15304.238915012611,2991.3915466259878,2992.8583973137424,1.466850687754686
3527049,1,0.060959817213507246,0.06480055193110598,0.5316021417349029,14003.539501323226,453.8038738538997,482.39549982920323,28.591625975303543
3528252,1,0.19147284297749292,0.16138092467335932,0.5796469553916167,6051.324685493299,671.6162577619194,566.0648842824163,-105.55137347950313
3535117,0,0.13487090165139168,0.04269243084229869,0.5800352541309053,16633.50090876625,1301.2367420523058,411.89729540858974,-889.339446643716
3605335,1,0.050634994755384,0.01343816382657221,0.5338783615959779,19055.564985365214,515.1277169999711,136.71119521381374,-378.4165217861573
360719,1,0.15178357032458356,0.4303284006603785,0.5860903530641193,11954.994214214781,1063.5029712689643,3015.184922485711,1951.6819512167467
3632497,0,0.12396118271379171,0.13195483703463978,0.5569922778663376,15231.748696229291,1051.6825093208304,1119.5004040097092,67.81789468887882
363405,1,0.18216390054717435,0.18070465730203855,0.6545994682639118,11343.691284344464,1352.671575172546,1341.8358560589966,-10.83571911354943
3635898,1,0.1604356869795465,0.07305343364220215,0.7243541298684342,19943.79674235072,2317.7135416722813,1055.3570443449723,-1262.356497327309
3643935,1,0.17384896168465322,0.2394978538324841,0.685518830567064,15455.999560862718,1841.9955933361473,2537.570469780056,695.5748764439088
3644198,1,0.11046438180828541,0.08144418221156367,0.5481819688272328,12116.155820022102,733.6887548231159,540.9407055578814,-192.7480492652345
364922,0,0.08739648794413836,0.03518560200698604,0.5420511417718517,14588.646891252802,691.1133097469702,278.2404468475979,-412.8728628993723
3677367,1,0.12318009789967482,0.13843089452469026,0.5447727776262411,14469.909030713,971.0056197442707,1091.224790543501,120.21917079923037
3699136,1,0.10262123389145424,0.1320016369763008,0.5500221780875956,6795.4535143411795,383.56226953445804,493.3759373274291,109.81366779297105
371632,1,0.2267912808765782,0.09266225199800958,0.6277206088256367,13791.92784575098,1963.4403760542627,802.2213473366218,-1161.2190287176409
372144,1,0.07769088823099295,0.059608931286378515,0.5132632236581848,11132.203848597419,443.9063774047043,340.59058083656095,-103.31579656814336
372193,1,0.08438758224040029,0.08125244946337035,0.5586179884341453,15682.98684484579,739.3026093032759,711.8363425726144,-27.46626673066146
3726759,0,0.15168938302853707,0.20017996598151339,0.6834592125248474,19587.694751734158,2030.724994718772,2679.887360898136,649.1623661793642
3727001,1,0.03741558102912933,0.0111968370148126,0.5373489455895538,22766.73273082712,457.73023886759967,136.97851911912477,-320.7517197484749
3727025,0,0.3414522620999168,0.10676372719832049,0.7601456585339607,14715.691140570385,3819.508472830379,1194.2663906136577,-2625.2420822167214
3727480,0,0.2016331131786118,0.3693329570412,0.5778447737574333,6522.501046173838,759.9538206410394,1392.0133819661003,632.0595613250608
373257,0,0.2665071545763067,0.3431590003056655,0.5981444666664876,9140.368543690625,1457.0641371773747,1876.1397737705497,419.075636593175
375369,1,0.19911966397505773,0.16672979317897269,0.598378985169035,11012.189472937893,1312.0916108073484,1098.6597633530428,-213.43184745430563
377771,1,0.07746315958293801,0.08080744967537001,0.5358795983301399,4325.5436140322645,179.5573245169511,187.3092905436235,7.751966026672392
3805551,1,0.20331393801405143,0.2511410082580542,0.5864419545152706,13849.713916255614,1651.326640883395,2039.780654517546,388.4540136341511
380789,0,0.2580464972696137,0.042494646195298226,0.6090435839885664,4456.640120061834,700.4125293718402,115.34271126072407,-585.0698181111161
3810352,1,0.0833939418754897,0.20181065150238503,0.5533348099623664,16563.289556677453,764.3092032631178,1849.603637756965,1085.2944344938473
381068,1,0.1697091416361107,0.017459463552806576,0.5932228744297703,2308.139337535551,232.37272369526477,23.906214249336575,-208.46650944592818
382259,1,0.08821898379585756,0.08064296894397875,0.5289651504605417,6916.424564473355,322.7533479469167,295.03613729305437,-27.71721065386231
383924,1,0.15988644758090012,0.8165762105042387,0.590529377893628,13574.935972320774,1281.7134777073275,6546.00030467802,5264.286826970692
383960,1,0.14939032981561076,0.13478184464965928,0.6281410745915749,12196.255253485295,1144.4746678273798,1032.5595175736823,-111.91515025369745
3844939,1,0.15484407967799646,0.2256017617530269,0.5900566132494043,15330.944172474858,1400.7388997082503,2040.821736209286,640.0828365010357
389254,1,0.17879191963221183,0.060418583976905305,0.6648004291827354,13872.396994127324,1648.8862148317346,557.2028671323923,-1091.6833476993424
389788,1,0.1850676448482681,0.004420420331862236,0.6096424720302064,13435.072515937012,1515.8133530696514,36.205854192994884,-1479.6074988766566
390193,1,0.10416680337771013,0.0508474961681395,0.5647392771040258,12138.711330641356,714.0850061242654,348.5701148087553,-365.5148913155101
3925005,1,0.031049188740839354,0.025900025580597914,0.5315235484548919,20424.595044255948,337.0747507519144,281.1746464591282,-55.90010429278618
399085,1,0.23851427116142643,0.14418393479461397,0.6436999387521507,12332.072930505357,1893.3631564133077,1144.5543638018185,-748.8087926114893
4167075,0,0.11971313739429804,0.1033032180758004,0.5473874805517148,13247.779638680962,868.1200137341134,749.1207151255683,-118.99929860854513
423720,1,0.05580200693054939,0.056769519283329684,0.5229242829979455,4579.532970520101,133.6318000200832,135.94874925462614,2.316949234542932
4275972,1,0.10969674058695025,0.1782198330519135,0.5427605602438499,11725.149395408804,698.1044246937093,1134.1818668085002,436.07744211479087
4286900,1,0.10457711393778757,0.1188158026883577,0.5572807376396425,14258.552255419816,830.9714748144285,944.1123308292888,113.14085601486033
4287915,1,0.23981010746015602,0.3277195617906229,0.6709163267371695,14602.217060705185,2349.387448085455,3210.6245775769867,861.2371294915315
4292046,1,0.062438785992347146,0.06837099335450737,0.5457836742006061,12607.230926749973,429.63009842543835,470.4485543319543,40.818455906515965
4297134,1,0.048510341054686656,0.04492205490068004,0.5255969346981787,19170.659465441277,488.79212966128614,452.6364153760832,-36.15571428520292
433133,1,0.13171532630055957,0.08089754724898666,0.5653352443334707,10883.429824893725,810.4162761367872,497.7453332994936,-312.67094283729364
434340,1,0.23868722775743414,0.09466515860738499,0.6467264607776099,13866.77916626506,2140.5501644661026,848.9583742292904,-1291.5917902368124
435005,1,0.07140748213794436,0.06591124998956603,0.5440928146262327,5508.838344919754,214.03102869007094,197.55706566243805,-16.47396302763289
435539,1,0.09323798580898636,0.03195101624060258,0.5494941654398319,12667.28747039719,648.9923759492804,222.39826143889266,-426.5941145103877
4374973,1,0.07405242017612078,0.06512607198623711,0.5238694351914388,15337.788520183272,595.0110931196288,523.2878978290879,-71.72319529054084
439766,1,0.14280746358225677,0.11122046364459946,0.5389973133223108,5206.025527710498,400.72256578020716,312.0883771824486,-88.63418859775857
445359,1,0.1681303039253469,0.07679639484134027,0.6017233607556967,3974.335002089494,402.07525134020193,183.65475489512986,-218.42049644507208
449554,1,0.11532645183331747,0.017083977357245934,0.571244544112866,2655.8912710191316,174.96907158039227,25.91918514425502,-149.04988643613726
450761,1,0.04491594634462885,0.026452112622922314,0.5230594339962653,9462.14967509543,222.30099545132282,130.91855891775762,-91.3824365335652
450781,1,0.20288890486205385,0.07964669644833398,0.6278444273489558,5031.187636425424,640.8861057883493,251.58823327665525,-389.297872511694
4525598,1,0.10864745306280912,0.11549185325710291,0.5667109555734678,14905.950616475093,917.7847485771345,975.6018987670222,57.8171501898878
4547369,1,0.16111426407960577,0.11260776226894656,0.551283739819336,12971.521790532526,1152.1263372384421,805.2568742357632,-346.8694630026789
454786,1,0.05691492777892429,0.03228170518731026,0.5303199361994616,5653.810260030321,170.64963844615158,96.79115011861077,-73.85848832754081
4565919,1,0.17037366927257017,0.20542258405325803,0.577832004941158,4736.655028035349,466.31117755393666,562.2397373669138,95.92855981297714
457854,1,0.10241961390695042,0.08953401318803286,0.5806849980039528,8415.638722033196,500.50776975139996,437.537963171268,-62.969806580131944
4615041,1,0.08888588518931279,0.09659453554771595,0.5492941643710719,7749.442716667298,378.36265064923185,411.17624502725414,32.81359437802229
4634745,1,0.2686216297143656,0.22824641276775248,0.6482226478087967,13440.90572982547,2340.4195392066636,1988.6424066576544,-351.77713254900914
465763,1,0.20917550961271303,0.16252578113785873,0.6527583666671612,13343.118758977964,1821.8836324501015,1415.572315585438,-406.31131686466347
471162,1,0.14617851646228247,0.043338585097632186,0.5879341945023581,13592.597253209966,1168.1933204393304,346.3425874992281,-821.8507329401023
473338,1,0.1687074796008313,0.0957055577419144,0.5936772913299431,10938.947566581863,1095.620917295465,621.531488773149,-474.089428522316
474420,1,0.1297833810561156,0.11255626982098837,0.5525884510438724,11273.103289202762,808.4708658901974,701.1565285404249,-107.31433734977247
481585,1,0.07104591600125815,0.05478020681488491,0.538266492186595,12268.436191916138,469.1650710200156,361.75140060607407,-107.41367041394153
484286,1,0.056358273544432146,0.052787495771561485,0.565367383644487,19024.398292396058,606.1768695042937,567.7703897467516,-38.406479757542115
485998,1,0.11096675156071359,0.014399213270013839,0.5774872713106648,14887.759424369651,954.0357106395394,123.79711464466696,-830.2385959948724
491859,1,0.06887268392610066,0.08573941211698802,0.5574028010457126,5641.148163461727,216.56270171531702,269.5983033195142,53.035601604197154
495537,1,0.10449573417637639,0.12815518030892156,0.5292062434791905,12675.707174335344,700.9640074992753,859.6730716251807,158.70906412590534
498007,1,0.15801397916809826,0.02683714645684069,0.5801844957602303,14737.714283637124,1351.1132763705393,229.473525498424,-1121.6397508721152
5036582,1,0.12080759892985511,0.06321161187094795,0.597754452682784,16726.295203977817,1207.8606419087491,632.0034399066379,-575.8572020021112
5041886,1,0.20105516397456072,0.13259785677943461,0.6429717333974379,15161.143198464848,1959.9232397566936,1292.5886403834227,-667.334599373271
506896,1,0.1873975269034956,0.12083250574405555,0.599100446986579,6656.056350488616,747.2750612971118,481.8372986484083,-265.43776264870354
5094565,1,0.07796095297708329,0.06922881948791788,0.5062941359391037,4746.056645877473,187.33242447742677,166.34997525227766,-20.98244922514911
5135683,0,0.3674887118402623,0.33016180475192114,0.7669098761879165,13912.855391857433,3921.070087095601,3522.795489503306,-398.2745975922953
516370,1,0.255916112247236,0.2735783267201721,0.6779639976469017,1768.6500488966285,306.8641625273137,328.0425893368742,21.178426809560506
517631,0,0.24227469656017225,0.0491721152917158,0.7491190505053893,11758.095100688322,2134.0071409169764,433.1184669978635,-1700.888673919113
5176382,1,0.10473999525479327,0.0962169369850769,0.6048297923986977,21307.203690964896,1349.808575060643,1239.9699493263324,-109.83862573431065
518150,1,0.15367525945558352,0.07432442132918074,0.6387452637755887,14063.418772893354,1380.4559630675105,667.6519759191581,-712.8039871483525
5186799,1,0.21429088606198884,0.21923347852106023,0.6872449559818657,13676.025842752275,2014.0728465953698,2060.527184652113,46.45433805674338
519197,0,0.3413122542773093,0.4683807997350267,0.7410847673117958,6692.970726704703,1692.9288004162936,2323.1962389173377,630.2674385010441
5195992,1,0.24117853212132268,0.227917801631974,0.6858409572942328,14557.354703700104,2407.933720713971,2275.53818855052,-132.3955321634512
520164,0,0.15814290959925228,0.572936714340436,0.6479480046113426,13710.46539099739,1404.889214930281,5089.779951906712,3684.890736976431
524755,1,0.1574575774747099,0.11055845093322154,0.5792780578619495,15372.812852124294,1402.1806964872328,984.5377289447579,-417.64296754247493
525363,1,0.1647167907655152,0.15325880497844407,0.664686829006002,6791.001177244836,743.5133162569376,691.7932398119218,-51.72007644501582
527345,1,0.08786195997455891,0.23331735333253417,0.556650517493926,17137.776813567198,838.1813375585411,2225.7897655425486,1387.6084279840074
530765,1,0.20669036668248617,0.019233175995533515,0.700279987361674,16042.30227310681,2321.9809165907755,216.06748463350024,-2105.9134319572754
531001,1,0.18338186222887257,0.15762413397260502,0.6551937756980732,10483.525990531492,1259.6025114136169,1082.679347881712,-176.92316353190495
5366090,1,0.0967821764538419,0.08511713160929167,0.5513859562289047,8864.499902446732,473.04812387408714,416.0321754752275,-57.01594839885962
541417,1,0.256453890687386,0.2342420346842921,0.6943230346332772,9742.764298533866,1734.8145730063877,1584.5596816323336,-150.25489137405407
5415928,1,0.11918519949161126,0.15648382314934955,0.5390543146824291,12890.54219580889,828.1824804702034,1087.3595157963427,259.1770353261394
5434866,1,0.2339898850207524,0.047941417607758496,0.6315394437957464,4850.1365641575285,716.7233135334233,146.84708136112312,-569.8762321723002
547215,0,0.22190825017992796,0.23759920146463603,0.6148243430957726,10180.9635601645,1389.035631330036,1487.2532073158377,98.21757598580166
553121,1,0.2724862416998419,0.31555173771432876,0.7698656854362123,17684.604679451426,3709.837591529487,4296.1644277607165,586.3268362312297
5545795,1,0.04085928554379987,0.040014868105551056,0.5189276908149992,17210.58519637395,364.9162908385023,357.37475712385157,-7.541533714650711
5605945,1,0.2198255589503871,0.5037861751007078,0.6277263305360209,7407.728685141361,1022.1946404522739,2342.618986530672,1320.424346078398
562282,1,0.29189049479643603,0.5737666537895103,0.7640296467497307,12678.600566775269,2827.4926420647384,5557.978148563388,2730.485506498649
5624615,1,0.21077051360244223,0.15660670617237307,0.5676141611680755,12888.632164924278,1541.9486287297268,1145.6986639404947,-396.2499647892321
5626965,1,0.312146795465225,0.1963461353694661,0.7272648247316649,14150.261218215004,3212.2986906292126,2020.5955746475324,-1191.7031159816802
5627503,1,0.11176953448503885,0.12144059913880205,0.5661436729878491,14768.43337190227,934.5112378335099,1015.3715424093147,80.86030457580478
5648385,1,0.12704253943820118,0.1479310382434832,0.5772218106021323,16152.151826140842,1184.4651500259113,1379.216443416499,194.75129339058776
565549,1,0.2604526706886776,0.2502710710491694,0.7364426675234034,12101.94574894562,2321.2555718512886,2230.513193087902,-90.74237876338657
566102,0,0.15367525945558352,0.15158173058650173,0.6387452637755887,14063.418772893354,1380.4559630675105,1361.649914381364,-18.806048686146596
571564,1,0.21085325383953574,0.24407603664633146,0.6752496175920968,11576.364509299567,1648.2263290886278,1907.9266863305716,259.7003572419437
574924,1,0.1830350393366251,0.16268498690647615,0.5996286960772577,12376.853088099908,1358.3975240197144,1207.3692786358029,-151.02824538391155
5782817,0,0.08153940983036902,0.08513552139210416,0.5424371548114506,8721.815319870315,385.7659393357625,402.77927506452164,17.01333572875916
5785702,1,0.2056810514455413,0.18339709383960898,0.6300355851164959,13866.869998605554,1796.957507165722,1602.2710028527802,-194.6865043129419
5786191,1,0.15805479060047603,0.1680150958300818,0.6812021294808445,15702.271281777546,1690.620523613105,1797.160138000293,106.53961438718807
5788398,1,0.21367107581425493,0.09597316473793546,0.5752903562366045,5136.207391683488,631.357555470189,283.5825225701336,-347.7750329000554
5790683,1,0.17061518544326507,0.17112365059694637,0.5804826563972489,12167.289160557732,1205.03805009472,1208.6292887980123,3.591238703292447
5796301,1,0.28587353123402454,0.3323591458163579,0.6847973699169949,13042.667697101711,2553.3036107290754,2968.493807064067,415.19019633499147
585215,1,0.10669991520355313,0.1047700300446314,0.559779263232078,2658.2184857090033,158.77113678802158,155.89943759343655,-2.871699194585034
5854923,1,0.23775160319312502,0.14056015656441437,0.6118078137066126,15027.481460280913,2185.871734501868,1292.3003214482428,-893.5714130536253
585801,1,0.06487813000644918,0.01874992960617751,0.5365285628214925,5589.089920517683,194.55046253730333,56.22553358213475,-138.3249289551686
589991,1,0.3393919558307675,0.27615433327773664,0.7809894569989907,6589.622928340517,1746.6555967536094,1421.207849804887,-325.4477469487224
590854,1,0.0563572418256047,0.04792872693538218,0.5200171682857365,14040.569036328565,411.48321221982076,349.9437850064817,-61.53942721333908
591397,1,0.25831282866421046,0.25829297117927547,0.7621116218033032,5355.641351450712,1054.328741552935,1054.247691311605,-0.08105024133010374
5937373,1,0.2569367661902707,0.2582554248593048,0.7187631571563214,16925.672270804876,3125.776983006644,3141.819190500828,16.042207494183913
5938832,1,0.32490784518872384,0.31065697878735293,0.7556423430336049,14110.076928863411,3464.2231966352424,3312.278013744681,-151.94518289056123
5945490,1,0.1534562190248784,0.08196035677585731,0.5908830964274985,14734.086436557121,1336.0086591201277,713.5569157960826,-622.4517433240451
5948036,1,0.09335854205492163,0.08404820922375988,0.5816311872285085,21234.79200778016,1153.0542950110093,1038.064075341152,-114.99021966985742
5954983,1,0.14048768223201205,0.12703136427576636,0.5814065322030065,14174.858314516528,1157.8088929027665,1046.910596710943,-110.89829619182342
5955755,1,0.15977826881923687,0.16299378034880177,0.5839509976765129,12017.237661986626,1121.2404738596254,1143.8052550263892,22.56478116676385
5956160,1,0.10146330014088416,0.10230507978265532,0.5333035238662859,12011.49964319799,649.9510802503593,655.3433313080544,5.392251057695148
5967530,1,0.13790185389125445,0.138148738679643,0.5512102642962206,12693.827576627424,964.8948661877345,966.6223111649703,1.7274449772357912
5976088,1,0.1801363912617865,0.09912472057125014,0.735400887400379,20280.052534391612,2686.548488456955,1478.342973088652,-1208.2055153683032
598352,1,0.2888963192124759,0.09485285783394065,0.7380984331130558,10453.370820911552,2229.0132430312806,731.8482867056431,-1497.1649563256374
6054775,1,0.19289473697149995,0.1968691399705539,0.6324771579298145,9049.21286104305,1104.0176787798696,1126.7648581090787,22.747179329209075
605722,1,0.04412788006414425,0.0016636166219994736,0.5040051415543008,11889.605064610569,264.4328829994383,9.969092984336605,-254.46379001510167
6135483,1,0.22887177806967682,0.23960001924247362,0.7022504632364263,16042.167671675274,2578.3824069323414,2699.242691806981,120.86028487463955
6154847,1,0.19386637567298873,0.2120500973549446,0.5928640467155838,12640.292438703662,1452.8297584581367,1589.0981128200465,136.26835436190981
616223,1,0.27958671618528375,0.45037143170326044,0.729194537249991,4097.392345233315,835.3481044558886,1345.6180140013596,510.269909545471
6169462,1,0.07186375544801747,0.07771386253332381,0.5266928257486265,15663.584070976412,592.8686060408211,641.131389014415,48.26278297359397
618788,1,0.05226293428145187,0.03873659123946187,0.5286641043224121,2944.455078217936,81.3539315330049,60.29845118427652,-21.055480348728373
6206466,1,0.06350139136431789,0.014658918067502327,0.5449032937280918,16652.335670451503,576.2060723666735,133.01374069681557,-443.19233166985794
6207295,1,0.11577999651607554,0.16311748725418707,0.5845965124328181,6169.773394851531,417.59853433127006,588.3367218074696,170.73818747619958
6207611,1,0.43931849243235943,0.45851539215987674,0.794824211146386,13589.851448060024,4745.317567725133,4952.6737047693105,207.35613704417756
622190,1,0.10572679525796687,0.0642605745653335,0.5547181311556636,6890.315348289383,404.1071439457067,245.61566623244693,-158.49147771325977
623364,1,0.2736316656653345,0.21848957421494267,0.6741170504926038,2782.906135540564,513.334229532959,409.88741916217776,-103.44681037078118
625318,1,0.27167183028839614,0.17830120799874444,0.7412763211337979,1881.591708158604,378.9222668228541,248.69084822086987,-130.23141860198425
625484,1,0.21891115233966896,0.20653024446694887,0.7654515220310125,14948.656836991238,2504.8847591975464,2363.216565942206,-141.66819325534016
6285404,1,0.138024500548913,0.022019303060394693,0.551685008635308,11920.572260400466,907.7044648721517,144.80776689505436,-762.8966979770973
6290176,0,0.1743505773166076,0.1632836684939667,0.5765480848530292,13116.460847762455,1318.486206895852,1234.7952500880128,-83.69095680783926
6295418,1,0.10159926758422465,0.10403925843696482,0.536856589541495,12555.30345677108,684.8194385038197,701.2659464901374,16.44650798631767
6301248,1,0.21620832034031126,0.19705917877760049,0.653304054153222,5980.767148173904,844.7819973803266,769.9613335316684,-74.82066384865823
6304883,0,0.0806055559095341,0.0738528200705296,0.5684830748829249,15433.014133689047,707.185375009582,647.9408729059472,-59.24450210363477
6308350,1,0.08812347318059136,0.060399940936490204,0.5489861278118052,14035.269431610552,679.0061848157387,465.39170527626,-213.61447953947874
631740,1,0.21018350021696328,0.02924740638513982,0.7360731364501355,13396.046702334057,2072.508121971052,288.3931765206097,-1784.114945450442
6319758,1,0.11477969279570811,0.15406728905854888,0.5436921440736064,13905.72110551638,867.7839846280418,1164.8151580090926,297.03117338105073
6331665,1,0.1902252363693662,0.19145137196414558,0.5934338849751147,12691.46891271564,1432.6904420139228,1441.9251407362442,9.234698722321355
636225,1,0.15534117715644258,0.5117673704069137,0.5894980974790077,15086.455803851346,1381.5169716257215,4551.370864335539,3169.853892709818
636587,1,0.04122540416153675,0.04698906593881793,0.5360672113647981,18441.05970918812,407.5398116449371,464.5173400129873,56.97752836805017
637481,1,0.16571243823176976,0.1222988602255901,0.6251734624547168,16951.91570086472,1756.201833070676,1296.109602890742,-460.09223017993395
6375364,1,0.04378975381811759,0.05218885073452577,0.5266203319306028,16201.51466657404,373.6162390735371,445.2777289863722,71.66148991283512
6376006,1,0.13623197504646667,0.060905017383673085,0.5776751384016916,14391.02700452184,1132.5425253435071,506.32402686864174,-626.2184984748653
638347,1,0.13274863593306005,0.15943129124658503,0.6475058049205538,8569.822307624703,736.623467302678,884.6857802277033,148.06231292502525
641631,1,0.03873539043566113,0.03484114214211074,0.511084161430328,13752.822885105274,272.2652471863416,244.8931602569591,-27.372086929382476
645050,0,0.1911434189146018,0.2884507926012097,0.5819179383747848,13015.674085336934,1447.7306206236442,2184.741945933825,737.0113253101806
647976,1,0.04909541293292547,0.02705081896217281,0.5172818396870053,5090.207579885122,129.27175424079832,71.2267523988001,-58.045001841998214
650007,1,0.09882905966990946,0.06802684316892071,0.6048366268737094,4783.140970486476,285.9143325973435,196.80293962432617,-89.11139297301733
6505045,1,0.21830828703103958,0.24142138066931174,0.6050298688098977,10846.91142468851,1432.6929733494717,1584.3773976938974,151.68442434442568
6515606,1,0.14344124721167797,0.14694096613654897,0.6206349188254177,11002.756013282438,979.5164681228994,1003.414979794746,23.898511671846677
6516138,1,0.11212304023734337,0.09508245961513714,0.5617981648041435,7230.753800798468,455.46892916079605,386.24626991212654,-69.22265924866952
6519293,1,0.14508718562235418,0.10940078473996043,0.6405614530693446,13604.79852587043,1264.3926766773284,953.3960594425262,-310.9966172348022
6525789,1,0.10246729405521893,0.10519409330802373,0.5507229257251623,15078.754778393857,850.9105374263165,873.5544672680419,22.643929841725367
6529585,1,0.17388981820964694,0.18963067935781452,0.5918526527467132,15313.497630091219,1576.0215355766036,1718.6862206826859,142.6646851060823
6533052,1,0.17718508813359302,0.17752738820661754,0.6760615778877785,11308.818033046276,1354.6610367675335,1357.278077381354,2.6170406138205635
6539497,0,0.2711040430309376,0.26520306242376074,0.6394093776697604,12229.617998337042,2119.9610781299625,2073.816988686829,-46.14408944313345
654239,1,0.1449193163681004,0.6899813847373143,0.6415656416786898,15724.112033145357,1461.953313309101,6960.566726495803,5498.613413186702
6546004,1,0.22429347376657505,0.24488234028447375,0.5933594212523576,4643.2829436673455,617.958952402533,674.6840731601584,56.725120757625405
6555162,1,0.12014793268747685,0.1435620469719034,0.5622024173298947,14542.32290543057,982.2969484995137,1173.724403795283,191.42745529576928
6577647,0,0.09178002726386876,0.11932562756303353,0.5414906062097712,12121.435985322525,602.4113995558805,783.2109059683092,180.79950641242874
6578752,1,0.22367444362587593,0.235346277862099,0.6315546770124231,17230.40254468387,2434.0121689564307,2561.0243841406004,127.01221518416969
6605460,1,0.07316738414822982,0.029064382818705884,0.5817594616543083,18873.776497467723,803.3777356041168,319.12686680610324,-484.2508687980135
6615827,1,0.36654260491916946,0.5016300661486073,0.7796246708978646,11878.755784930034,3394.540459896397,4645.581530194719,1251.0410702983218
662323,1,0.09359567069777928,0.13194201285585333,0.5550431795340219,4238.468173046613,220.18689003928034,310.3979196864967,90.21102964721638
6634730,1,0.22384607443400298,0.22467222638968304,0.6670529494611223,7615.0732846469655,1137.061300161142,1141.2578688042668,4.196568643124692
666366,1,0.2782925017409779,0.42714147063944324,0.7630596309464213,6965.041472604948,1479.0528405009761,2270.1467035322817,791.0938630313055
6705886,1,0.27679677435746397,0.29921805811461294,0.7812960401793216,17564.08795351951,3798.4135906153374,4106.095315374934,307.6817247595968
6738841,0,0.14496452698315812,0.1528048082459922,0.5998665640813337,9249.395286487828,804.3216121066405,847.8226519536153,43.50103984697478
674675,0,0.26755555371611195,0.0032944089437296196,0.7126769768036996,10540.841583991125,2009.9348742054372,24.74830865563796,-1985.1865655497993
677988,1,0.2399039955685812,0.2271562916073005,0.6273660998950324,3524.451898954094,530.456916631424,502.2701925153679,-28.18672411605604
6805219,1,0.1824694049580487,0.24882494425248677,0.7017238222484586,18071.87050537324,2313.9788335699614,3155.464086688154,841.4852531181928
6815727,0,0.26846170333214553,0.3012154557000112,0.7083390193995966,15251.323880998109,2900.220721916277,3254.063039679832,353.842317763555
6835021,0,0.030296886311268957,0.04448621452733907,0.5332373082059274,19064.71487505478,307.99866860981274,452.24762390234747,144.24895529253473
6836434,1,0.17819567980349266,0.24951296227621828,0.600794176045101,7336.0905041950955,785.3939749834387,1099.7235032191331,314.3295282356944
6837593,0,0.31007647337372635,0.25533906354506325,0.7598711607792038,16405.24285181818,3865.373295095856,3183.0238092017107,-682.3494858941453
6844959,0,0.06918728717081268,0.07900021991613577,0.5105830188250801,13840.926893889347,488.9425619583596,558.2899908433501,69.3474288849905
6855186,1,0.3024510465457359,0.24779253727284953,0.652071659239283,3385.933723367025,667.7730219410969,547.0940613991917,-120.67896054190521
687669,1,0.13896900897147987,0.055136301455804324,0.6391763017233767,6269.255019656199,556.8709480991841,220.93993972913353,-335.9310083700506
6878002,1,0.14119718859294286,0.15838985237580042,0.6963888429694499,18937.39738885795,1862.0791903626832,2088.812468666507,226.73327830382368
6878501,1,0.10604136437326679,0.09479779694329213,0.5441567754113965,11782.868231432312,679.908340775824,607.8176493659502,-72.09069140987378
6885901,1,0.1278845054153778,0.07245286293312017,0.557754905682314,13841.652332239835,987.3002878469946,559.3541781849575,-427.9461096620371
6895967,1,0.1731646021918486,0.17552426751442113,0.6227169575962033,18548.173850440686,2000.0965918220293,2027.3513454482304,27.254753626201136
6907114,1,0.13797096477387633,0.1057948265611512,0.5938972360886039,4356.88433499769,357.00560604834504,273.7485110374082,-83.25709501093684
6908914,0,0.2702103466581637,0.27602009377887576,0.610673007387425,10918.601464916741,1801.6802295237828,1840.4178524733643,38.737622949581464
6964802,1,0.05320751331744756,0.0465013100858718,0.5398249812320558,15148.970346078737,435.12001041473854,380.2780710337876,-54.84193938095092
7015934,1,0.322587275965659,0.39116628258138925,0.7849899366826555,17163.850484508857,4346.363502734742,5270.359312910916,923.995810176174
7054178,1,0.30303987131242227,0.26616917958692743,0.7309661578725009,14177.051542734815,3140.3854877480126,2758.2965411136547,-382.08894663435785
705504,1,0.06937222312608071,0.24763648183837056,0.540392202319331,7594.062525134672,284.68779880984164,1016.2437030661438,731.5559042563021
7066118,1,0.24604315042822356,0.3197363117393048,0.691617382549596,14025.00752135761,2386.603548592552,3101.4227174494267,714.8191688568745
7074799,1,0.07769646124887013,0.11468441476140888,0.5573441187605711,9081.24254068736,393.25109135471865,580.4610730190379,187.2099816643193
7074818,1,0.29072125796759646,0.5917597500920012,0.6769425354226182,12609.587589617402,2481.586829757495,5051.241221488436,2569.6543917309414
708382,1,0.049440997591673454,0.06490288359671041,0.5212634658744705,10651.398959110722,274.5055720283629,360.35282570847113,85.84725368010822
7088303,1,0.11766851246536178,0.08307116385562655,0.6635338088790015,20597.448191759097,1608.1877093575592,1135.3421736675116,-472.84553569004765
7089035,1,0.20904783773646293,0.1809060411386243,0.6136365239760411,11769.837138076708,1509.8275107383367,1306.5761441368627,-203.25136660147405
7090431,1,0.29582504654328345,0.27855470784665737,0.6212006748096813,11760.738793199787,2161.2323756123296,2035.0591000053992,-126.17327560693047
709505,1,0.16358564035046316,0.15361182857811542,0.650586368959364,4571.81479351874,486.5626483883218,456.89693775453145,-29.665710633790354
715974,1,0.07788182974178696,0.07412939807977141,0.5833843447916955,15710.89816856093,713.8252901037619,679.4324075968475,-34.39288250691436
716607,1,0.2836268471652523,0.04860994888405847,0.6088430907370862,10214.032712320484,1763.802540039719,302.29279128484137,-1461.5097487548776
7174707,1,0.16342237607376467,0.14992699848018773,0.5686903385237936,14244.179232784772,1323.8073877475097,1214.4877156925922,-109.31967205491742
7264884,1,0.09442698623506435,0.12226720311992242,0.5294528349981548,12355.864135626027,617.7269245202211,799.8533720534282,182.12644753320706
728741,1,0.15129455827125027,0.17711737301930214,0.5872730284213256,11405.283448217633,1013.3732737688883,1186.334883348031,172.96160957914276
7306722,1,0.29660653672865595,0.29807676218363127,0.7291507310446966,12943.840521794797,2799.375690764732,2813.2516944563386,13.876003691606456
7340379,1,0.08914418512219509,0.08366289788011007,0.5686252280831708,16943.538323389963,858.8617325125462,806.052142625298,-52.809589887248194
7386744,1,0.20624304003100558,0.23875470400001433,0.6366112162110671,4381.696739096786,575.302026695246,665.9912745350454,90.68924783979935
7386824,1,0.15337647436121643,0.11640961917408651,0.6658527870960248,16743.047239029926,1709.9030028202264,1297.7815418689931,-412.1214609512333
740298,1,0.2591595014205022,0.09608008477977581,0.7624739469220844,14169.156115460333,2799.8587999911765,1038.011994158251,-1761.8468058329256
7436160,1,0.3393731513534605,0.26382807992545093,0.778337193664379,11730.714380487576,3098.630034553269,2408.8694381250048,-689.7605964282643
7440864,1,0.0855911286732557,0.078998788499006,0.538440807515601,11036.191421877533,508.61122988282364,469.43733072055255,-39.173899162271084
7446310,1,0.04832404942891383,0.043222437601416225,0.534181151521227,18911.422995162604,488.1756222660654,436.6384982485068,-51.5371240175586
747108,1,0.07185942817651866,0.003393003340396434,0.5325519383404493,6478.347341952533,247.91908253829644,11.706053005795178,-236.21302953250125
7515377,1,0.17618368058966458,0.1861118812149458,0.6267041040218108,16348.48577280667,1805.1186400363038,1906.8396391137094,101.72099907740562
752507,1,0.13157490784676656,0.020682947609634253,0.5735361372026909,12357.825321909642,932.5581323192263,146.59368803176346,-785.9644442874628
753478,1,0.26875872586028093,0.1250525146718803,0.7335900859365295,5702.3882596478015,1124.2756660155144,523.1216168688535,-601.1540491466609
755206,0,0.34999532697840313,0.429982775271757,0.7197048675541687,3401.6044309227655,856.8415029863894,1052.6628758241832,195.82137283779377
759672,1,0.045609118861807074,0.045213897454907795,0.5249825821620794,3866.464019355427,92.57858737634041,91.77635658423746,-0.8022307921029466
761062,1,0.24591641035143014,0.13869705233577592,0.688255712392421,15024.819950622046,2543.001473321302,1434.2548670548645,-1108.7466062664375
7626925,1,0.12107514384395182,0.09150568562963131,0.5601544038007213,13376.07273709986,907.1756196870633,685.6215440300479,-221.55407565701546
763675,1,0.04557435888125602,0.048854657201650255,0.519233418889325,14403.574081596844,340.84229063122564,365.3750415227971,24.53275089157148
7637471,1,0.23134170032668736,0.2890592757710557,0.6840671915275314,12803.64618840272,2026.2188417163652,2531.7413596991464,505.5225179827812
7639468,1,0.05003898119273936,0.044160126383927766,0.6085021193321962,14559.630912012108,443.32366979292385,391.23956604222036,-52.08410375070349
7639798,1,0.0947202216499613,0.0605284559539409,0.5757679423303524,17597.114875300438,959.6915155875724,613.265516261985,-346.42599932558744
7647146,0,0.08744429358407511,0.08992345618575968,0.5547321308530796,18391.736551343027,892.1492866354779,917.4429113637706,25.293624728292684
7658014,1,0.1148479234766893,0.16592481175359486,0.5610972619042699,13252.461440712816,853.9999513706854,1233.8035976551282,379.80364628444283
7659733,1,0.06389285118354564,0.07264778936225116,0.5129426720502267,15628.080531437885,512.1848626928311,582.3671557957459,70.18229310291485
766131,1,0.2968931364815568,0.31377679739354647,0.7694624641128973,13481.727905625563,3079.8754533783745,3255.021209262937,175.14575588456273
766400,1,0.10193873481465177,0.13323981110124317,0.5421382294464557,14786.209786725825,817.1581864719791,1068.0729224600086,250.91473598802952
767014,1,0.12064348091640924,0.11265129478112901,0.5620520160121164,5923.894364234793,401.68690577933467,375.0766281687476,-26.610277610587048
7679528,0,0.12487171509744222,0.08855068186297019,0.6372611800924702,22234.23777066433,1769.3094041098707,1254.6760812745792,-514.6333228352914
7681160,1,0.11741526385723507,0.08514172327664776,0.5537431834942936,15715.416425730196,1021.7834050436096,740.9292204689214,-280.85418457468825
7698887,1,0.3879023045906353,0.22351812984552596,0.7682238309526488,11927.618136073404,3554.38004256987,2048.114616678816,-1506.2654258910538
780472,1,0.15492839140506454,0.11937440017548694,0.6078546140844646,6990.664612056677,658.3384127364168,507.2585626182579,-151.0798501181589
781558,1,0.30062500711937346,0.39982825135618744,0.759694670899146,6144.294955499876,1403.2538410532838,1866.3135673686638,463.05972631538
785249,1,0.0427250171612047,0.039383437244523346,0.5308648053329514,10749.081637348712,243.80215554565876,224.734067555404,-19.068087990254753
787837,1,0.10901808110542983,0.0897886492910301,0.5363048545379975,14725.126958400502,860.9329101207647,709.0750666871637,-151.85784343360103
7916307,1,0.1954921345722281,0.23689262146030018,0.6508220089974884,16575.394550796627,2108.897124841423,2555.510324683651,446.6131998422279
792414,0,0.03575968538869366,0.021325149655497623,0.5250527250102685,7651.863813072943,143.66925441302504,85.67660251899784,-57.992651894027205
793962,0,0.2197190127077898,0.25022806206012493,0.5875399197994897,2645.9185361553664,341.571390194794,389.0002324800899,47.4288422852959
7956256,0,0.10393629581933152,0.09222177502123617,0.5433235460037774,13652.079005453663,770.9470559552126,684.0546450796468,-86.89241087556582
798106,1,0.16259578884759687,0.08014607138811301,0.6558187739480497,12019.187245331104,1281.6464513415344,631.7440858189759,-649.9023655225585
8015025,0,0.059619236905686046,0.061237947902159307,0.5214035459844594,13556.470180754344,421.41211473037185,432.8537979783513,11.441683247979427
805785,1,0.08425272389724442,0.09855960099173663,0.5120993040155936,13229.805192500515,570.8100164736079,667.7387372583858,96.92872078477785
809169,1,0.17131031141672348,0.24710631747642336,0.6000808621296857,3752.0884165819225,385.714836931782,556.3738233968751,170.6589864650931
809216,1,0.06750212902163977,0.08603745189688827,0.5307864619055092,12228.63239837653,438.14231445346604,558.4512496146103,120.30893516114429
8118271,1,0.2594534825472422,0.31815090056900386,0.7004084871976346,10245.935665267838,1861.9264825805187,2283.159128991102,421.23264641058336
8127660,1,0.08805905031297365,0.11093916138616272,0.5541814855271457,13486.164469782838,658.1342032788003,829.1351806748197,171.00097739601938
820561,1,0.09421053078227887,0.10212349279783815,0.5572247482531197,4316.82097186445,226.61773010959158,245.65188134002673,19.034151230435157
8224877,1,0.0980639275265718,0.10750943320352178,0.5569858624289267,8532.729030577002,466.05954748702163,510.95034691367704,44.890799426655406
8266285,0,0.22855457028206416,0.20671803078013937,0.6720966694459478,14351.129752470417,2204.4880266825567,1993.86703661981,-210.6209900627466
8315971,1,0.061884891639138115,0.0391504390887071,0.5277003866254907,7852.212760776268,256.42720919070115,162.22437445068647,-94.20283474001468
8356072,1,0.12636747061932135,0.13930232290287922,0.6489490874765393,15405.71333559365,1263.3617711864256,1392.6782622968512,129.31649111042566
835863,1,0.04039845852398691,0.05090494120879547,0.5444192779668242,18715.060051830173,411.61340916147435,518.6622747418845,107.04886558041017
8374668,1,0.17423177614441626,0.1409668730900051,0.6701039221356845,13968.190062254678,1630.8336334945882,1319.4695188849516,-311.36411460963654
850713,0,0.2990601057528965,0.2557094086458537,0.7531875629062779,13861.922199582847,3122.375133981881,2669.7666580133346,-452.6084759685464
852457,1,0.06912591457136728,0.10147232026389767,0.5230891714502257,5242.3458427988,189.55807443583805,278.2588520822033,88.70077764636525
855842,1,0.059088169859866556,0.03096031442105394,0.5466918616083745,18725.719727140622,604.897328441655,316.9468867528649,-287.9504416887901
8558935,1,0.08891423629681476,0.0776993042420544,0.5723336897521998,6234.661187518766,317.27325992916093,277.25494339074027,-40.01831653842066
8569231,1,0.2775919886490416,0.4023036826445324,0.6374067781408372,12492.49473780145,2210.4097153295206,3203.4640947603193,993.0543794307987
859172,1,0.343444627514068,0.2930347274473423,0.7407794435126805,14203.169652071974,3613.5238371553774,3083.1403024405354,-530.383534714842
8606681,1,0.07577391749089964,0.04417143199979454,0.5657238866321503,18034.489294043145,773.0865284870725,450.66086265270803,-322.4256658343645
8618894,1,0.16088605558810384,0.1414571289883469,0.6015233714403451,5746.440527975823,556.1216807701986,488.96329792140824,-67.15838284879038
8645478,1,0.21411595551925638,0.267132960017352,0.6899729346968567,16228.556145606091,2397.512989691251,2991.158412567139,593.645422875888
866099,1,0.06973750306641842,0.043653602823203366,0.5424578687988456,14480.306596310158,547.7850359746174,342.897140583818,-204.88789539079937
867529,0,0.2503867114782759,0.1019179513090108,0.6572323233908381,10020.932755461685,1649.0671424414777,671.2398742583517,-977.827268183126
8704567,1,0.11126066808607502,0.12541345586338953,0.5489484183888379,13944.140094918348,851.6574287396797,959.9915512581712,108.33412251849143
871263,1,0.14750904258470948,0.1790352316703343,0.5333186931319522,1291.6030862111402,101.6095491810537,123.32592537234657,21.71637619129288
879297,0,0.2852055665084061,0.5764398625416486,0.6847049656154703,13246.545620793377,2586.8075188935713,5228.295467258222,2641.4879483646505
8886380,1,0.05028746276436237,0.05463260812437418,0.5579837830709361,20350.490768829448,571.0264011074673,620.3665861321673,49.34018502469996
889036,1,0.026161252458073988,0.03641812544225363,0.5360768840632951,9129.385468899369,128.03454340316824,178.23221843338024,50.197675030212
8894848,1,0.2789464081296908,0.32396867221883713,0.7272971198819498,11260.388193684425,2284.4728661151676,2653.1893567570078,368.7164906418402
8895971,1,0.04547546498221919,0.049495496852280656,0.5247910718385433,18980.359183406334,452.9685117912961,493.0109358599078,40.042424068611695
8914920,1,0.2485490380822237,0.2671974126252554,0.7122541728966618,16259.938727091063,2878.4984088290007,3094.469135827373,215.97072699837236
8934612,1,0.13326077061992156,0.10442561160767978,0.5830257395651393,15048.4027403279,1169.1775149261287,916.1891868562873,-252.98832806984137
8960786,1,0.09981479239789066,0.07030788966173926,0.5567344246047595,13180.751728938403,732.4587365731032,515.9318252897249,-216.52691128337835
8975373,1,0.1347404311590928,0.1425434548810955,0.5521127246878975,6564.940230403252,488.3784202766265,516.661158916769,28.28273864014244
8981891,1,0.1141451396602381,0.15344234944937324,0.5481430264678065,13335.501748407167,834.3738372284821,1121.627099362385,287.2532621339029
8982120,1,0.07771792649819685,0.07333318868610712,0.5450403075518979,16869.382095175275,714.5769471227129,674.2615051021476,-40.31544202056534
9002091,1,0.08127726938830339,0.03518366534190837,0.5808480491564071,20449.166789669624,965.3999161674798,417.9066032505159,-547.4933129169639
9004997,1,0.1378032113383828,0.11465955279752162,0.5507442054882514,4640.507989501393,352.1881989780604,293.03918974884806,-59.14900922921237
9005630,1,0.295812885080338,0.179361589413568,0.7495835791492973,12405.82599527794,2750.8242020389616,1667.919911402848,-1082.9042906361137
9009115,1,0.12098904427806044,0.14090755782238276,0.6542940233480563,11130.268668289664,881.0988757209499,1026.154818551613,145.05594283066318
9044788,1,0.260059860784254,0.31602518060334034,0.5704881091164269,9381.05087787103,1391.7826356056737,1691.296601680359,299.5139660746852
9055091,1,0.13085894402233333,0.0779317968755632,0.598384635787977,6503.966345504607,509.28646077486775,303.3006976260466,-205.98576314882115
9057260,1,0.0355923826254821,0.026986589000593766,0.5235729441859218,14853.29937885837,276.7943317561106,209.86891907169638,-66.9254126844142
9064843,1,0.11378394175710554,0.1253574187781,0.5663444839487637,14372.45297966716,926.1739169788368,1020.3792361132447,94.20531913440789
9216058,1,0.06391390447454606,0.1904110500805934,0.5496145100050743,20128.56528875973,707.0764284637357,2106.5082213000214,1399.4317928362857
9285206,1,0.26941692703582776,0.3288643705957394,0.718098349714106,16840.109527852564,3258.019795728962,3976.909102553831,718.889306824869
9404832,1,0.05519647549657681,0.053251486175922555,0.5457697487503756,17585.16779817458,529.745557869469,511.07861503569967,-18.666942833769383
9404900,1,0.225070407155926,0.23301084596637622,0.645404010391101,14758.20385747307,2143.796518489781,2219.429229569969,75.63271108018762
9524988,1,0.2204387576749276,0.306243178850372,0.6089387804088378,4818.482366549772,646.8027562156415,898.5667232109857,251.76396699534428
965311,1,0.22005596931711838,0.1361358748077596,0.6363687689719646,2314.1328494172467,324.06363473664294,200.47938960782952,-123.58424512881342
969661,1,0.0519397020450665,0.14269966389479818,0.512952306269081,11396.689870856811,303.63733502733504,834.216292128856,530.5789571015209
970343,0,0.052574506637173,0.04123751331371922,0.5434152088478351,6007.7383934016325,171.63980327323856,134.62796182741158,-37.011841445826974
970384,1,0.17344825608571915,0.22738996442621062,0.6017973141941485,6241.201485089463,651.4609465519053,854.0626743937612,202.6017278418559
972601,1,0.06401979569266211,0.06150325377803048,0.5220087188523,3787.157464047533,126.56260450073292,121.58757926666226,-4.975025234070657
9764856,1,0.13773030562187027,0.22301087070825978,0.5851005058778324,19133.32612366955,1541.8795869212913,2496.5885877770684,954.709000855777
9774666,1,0.1292329401571051,0.15702016628622958,0.5823095182897509,11871.40393231198,893.3655402338194,1085.4539524626716,192.08841222885223
9786092,1,0.08529417675393286,0.07577859191258361,0.5195905084638157,4934.281652999972,218.67771470500034,194.28160202322982,-24.396112681770518
9806643,1,0.0866857948863452,0.1872417312499672,0.5476822595419956,17409.36000514534,826.5315111860549,1785.3120143852618,958.7805031992069
9807432,0,0.2842915249693546,0.2761803498582982,0.7170631802410428,13238.476081819184,2698.7293432158335,2621.7313873937965,-76.99795582203706
9824767,1,0.09943279397197459,0.04753607244869671,0.578150540873009,16785.57707378935,964.9545441969469,461.3181153852904,-503.6364288116565
9824783,1,0.1555978438168651,0.08690139562016566,0.5493917976343813,13219.438829545234,1130.05287680485,631.1345305948287,-498.91834621002135
9835085,1,0.07531758674849509,0.01809183788826469,0.5146323331788009,5073.729881338613,196.6621609952337,47.2396964518074,-149.42246454342632
9836861,1,0.239141295074947,0.16413844380631207,0.774408830765469,16306.236894760652,3019.8030605863078,2072.6900170496815,-947.1130435366263
9846549,1,0.17314464313117678,0.23948023861568415,0.6980786189312037,18378.715722354675,2221.4091494093777,3072.480808780111,851.0716593707334
9854882,0,0.20723432048256268,0.365429507839657,0.658768385187964,17028.247502943297,2324.6864498973987,4099.268032869131,1774.5815829717326
9876279,1,0.265202539804618,0.27830965235480604,0.718044454169071,13078.48251368759,2490.498974543274,2613.5869750937804,123.08800055050642
992489,1,0.2627807534168979,0.24026339269137456,0.7266777987935853,15636.737818564266,2985.943596945063,2730.0817493621453,-255.86184758291756
995358,1,0.09039874604863983,0.08398832168844027,0.5659356680327017,3965.865556526829,202.8931850852078,188.50546984534284,-14.387715239864946
999834,0,0.31016262556305907,0.3005924929500179,0.755734033005488,13620.538723435735,3192.6604319539215,3094.1502272935722,-98.51020466034925
1002575,1,0.2054410269524385,0.25381516282311994,0.6979344390504606,14475.241779603988,2075.5233928261005,2564.236149458647,488.71275663254664
10080359,1,0.339164868150829,0.35082213039569543,0.7921805759070384,14715.092459687894,3953.648401874671,4089.537229322902,135.88882744823104
10082288,1,0.07656643407216604,0.0614423410458252,0.5620019237970484,11604.731917912686,499.35722237777867,400.719677399539,-98.63754497823965
10092726,0,0.06175127720816264,0.095910772641934,0.5274976495320534,12718.399044929536,414.2847246187233,643.4582380861312,229.17351346740793
10100545,1,0.1134161000946939,0.025154382565233495,0.5720417074936085,13040.054643173082,846.0223089830633,187.63798791453755,-658.3843210685258
10109356,1,0.4637449299462025,0.5419902560380894,0.7601219531943914,12691.213799752117,4473.687155243618,5228.509661520356,754.8225062767378
1012038,1,0.14242731368862427,0.11821324273519673,0.5655695378876776,5358.69269159613,431.65636089650855,358.27045281783086,-73.38590807867769
1012913,1,0.040973949034720965,0.044010856213173716,0.5264868814875929,13128.024604013179,283.20098477876314,304.1912755337673,20.99029075500414
10139914,1,0.12151584884141667,0.08934670403086119,0.5930116910240102,9288.732215546828,669.3490066290933,492.1508441807247,-177.19816244836863
1014401,1,0.06485246239146869,0.05832399748390455,0.5287588834812191,9168.683858759692,314.4062318843049,282.75608359562284,-31.650148288682033
10153108,1,0.2287839346176375,0.28403868119282216,0.6617694570921087,6193.8984651281535,937.7699793342794,1164.2554737835785,226.48549444929915
10159589,0,0.07492940612397414,0.05870770014728983,0.5111038976595631,3922.0283632136934,150.20078879642685,117.68334124999397,-32.51744754643288
10161715,1,0.13256412964319583,0.14104246424136624,0.5657232794899344,13310.284142603592,998.1996236941205,1062.0409541371703,63.84133044304974
10177957,1,0.25460005791118395,0.26116127112682735,0.5770666751801843,9174.140347063547,1347.8757905876394,1382.6114482414744,34.735657653835005
10179398,1,0.14938653242205574,0.17532770095045783,0.653642413702931,7377.9485619388115,720.4225439317723,845.5248695617302,125.10232562995782
10181762,1,0.2542587162045802,0.34893109143328616,0.7178142933577931,12636.179299108462,2306.235916293396,3164.9550795631817,858.7191632697859
10183086,1,0.06378122904113896,0.027015346228960138,0.547724278060096,8639.73622973191,301.825104036449,127.84184012630584,-173.98326391014314
1024721,1,0.04034495436248146,0.06614663308556983,0.5195061947100462,6084.962720672349,127.53749451118811,209.10113761163666,81.56364310044854
1032139,1,0.21757558983258754,0.10101681527717978,0.6359761931346378,7690.289112514352,1064.1275705060764,494.05716102563593,-570.0704094804405
1034346,1,0.1724765428483162,0.19408714249608192,0.6408608601163538,11135.7724249834,1230.8755182626237,1385.099145441903,154.22362717927922
1038680,1,0.21372862699765358,0.22684038191396877,0.6954807403431924,14226.830125761768,2114.7349821336525,2244.4690621593436,129.73408002569113
1045472,0,0.40770291504402656,0.34427597165538854,0.7519755438999921,10822.930964574296,3318.122545158209,2801.9173303743346,-516.2052147838745
1045509,1,0.16235963108513582,0.18037249895536034,0.5776426464253612,11204.564467038666,1050.8295685010278,1167.4130692457952,116.58350074476743
10524791,1,0.07751772266034407,0.08513943578465165,0.580069427198036,18981.693843788547,853.5244102302834,937.444809025706,83.92039879542267
10536113,0,0.14218905124151202,0.17420819887109876,0.6168902564122687,18750.743099784755,1644.7221862661806,2015.0924927834146,370.370306517234
10536660,1,0.09264050821408408,0.12056059534272204,0.5608835763718819,12470.007183881738,647.9483016417529,843.227595607677,195.27929396592413
1056770,0,0.20648997431133734,0.402161476291499,0.6703755638970378,6443.1286284957005,891.8954473197915,1737.0624941382473,845.1670468184558
10575360,1,0.04153704877163799,0.040581932224403705,0.5378381321015828,21000.714196225817,469.1603385041075,458.3723115290836,-10.788026975023854
10618878,1,0.27280678948301706,0.20047878355983226,0.6462547761035431,14247.81348484911,2511.9278533561846,1845.95200649234,-665.9758468638447
10637680,1,0.10361204266865884,0.10448508327642098,0.5691309947407878,13329.719422317952,786.0378907292729,792.6610879964177,6.6231972671447465
10696268,1,0.29394930558478416,0.5516538456062043,0.7051541929682226,14665.689680044137,3039.8980757983695,5704.968278216872,2665.0702024185025
10715632,0,0.13691906378676055,0.23082663960489225,0.570544726692513,7330.514993361089,572.648467716504,965.4062613497996,392.7577936332956
10716364,0,0.3016964348207721,0.33724828127293366,0.7665088391925298,13188.718581750332,3049.9305277330573,3409.3337201378367,359.4031924047795
10766586,1,0.09527601974359094,0.10818754102585779,0.5431280035327498,13224.678756874408,684.3384353878414,777.0779337061228,92.73949831828145
1077002,1,0.07618780301331199,0.07021916666358352,0.522869027102845,10762.859674135241,428.7518873122754,395.1629925231765,-33.5888947890989
10775609,0,0.24318438804065706,0.2653652246535414,0.679524122787401,13913.58945282139,2299.21589805955,2508.9272721469306,209.7113740873806
1079635,1,0.1411981240328692,0.1196055083488296,0.5970000107751651,6506.1710254489035,548.4395185266491,464.56982244818767,-83.8696960784614
10834643,1,0.10188581042752674,0.12079548346877331,0.5883220379675215,18070.74454455996,1083.1905633292095,1284.227187643925,201.03662431471548
10835206,0,0.2884642715253608,0.18961268666981934,0.669828993070953,4934.814078005915,953.5133258794484,626.7612364589907,-326.75208942045776
1098146,1,0.06575678255939178,0.01969674051913747,0.5338619735614829,12867.880197551278,451.72752255428196,135.31014521685577,-316.41737733742616
1100163,1,0.19348938765358548,0.022136236002394095,0.6727211873863189,4981.028013531698,648.3525756081309,74.17505321851017,-574.1775223896208
1100486,1,0.06333470888757121,0.09067956610559215,0.5380095993553731,10399.614557034029,354.36355223422476,507.36055670955665,152.9970044753319
11054587,0,0.12461605925018045,0.12433848332269153,0.5551846844361767,11663.403170717946,806.931703125024,805.1343038390661,-1.7973992859579084
11064707,0,0.16649661554217962,0.16240352465687397,0.6365427478065033,17958.07373685631,1903.2363986812352,1856.447942767844,-46.78845591339109
1106500,1,0.07510633542077812,0.06941449472745626,0.5829693877050461,17566.881802657896,769.1605508163573,710.8706702316197,-58.2898805847376
1112564,1,0.06733214242588326,0.049757779353193456,0.5166468967734097,10122.599447302857,352.1342842905644,260.22371172447896,-91.91057256608542
11215657,1,0.06352656523775574,0.059110975693951136,0.5250590914248427,13812.582182538927,460.7214498489502,428.6977317564373,-32.02371809251292
1121859,1,0.24880173184015478,0.2832984619950402,0.7331476937504509,16557.494210393783,3020.2262901868407,3438.985157211942,418.75886702510115
11246287,1,0.23532305897371555,0.2815870397271215,0.7273319500610851,15232.910165138677,2607.2341239070442,3119.8104513358476,512.5763274288033
1131755,1,0.08964302339724191,0.08790075597565564,0.521287101079556,12625.704139596683,589.9960207278672,578.5290843526341,-11.466936375233104
11376099,1,0.3541316391717074,0.46690007223217717,0.794974456489835,15544.358700606283,4376.135024464539,5769.656062923993,1393.5210384594538
11396911,1,0.19764261780216832,0.029175532769841098,0.7089569129162108,15389.84141389086,2156.4261206333613,318.32649075340123,-1838.09962987996
11425080,1,0.2580070516904958,0.27210220577242766,0.6410855696987495,13757.432351773139,2275.5425637954672,2399.8574724250475,124.31490862958026
1146893,1,0.11026558164236733,0.12421466784223392,0.5608614050749978,10767.093456906963,665.8769950776488,750.1133947274684,84.23639964981965
1149041,1,0.06806099900038345,0.09197079119262187,0.5410975463594672,15613.119021430917,574.9943197580159,776.9895137611805,201.99519400316467
1156597,1,0.19887200001187863,0.27708815359873024,0.6517876682523481,18489.556374857035,2396.6591407251617,3339.2627220995846,942.6035813744229
11666476,1,0.29979439497546606,0.29392582327538147,0.6104489014142878,9408.067058190434,1721.7624407271257,1688.0583872048887,-33.70405352223702
1167934,1,0.05494184187538021,0.04469680561065012,0.5249730538384423,6670.74794571203,192.40429302864155,156.52655591092235,-35.87773711771919
11696844,1,0.16524798899773316,0.1643694648960467,0.6503626478563919,15391.442249583084,1654.1355320144219,1645.3414889453074,-8.794043069114423
11705358,0,0.06242080716980838,0.07406705635524286,0.5324928899067775,13388.654381465993,445.02060951756187,528.050950618346,83.03034110078409
11707972,1,0.32991522979403126,0.13359018476082596,0.7139767334037177,10915.40897860348,2571.144211562873,1041.114805411831,-1530.029406151042
11726450,0,0.3114190607244741,0.2797230473140854,0.7572381242354127,13903.505990525891,3278.7023340037754,2944.9983118238342,-333.70402217994115
1174391,1,0.08712949082722814,0.10297816492211054,0.5619704862888741,16557.625921469968,810.7309457279342,958.2012272076751,147.47028147974083
11935885,1,0.03828575788701079,0.03963688811437951,0.5099487375720324,12078.795809115061,235.82367837918142,244.14605510025171,8.322376721070299
11936740,1,0.09378958545761196,0.09782246062856988,0.5701615580705963,13944.631914855037,745.6922061319636,777.7563587627006,32.064152630737
1195405,1,0.1096695127251431,0.13083728445582787,0.5483952229919751,11935.781176823191,717.8445789598525,856.398766062099,138.5541871022465
11966620,1,0.30498572441910016,0.20328980615943948,0.6243964795977864,8788.910004629332,1673.689821224058,1115.6065746215545,-558.0832466025036
1200171,1,0.1052154271705151,0.10953365560664861,0.592394569767754,18528.479777974666,1154.8625001049422,1202.2601130015319,47.397612896589635
1202622,1,0.11588079409331911,0.38375437420212,0.560873428600449,12402.478482262977,806.0923704336443,2669.4800944818617,1863.3877240482175
1205581,1,0.052295394586519627,0.03862525140834191,0.5249213698439372,11121.18131322949,305.2872164054981,225.48439644922118,-79.80281995627692
1205595,1,0.1687074796008313,0.06849598956316626,0.5936772913299431,10938.947566581863,1095.620917295465,444.82698155302785,-650.7939357424372
1209461,1,0.18688883516094193,0.21915755347569027,0.5866195489501189,3391.8506236484045,371.8575525542529,436.0634565947565,64.20590404050358
1221119,1,0.1620662236545082,0.13483415671456545,0.5892096197206987,6305.173746710627,602.0872075903366,500.9181991994437,-101.16900839089288
1222403,1,0.09683211383392895,0.05575540780896144,0.5510889510719216,4054.2091353901005,216.34520011999686,124.57039697480255,-91.77480314519431
12265575,1,0.33553370423623236,0.29719297567171515,0.6484393678015468,10227.261164888438,2225.178583720098,1970.9121210403214,-254.2664626797764
12266566,1,0.20242223927060132,0.18874231045352038,0.5981099213240337,3854.3492165169228,466.64894888073576,435.1122737295424,-31.53667515119338
12276835,1,0.18003344063734925,0.09712356156263696,0.5911335184951423,7404.773732796762,788.0441677496909,425.1302200833228,-362.91394766636813
12306799,1,0.11757512057325278,0.16917477197009764,0.5552125568616653,11103.334901716928,724.8166344769392,1042.9135709996867,318.09693652274757
12307441,1,0.13449563595959302,0.13689306336153562,0.5770492268775514,6986.40661280397,542.2192282685314,551.8844581210575,9.665229852526068
12315445,1,0.21821209346398657,0.24005507691728128,0.6148751330554723,6254.126364617653,839.1360850225028,923.133426000463,83.99734097796022
12327202,1,0.13695473334983133,0.1381261332776468,0.5796543790272086,11916.939831397724,946.0430823014937,954.1347690304772,8.091686728983518
12347159,1,0.4045626612453443,0.35797783560293056,0.735384639166543,10280.713952322767,3058.606640627066,2706.412356004413,-352.19428462265296
12385147,1,0.17495945815304928,0.1905231841368237,0.6613871880912038,14151.55248634026,1637.5602558404537,1783.2313694393852,145.67111359893147
12385705,1,0.12332800689130066,0.12655559187068624,0.584991508366393,15159.146632853895,1093.669318624637,1122.2914520247089,28.62213340007179
12397007,1,0.24775097112795066,0.25931089284492526,0.6740655831896903,7073.472784124315,1181.2728044206956,1236.390332652066,55.11752823137044
12415380,1,0.2345669155832404,0.20262346501937786,0.6688370105321934,13527.688192555117,2122.3188853671863,1833.300341439492,-289.0185439276943
12419360,1,0.07160892855376673,0.08805689149525794,0.5368678238756838,6135.363749039318,235.8711735188735,290.04877957105066,54.17760605217717
12526492,1,0.09353243445141964,0.07410487603234217,0.5564724293761524,8899.518123882412,463.2040863246855,366.99228022973955,-96.21180609494593
1261196,1,0.0950729111304142,0.13401956934198037,0.5550108104482269,15784.911489372094,832.9144288416414,1174.1181765114634,341.20374766982195
12637130,0,0.15586570182566492,0.12779830793405064,0.5799052813595517,14380.092440918539,1299.7783574854761,1065.7217901712343,-234.05656731424187
12647111,1,0.3950978880926372,0.37692550321644674,0.7955913608939663,12101.479463791846,3803.9362937554392,3628.9756157615707,-174.96067799386856
1265297,1,0.09078685934572837,0.0747488222500583,0.5544038564301734,13177.218438117161,663.2434662364055,546.0775747007958,-117.16589153560972
12666117,1,0.14055848530998521,0.14316732826536094,0.5706841860586722,14153.50260481878,1135.316202387166,1156.3882968266419,21.072094439475904
12667159,1,0.08671915354271911,0.15931906956073308,0.5311052249789661,13106.26167068074,603.6350354737092,1108.9888251567913,505.35378968308214
12667481,1,0.06314399895082258,0.033248234950675803,0.5417662699343279,8315.51228569714,284.4677611377477,149.7854287874073,-134.68233235034037
12667698,1,0.20881877065182428,0.25078492820203574,0.6180606097142761,16133.585530407745,2082.2434107939184,2500.7103654766815,418.4669546827631
1267195,1,0.04467066118232561,0.03519533810309649,0.5197724688776277,4629.062485580722,107.48025694808388,84.682068332407,-22.798188615676878
12687148,0,0.22609998113970378,0.19581205336373567,0.62815554679204,11349.368765742473,1611.9049635064594,1395.9772094645773,-215.92775404188205
1277598,1,0.09600793904967989,0.0693238366506221,0.54040303948586,4885.332437468911,253.46561529446197,183.01829083249433,-70.44732446196764
12865612,0,0.0738395521218142,0.05741520481872569,0.547198958231697,17990.369907571592,726.8995647804153,565.2131709257812,-161.68639385463405
12865962,1,0.11771799434199964,0.16500111616770405,0.576603331183856,12688.650580934034,861.2623036707432,1207.2006681151777,345.93836444443446
12876005,1,0.18674701917580047,0.09847794712703659,0.6876553420591155,13626.574831314501,1749.8918364265198,922.7764732534725,-827.1153631730473
12876820,1,0.3015571913686194,0.33824426656012063,0.6347884074274821,4318.475476881855,826.6642081390586,927.2351539834509,100.57094584439233
128817,1,0.45313550841839,0.4320042631703713,0.6988345668729298,8299.89068715947,2628.2994653678934,2505.732949268156,-122.56651609973733
12915867,1,0.2217774051566178,0.2643742938511209,0.6370349505412819,8410.005824078915,1188.1652723398845,1416.376725264018,228.21145292413348
12916105,1,0.23471388421917702,0.2880057938557945,0.612369128955503,11849.298814452492,1703.1179289954152,2089.811741653606,386.69381265819084
13047696,0,0.18750788655926515,0.16577600907007162,0.591846718165529,13286.05979579386,1474.4328058720048,1303.5482970055964,-170.8845088664084
1307932,1,0.12196343013435813,0.12146377513250804,0.562134115677062,5547.949498648839,380.3663354638559,378.8080655640954,-1.5582698997604894
1311933,1,0.09926388079203761,0.14206245025392533,0.5445644884413501,4637.20976865279,250.6670843277129,358.7445898091332,108.07750548142027
1312529,0,0.14909037094742147,0.16631562026622854,0.5863156991227046,13973.946504312713,1221.5189101177243,1362.6478619119057,141.12895179418138
131569,1,0.28971872771673673,0.6447083425588905,0.6926977010627783,3713.9353113081943,745.3403803250006,1658.5988935840019,913.2585132590012
1335896,1,0.22576331941108724,0.23982629835733543,0.7155371056741562,13553.863997380973,2189.518733469833,2325.905618334577,136.38688486474393
1336086,1,0.1499414870170535,0.12341211051583081,0.5528235212507209,1977.913595154132,163.95159349061433,134.9433874349199,-29.008206055694416
1344595,1,0.23085390486078294,0.2506777537253162,0.5994584099630604,9918.318791865287,1372.5695043574724,1490.4345689612474,117.86506460377495
1344606,0,0.08881839863905867,0.10479032731718664,0.5504894680903955,12374.091099266867,605.0137742427248,713.8114670581448,108.79769281541996
1355204,0,0.2530700863508912,0.19296798048754787,0.7120141720752111,15933.778120528714,2871.0993216051115,2189.2363726510266,-681.8629489540849
1361680,1,0.10837162304884194,0.07114546538933174,0.545918896901825,5474.737473273664,323.8970584469304,212.6369091201748,-111.26014932675557
1368658,1,0.13047229710223035,0.21438343224101797,0.5622104974929372,4426.917640464936,324.7272251330865,533.5702567694179,208.84303163633143
1385998,0,0.3561243996099012,0.31498912271724216,0.7591900618676019,13351.604110288856,3609.8211984323307,3192.857365869436,-416.9638325628948
1386607,1,0.24892562147579345,0.1946817616790946,0.6261857679455776,14707.026592346332,2292.4383780607404,1792.8887325286073,-499.5496455321331
1391284,1,0.14997366188806044,0.1391348793900092,0.5370564646106989,14339.836922101951,1154.9924803143763,1071.5197416787344,-83.47273863564192
1394629,0,0.32361490764749334,0.343407294282289,0.7199595747938659,13710.709823591902,3194.453500968018,3389.827253177561,195.373752209543
1406564,1,0.06883675678276711,0.06571524406894756,0.5277273357114161,14549.305741422515,528.5331862666696,504.56600452082677,-23.96718174584288
1410361,0,0.09180348938590392,0.1424307754173315,0.5505595667879583,12431.325958062942,628.3201048518983,974.8226384747429,346.50253362284457
1411545,1,0.31175320880431556,0.3204151850773599,0.7606333474332289,9959.136702997836,2361.608958866948,2427.225607517883,65.61664865093508
1417811,1,0.2208634138017662,0.20870098917317928,0.6007620486749189,2906.027699259783,385.5902286189559,364.3566887928131,-21.233539826142817
1419812,1,0.1909955615085498,0.09301143906831327,0.6116199478573559,13176.80363791582,1539.2706565318629,749.5974134102955,-789.6732431215673
1422008,1,0.3333272278004404,0.339323202600731,0.7193202388700464,14013.341547090524,3359.9651854124095,3420.4050922106862,60.43990679827675
1429333,1,0.13043817567969682,0.1395583055724359,0.5447982319394633,5341.769650569199,379.59943895579164,406.1407193167571,26.54128036096546
1432500,1,0.14440889924599534,0.10805858628188113,0.5881616820152974,11715.335592423744,995.0511791392884,744.5789300889787,-250.47224905030964
1433543,1,0.05954359571610791,0.038727406777622035,0.5379661150853815,7236.135231344908,231.79104494906574,150.757877101536,-81.03316784752974
1436942,1,0.11173396905724953,0.18189813252172293,0.5479663049777247,12216.67542630836,747.9836691683622,1217.685487470327,469.70181830196475
1438030,1,0.1773292138557193,0.19696599577317478,0.5619878004955551,4307.560575660605,429.2779390822955,476.8145918900636,47.536652807768064
1439202,1,0.08657226983387911,0.015848974929675554,0.5615357812158189,14240.544253730633,692.2816609796839,126.73751895606885,-565.5441420236151
1442736,1,0.029678263071574576,0.030251269809621714,0.5091916388201464,14250.919815454756,215.35880878389878,219.516803078692,4.1579942947932125
1444800,1,0.06191662422902047,0.038634408791791815,0.5349287210584253,4719.679230687761,156.32040429015004,97.53998182305888,-58.78042246709116
1449806,1,0.11392931934253192,0.11272818778084288,0.552516998941437,12884.973237939983,811.0818215287234,802.5307656585363,-8.551055870187042
1451213,1,0.07975989642121646,0.1198746595299645,0.5466311266806728,5854.4940406514415,255.25150272740117,383.6287201574121,128.37721743001092
1452626,1,0.05220351516263695,0.040813479777853885,0.5254633168286564,2787.709110862086,76.46973846088153,59.78517183311671,-16.684566627764816
1455712,1,0.057315098804976525,0.04019455924435891,0.5117626229853651,14304.320267714738,419.5703927115681,294.24091310403116,-125.32947960753694
1459660,1,0.14282839642098322,0.19058646366042137,0.5601003346493416,4191.057832983308,335.2772195006075,447.3851223686502,112.10790286804269
1464864,1,0.15216704422359417,0.1268873512731004,0.547621751216741,12276.772634261448,1023.0232577953675,853.0671811019178,-169.95607669344975
1467356,1,0.17313310757880096,0.17254110071371026,0.563592707313298,11084.865940046562,1081.623051306447,1077.9245774514545,-3.6984738549924714
1470212,1,0.10557003538544371,0.09251230401036604,0.5820612726075944,16416.719822080522,1008.7783614476333,884.0047283548623,-124.77363309277098
1473079,1,0.11896807556812898,0.10091619139996673,0.5710347780117649,16060.861605154061,1091.0931655452964,925.5337299821165,-165.55943556317993
1473717,1,0.0283755171402008,0.03325232389684777,0.5309714215756256,11995.85713577701,180.7366452553319,211.79925773213384,31.062612476801945
1477002,1,0.15357724658010355,0.21745371545005393,0.6018644682532058,8207.947587656414,758.6826572485447,1074.237013229467,315.5543559809223
1478830,1,0.2414014828562036,0.11629476098461927,0.7550259899876698,18327.420257595666,3340.4361390997647,1609.2495281497331,-1731.1866109500315
1479056,1,0.09998623917270334,0.09365118549158162,0.5599533591565071,13528.355529363558,757.4205705719197,709.4309670678716,-47.98960350404809
1479864,1,0.2870555740404003,0.29870515102556766,0.6229580740700428,12211.735787549214,2183.746403806733,2272.36938885857,88.62298505183708
1491575,1,0.04019722101891738,0.016431379908195213,0.5295023364866966,4267.817143813045,90.83844980908272,37.13194696673489,-53.70650284234783
1503575,1,0.26620621622177654,0.16542500251689932,0.7020788935578974,13617.698063325251,2545.1173426012538,1581.578555080996,-963.5387875202578
1518461,1,0.07955780033132584,0.09266367347840519,0.5350503379871461,12905.54559732205,549.3558824570717,639.8534638142742,90.49758135720242
1519226,1,0.06031470956226632,0.0718004589349172,0.5215249616047027,6599.451781974644,207.58989094365953,247.12130006390615,39.53140912024662
1527687,1,0.15470173247672728,0.24374064112991622,0.6454205119239046,14500.628489091378,1447.8539880465976,2281.169406826603,833.3154187800053
1531391,1,0.08494904771606739,0.1013018334176472,0.5483703344080685,5647.228223471917,263.0678688695414,313.70872477381835,50.64085590427692
1532033,1,0.10195229305941479,0.052454952861336876,0.5741548413315063,13798.67376432299,807.7247234341876,415.57831630118585,-392.14640713300173
1534544,0,0.20900338063982282,0.23137141037227882,0.5911661838684171,3773.352429413145,466.2193175422215,516.1151973347169,49.89587979249535
1537925,0,0.12415011803484635,0.19028632461231268,0.5615367421041141,13589.55390744588,947.3937504536693,1452.0813800910246,504.68762963735526
1538793,1,0.1077756326534484,0.025149690928199044,0.5626369540105742,14136.62129055629,857.2242688780141,200.03524811360637,-657.1890207644077
1540036,1,0.19582098216769775,0.1466266136354492,0.6688483590330312,13441.962405609116,1760.554877547663,1318.2662907548718,-442.2885867927912
1541703,1,0.24516246365653463,0.23340982106007754,0.6932334563178267,13324.944122615721,2264.6385070522733,2156.0758560387517,-108.56265101352164
1553683,1,0.11258146748726462,0.14156943489753723,0.5674731107698031,6097.906690799127,389.5766938252573,489.8866005662206,100.3099067409633
1560043,1,0.17598989272214408,0.12424018275719005,0.608543460534557,15543.183815990898,1664.6361028729423,1175.1509728554333,-489.48513001750894
1564183,1,0.10661618953053317,0.10759685812566351,0.5703651834304793,15001.010954392636,912.2139137745139,920.6045675881489,8.390653813635026
1569031,0,0.18709536085895007,0.10749269757056645,0.5949484987295934,12531.031328833142,1394.8554632830646,801.3922728013291,-593.4631904817355
1570694,1,0.0803458206940615,0.043999147459507434,0.5428357086595806,17595.813399504616,767.4340202272308,420.26383363480005,-347.17018659243075
1571711,0,0.22844491764089303,0.21671254091279724,0.7187463642051101,16449.600959639807,2700.925022882894,2562.2120665604616,-138.71295632243255
1571846,1,0.06311192021593551,0.06793254307897029,0.5494665050608194,18924.907900223527,656.2758030530949,706.4035464307311,50.12774337763619
1572409,1,0.16239108460610552,0.09679325522171685,0.6051941371052113,8146.997057769507,800.6716548685538,477.240582674035,-323.4310721945188
1575030,1,0.1220864453354976,0.18283588612824672,0.5493246781257957,5383.424649361148,361.03989784903365,540.691060907533,179.65116305849938
1583389,1,0.07389457209225918,0.09346341655636835,0.533308629844561,13021.51675856408,513.1599145523162,649.0555056459654,135.89559109364916
1596352,1,0.2541609627265206,0.2835863582211784,0.6141913991041275,12310.771648588963,1921.7542625251735,2144.244682028322,222.4904195031486
1602460,1,0.1012027121655593,0.0832716192858764,0.5295871172923817,10317.492697731994,552.9727543093153,454.9970617089666,-97.97569260034868
1604612,0,0.36816905145101503,0.36117809387487854,0.7833995541489152,14060.446176835809,4055.362686731203,3978.3576576907417,-77.00502904046152
1608604,1,0.05976103684940906,0.07046540637611708,0.5066620882974736,14186.456440963459,429.5467738437651,506.4869950754589,76.94022123169378
1613238,1,0.06721890374095608,0.18058161829052932,0.5543118079755256,21486.304568408144,800.5846943905045,2150.7473589394463,1350.1626645489418
1617528,1,0.18713315903516714,0.14374878555631862,0.5947873764959655,11696.516617675527,1301.874240478341,1000.0517384556484,-301.8225020226927
1620371,0,0.06109360593421392,0.07537589097790802,0.5334366283266411,15019.011834555882,489.4630948870823,603.8883499141565,114.42525502707417
1620788,1,0.07062639303568322,0.10088897085664893,0.5462192931863376,13027.486061141672,502.5678237772985,717.9122187500066,215.34439497270807
1624879,0,0.14047820364475191,0.2310955681583276,0.5863741205303348,12118.119769612385,998.20325155445,1642.1077545867633,643.9045030323133
1634593,1,0.11449972023800277,0.12567920745071914,0.5559260523085597,13055.763376832849,831.0434342846323,912.1845884069754,81.1411541223431
1654769,0,0.11839081815539076,0.13500165824108393,0.5936656591950508,5025.862224152044,353.2405306397019,402.80199205759743,49.56146141789554
1654928,1,0.2428844652562783,0.2917234024568803,0.7544548739137569,17379.329057668958,3184.681559376342,3825.0537730466685,640.3722136703263
1655021,1,0.08202748162464486,0.06700635484192183,0.5615517217737936,9324.061551756728,429.49120331692814,350.8414424159481,-78.64976090098003
1679303,1,0.27127350490458324,0.2947305255335631,0.7560451315256658,16367.518504789095,3356.896415525596,3647.1672567418404,290.27084121624466
1683411,0,0.3058870736919557,0.3106800660682568,0.7174823194007267,12542.995700992256,2752.793293728608,2795.9272421858777,43.133948457269526
1685869,1,0.3116368383635731,0.24953518398455304,0.8022655175463649,15300.09587386122,3825.2609580191875,3062.9793382598386,-762.2816197593488
1692779,1,0.13997864432693458,0.1618011026260302,0.5482085701863052,11535.303879990737,885.1902945501979,1023.1901186124237,137.9998240622258
1692974,1,0.34412168940964655,0.43596785806838084,0.7716314608931124,14138.713418482508,3754.3249914276716,4756.355310858915,1002.0303194312432
1695249,1,0.36696038268487774,0.4361793408440703,0.7544069890429659,13294.813163195215,3680.5025385946774,4374.747921052105,694.2453824574277
1865110,1,0.10732814420191232,0.12680169784505654,0.5635899291543965,14233.95112614871,860.9983406027842,1017.2173593612185,156.21901875843434
197360,1,0.13253777720519366,0.12984292412152976,0.6235575573842849,5930.874653978539,490.15673612733167,480.1905180445705,-9.966218082761145
2015205,1,0.1188302515386534,0.15028890594635125,0.5390870177230236,5266.378843575707,337.36341726132184,426.6756842640696,89.31226700274777
2078210,1,0.09647615294487319,0.08396966305587847,0.553887698633391,15629.375972539172,835.1862500140719,726.9185789638295,-108.26767105024237
2078593,1,0.2957643216514676,0.23377946926352522,0.5917372333892305,11041.13430303342,1932.3614859540546,1527.3865356348138,-404.97495031924086
2079552,1,0.10573304616439055,0.13462919754000996,0.5638390085357199,12269.740821442507,731.4779720268906,931.3861272762639,199.9081552493733
2080084,1,0.12137256936940156,0.06678433041163591,0.5521102779488521,3501.8077203194525,234.65978775874996,129.11975812514663,-105.54002963360333
2080905,1,0.05099877636621903,0.05071332237261369,0.5270643833990668,16498.147136164025,443.46423291255195,440.9820432341763,-2.4821896783756756
2087966,1,0.2650067794913725,0.2771964997563194,0.7076128730213448,12261.8763025488,2299.3741259078197,2405.1402026590204,105.76607675120067
2088506,0,0.1328039392183771,0.11235002937986462,0.5701768430022665,13987.510328466236,1059.1584916795055,896.0313102042313,-163.12718147527414
2093124,1,0.07845327667393023,0.0770136804903156,0.5450916234929769,8792.183260727692,375.99089397591575,369.0915638396966,-6.899330136219135
2093336,1,0.16616434021695656,0.13468654145256784,0.6013837334264688,14990.882150063935,1498.0168358777282,1214.2358968154883,-283.7809390622399
214363,1,0.22009626519272266,0.1648900399388993,0.6245421770380652,11377.7828172413,1563.9832064585707,1171.6930005645927,-392.29020589397805
2217472,0,0.2083337648792433,0.2804917328156307,0.679304852918312,14888.548681088034,2107.059233757546,2836.855062665423,729.795828907877
2224889,1,0.07340165619444752,0.05172308822570381,0.5311444047348064,7404.487343019115,288.6778519952754,203.41925212155874,-85.25859987371663
2224931,1,0.09178002726386876,0.0653737946596093,0.5414906062097712,12121.435985322525,602.4113995558805,429.0902967586887,-173.32110279719183
227538,1,0.09607363420439541,0.08591547690053852,0.5225906772003122,11109.369929775281,557.7701975185793,498.7954595197762,-58.97473799880305
2298095,1,0.23631044704953716,0.2327015508264614,0.703790291332896,14914.759248446979,2480.518330635573,2442.6362422790467,-37.88208835652631
2307390,1,0.07047822352381031,0.05782481395987116,0.6243405924943722,19249.0753012029,847.0058158005356,694.9374043891473,-152.0684114113883
2308997,1,0.1049425060388995,0.08412957700995292,0.54881645811574,13770.068600631352,793.075733449436,635.7874279010206,-157.28830554841545
2371626,1,0.1313657238045413,0.05926684669203672,0.7157721203660106,19531.79375919546,1836.5339932153997,828.5690929740708,-1007.9649002413289
2381270,1,0.10430635917566278,0.11285154458438026,0.5548898172459923,7237.807883576313,418.91372835276997,453.23278145098953,34.31905309821957
2394676,1,0.04777912720758339,0.04283720889648872,0.5074291777574049,12475.36662804072,302.4593160526095,271.1751691935115,-31.284146859097973
239506,1,0.190562323231218,0.1171459269866243,0.5647349875314552,8679.905623492661,934.1072369741345,574.2313397778883,-359.8758971962462
2434685,1,0.2816313326907387,0.23623531177707702,0.6512481016582682,2447.963815850999,448.9856230726871,376.61384348336526,-72.37177958932182
2476518,0,0.4079030031376606,0.18272613899653284,0.7878557008012632,11622.054441269245,3734.964601454136,1673.1322291395684,-2061.8323723145677
2485454,1,0.21432166395975907,0.27936174875395986,0.7163979932630468,17501.32649622737,2687.14684425083,3502.6139107875947,815.4670665367648
2595313,0,0.14174695233200996,0.19138514591338404,0.6078106910473428,8716.260411738249,750.9521444053747,1013.9271664505164,262.9750220451417
2644800,1,0.09063139703967553,0.10181544873451243,0.5459216109005228,11467.881516929103,567.4036934185772,637.4221687627974,70.01847534422018
2826572,0,0.12866242183879464,0.19196024804689707,0.5549275622753203,12799.537685941052,913.8655401262276,1363.4583684732672,449.5928283470396
2906101,1,0.04244584524448246,0.035999139878298045,0.542877996484692,17299.324464736008,398.62687055787893,338.0831360479665,-60.54373450991244
2935354,1,0.09678249298404046,0.06273311712107649,0.5680101805676119,15444.23952742788,849.0229953258747,550.3253466827748,-298.6976486430999
3006775,1,0.33486138994948444,0.33093722288243266,0.7754634103146185,15332.149707002503,3981.341561127385,3934.685093986705,-46.65646714067998
3106276,1,0.3535695293975051,0.3490838970258829,0.7534796365644665,12286.684353928424,3273.2641310929544,3231.7371941639713,-41.526936928983105
3151863,0,0.0898889697725021,0.08211056811633159,0.54185341066537,13992.63199820973,681.5341572875018,622.5586630616955,-58.9754942258063
3156807,1,0.0770152263211914,0.0482237743809975,0.5335522707866269,14441.717518855694,593.4339856363054,371.58401007602976,-221.8499755602756
3159235,1,0.15909412360021238,0.18295286850855774,0.5727967236795204,12017.0453535702,1095.0964321422573,1259.3239085145296,164.22747637227235
3195692,1,0.0610720176232244,0.04633706970182323,0.5445890636820737,17680.762373275134,588.0471790659701,446.1680518309649,-141.87912723500523
3219263,0,0.16690806233810832,0.391684440251529,0.5918710786214877,16114.945221136242,1591.9640930014273,3735.8744444870904,2143.9103514856633
3219548,1,0.042731442320656995,0.04829184162637168,0.517800599737937,13824.471024188317,305.88531201485904,345.6884261665555,39.803114151696434
3220844,1,0.10834857818856905,0.11569870948527419,0.5608122282303264,8997.255927801058,546.7021294070897,583.7892098147063,37.087080407616554
3235092,1,0.23482050888235878,0.6650172406161015,0.7106814151545144,15382.01667392229,2566.99049832015,7269.777865679708,4702.787367359559
3244762,1,0.16553101999894582,0.17199431454107636,0.5668302476648905,11608.89786166927,1089.2395415891845,1131.7697935278904,42.53025193870599
3286755,1,0.10924909978011078,0.11747141464423236,0.5521234469960353,11177.395151296148,674.2091813474682,724.9515690145357,50.74238766706753
3289429,1,0.11692189407641833,0.11764461634366172,0.6957673211240875,19988.6794260033,1626.0877268493853,1636.1389650539008,10.051238204515585
3289961,0,0.14261790499626475,0.18031758568011338,0.5699941135835802,12631.320845234659,1026.8173301816473,1298.2466817031407,271.42935152149334
3292990,1,0.10613138047772051,0.12009300265599923,0.5609457730646168,5559.700144368279,330.9909063428372,374.5328819395347,43.54197559669751
3298670,1,0.06601667188721443,0.08074217260081779,0.5508725936336764,15583.636193366969,566.7265952646295,693.1391005367038,126.41250527207433
3345100,1,0.28956123618421736,0.2784112745434388,0.7282723072364675,15430.720783312036,3254.0215965172483,3128.720929696121,-125.30066682112738
3349718,1,0.0918181948138047,0.06972578957646826,0.6719207400352879,19679.064477005697,1214.0910156797645,921.9681878698883,-292.1228278098762
3350991,1,0.025647361203318963,0.024261576022936472,0.5243399099197633,20604.93753876628,277.0938619990748,262.12185125343996,-14.972010745634861
3352915,0,0.12415011803484635,0.11315681364874576,0.5615367421041141,13589.55390744588,947.3937504536693,863.5034728036445,-83.89027765002481
3354156,1,0.2353029476109214,0.443184474192997,0.7181790757964699,16847.581708394384,2847.066994328267,5362.346293085897,2515.27929875763
3354891,1,0.06976297923772368,0.01571013941722051,0.535975522891736,15833.991921136725,592.0527389482772,133.32617346415077,-458.72656548412647
3366132,1,0.10360156852822676,0.1203569104777782,0.5519983654038612,11376.09567878795,650.5749820348531,755.7915964420696,105.21661440721653
3369830,1,0.10513236460222504,0.0704781835293428,0.5508777158315911,13977.876433820278,809.529788172686,542.689106244045,-266.84068192864106
3376104,1,0.28283205528850536,0.2534712673021093,0.6994579557507326,14805.768396323081,2929.0122987836535,2624.95161150968,-304.0606872739736
3376466,1,0.036461081908071784,0.02429178744040417,0.5158675601843205,10889.981464185566,204.83063454956834,136.46611607155015,-68.3645184780182
3377367,1,0.23150615227442853,0.23728972399484188,0.6739842414879778,15938.258420986527,2486.8703439581423,2548.9982522333453,62.127908275203026
3383832,1,0.07847902665459622,0.1219459890859712,0.5458526405666937,15662.708976395219,670.9588754078304,1042.5810205028438,371.62214509501337
3384153,1,0.10245308888288285,0.1202422021282154,0.6574318188121968,18826.454889332046,1268.0732000878484,1488.2510200608567,220.17781997300835
3444958,1,0.18531866995021362,0.1813651241868962,0.6126120419119664,4410.307779929519,500.69540099748156,490.01368079164416,-10.681720205837394
3486089,0,0.10215942183718611,0.11655683213739218,0.6602506129181607,18285.590614009994,1233.3780972521658,1407.19907432981,173.8209770776441
348742,1,0.12237695255565802,0.17287943575805179,0.5431621360818237,3098.830069197318,205.98086765071926,290.9849888622994,85.00412121158016
349067,0,0.16819370531167502,0.18486331603033104,0.6293618084787319,6873.382603348932,727.5798160006865,799.6899599386412,72.11014393795472
351735,1,0.17906734903679383,0.16594514592097664,0.5916530568281682,4314.866780681306,457.14177322030696,423.64204681463417,-33.49972640567279
3536495,0,0.1455167749858442,0.18443034922657972,0.5674500563102095,14432.689257539481,1191.7576975791208,1510.453268218482,318.6955706393612
3538785,1,0.28523519860381924,0.2872719820532399,0.7000467181205823,14691.713420448485,2933.6114333846544,2954.5595184870417,20.948085102387267
355533,0,0.2636713015282715,0.18752700555718121,0.6686608860825503,5091.631344463404,897.6886492587195,638.4497036364363,-259.23894562228315
3605728,1,0.10272128859438209,0.15696842273223555,0.563151868011457,15345.350751392383,887.6930250202911,1356.483898464866,468.7908734445748
361282,1,0.07808067575662846,0.06910055042953359,0.5280803558806674,5737.9911310171665,236.5938483394223,209.38298740463688,-27.210860934785416
361876,0,0.216706961050167,0.232743084424534,0.5884950657256424,5735.44767928331,731.4472477141431,785.5736968570011,54.12644914285795
3625627,1,0.1802620877630374,0.11857961832202817,0.698769764601955,15447.042557072406,1945.7356884484395,1279.9396598305382,-665.7960286179014
3626363,1,0.10849730076946068,0.052355195582747635,0.5469270378690549,6730.421474014196,399.3839326214514,192.72206549573988,-206.6618671257115
363077,1,0.06306924139087727,0.053076366478413385,0.5249726100478441,11491.217816856768,380.4699042830093,320.1871408057375,-60.28276347727183
3635912,1,0.05755526791093729,0.05341746362106645,0.505192780393451,12974.763999485142,377.26080097291316,350.1384989260976,-27.12230204681555
3641452,1,0.16365764423795925,0.07476408985324505,0.6023161391943729,11419.028207923837,1125.615180594269,514.2173156284946,-611.3978649657745
364583,1,0.12307372490210111,0.015595268789672902,0.5595358420882437,11459.066427337215,789.1189873638059,99.99309539678158,-689.1258919670244
3665608,1,0.1511297122785275,0.1586384850322204,0.5762457770299387,13345.397552730989,1162.222093488308,1219.9662753421155,57.744181853807504
3704041,1,0.06105847421308496,0.07325703399744748,0.5588026727602684,16577.14876346186,565.6063245780341,678.6059147856143,112.99959020758024
371943,1,0.17169392816310133,0.14016086485672524,0.6091603751616569,12738.494119667368,1332.3081154809838,1087.6182968104524,-244.6898186705314
371993,1,0.13877188427586476,0.11147886389857355,0.572871647334051,13512.118602833485,1074.1928627884542,862.9255167679531,-211.26734602050112
3724713,1,0.09458411642581387,0.06495627914405967,0.5416223560193336,16170.195448047276,828.3808725085875,568.8961447821075,-259.48472772647995
3731117,1,0.1245147817755085,0.04027678583506979,0.6533084679906416,18740.490643623492,1524.474471382364,493.1216271623102,-1031.3528442200538
3733371,1,0.10109140240967826,0.07990062828436723,0.5531683181604102,11658.402726839642,651.9444214484987,515.2838682474969,-136.6605532010018
3734484,1,0.13323108392126026,0.14926447226593467,0.5782554820323688,7430.406865578549,572.4504681606043,641.3407030365288,68.89023487592453
3805325,1,0.1031352010386455,0.09923811105476495,0.5690745004721961,15265.32440553886,895.9465125150706,862.092075379617,-33.85443713545362
3918538,1,0.15698531747574102,0.08847243502732575,0.6546360303131139,15197.190649002896,1561.7886126846965,880.1793937418147,-681.6092189428819
3921352,1,0.13379258907168926,0.1757756764932677,0.5751598453559839,14559.748510487247,1120.4035850216512,1471.977629471974,351.57404445032284
3928185,1,0.12049024731566343,0.07246093628360521,0.5541678852126896,12993.655342924805,867.6100877324177,521.7670366423024,-345.8430510901153
3930011,1,0.09322856804101165,0.07087842874071741,0.5426402293917305,15170.034737623037,767.445557739121,583.4620912836898,-183.9834664554312
402203,1,0.14039685043811975,0.11491439429289516,0.5492471964909856,10018.461196451626,772.5493554166594,632.3292934423818,-140.22006197427766
405857,1,0.13849352516863941,0.028562414914283723,0.5879349622867296,5454.897436077546,444.1660355996162,91.60323260008609,-352.5628029995301
4084753,1,0.10876843584045415,0.10127590413223882,0.5519548309818113,11573.272218742553,694.8044486037156,646.9427291448778,-47.8617194588378
4186511,1,0.13784643447772943,0.08561881631363483,0.6097786767154758,7832.427730011276,658.3611072853398,408.9195264735818,-249.441580811758
4196158,1,0.058569703156606645,0.052909446005284105,0.5138916273939799,13624.351610712181,410.07227543710087,370.4423233542699,-39.62995208283098
422847,1,0.11256643424739385,0.03851822614532232,0.5853660024100165,16426.854277834485,1082.4075405942326,370.3805553472622,-712.0269852469704
4244821,1,0.1256718962203081,0.14312194498342995,0.5478112539425056,14059.249744698009,967.9017245607158,1102.2987759260063,134.3970513652905
425000,1,0.08796578573700208,0.13580191566399302,0.5287623173692071,6441.402120057941,299.6088898878636,462.5373473998241,162.92845751196052
4275347,1,0.14981409925295344,0.2629194376739067,0.5875124157996673,13177.137380408934,1159.8205786252524,2035.4517756029218,875.6311969776693
4287037,0,0.1657818344292773,0.15342803089518806,0.6019890121779865,15764.59378913476,1573.288216502794,1456.0492343423896,-117.23898216040448
4305166,1,0.06271982921673175,0.037598403789275966,0.5343439859511299,16106.464540909685,539.7914654120274,323.58661896917647,-216.2048464428509
434055,0,0.1856366427732296,0.1620435582694945,0.6435035832626858,17223.818514328344,2057.5202391103953,1796.024188846351,-261.49605026404424
438145,1,0.055384772876730215,0.079563283206602,0.539345376549018,4435.396467270981,132.4920395239034,190.3321276900933,57.8400881661899
440058,1,0.10899465638884158,0.15080348192374218,0.5587789552410168,14751.737311852303,898.4386324036617,1243.067124115893,344.62849171223127
440900,1,0.1933982347588652,0.1765125614648394,0.6249243679673365,5018.391444892925,606.5191247104768,553.5637096871236,-52.955415023353225
4425191,1,0.11380661059944618,0.0714378739565406,0.5860975596555283,18690.560023715036,1246.6935619409069,782.5655914999945,-464.12797044091235
444464,1,0.05639626880762131,0.05782049113560033,0.5269754928453723,7092.644464811034,210.7895035300386,216.11274784705486,5.323244317016275
444504,1,0.17264697411128374,0.22153131769577988,0.5900189178643637,10920.107817521037,1112.3765735773595,1427.3418308488233,314.96525727146377
445524,1,0.16673406156033221,0.013420525743714126,0.5893344212051571,7962.502909886984,782.4124296879846,62.97685101990982,-719.4355786680748
4465671,1,0.13041219405175608,0.18029263139780172,0.5931278783230677,5197.306530490281,402.0174185690985,555.7822164452592,153.76479787616074
452354,1,0.07662763609450964,0.04130241493660698,0.557324992019737,15301.387183750654,653.4686408836523,352.2206129463394,-301.2480279373129
453866,1,0.08311129983497513,0.04955320985595757,0.5567807876047783,6839.978560466179,316.5184687602612,188.71689092706472,-127.80157783319649
4554914,1,0.13796481254018708,0.3055859351219057,0.560055837636559,13190.220355918786,1019.181928674982,2257.4427275996313,1238.2607989246494
4566832,1,0.18258696376921935,0.1465239414327325,0.5591043252664022,13211.898824190068,1348.7388209696244,1082.3474137046871,-266.39140726493724
457922,1,0.12825545461366442,0.09460809218564087,0.5989755424043417,16138.7951308072,1239.8125908485165,914.5521665432377,-325.2604243052788
459859,1,0.14657019847262126,0.12968957921693836,0.5817437555445547,14310.683838276938,1220.2190285935512,1079.6853249834369,-140.53370361011434
463701,1,0.21530549704220686,0.2739504926967694,0.6652909088717355,5422.65590515446,776.7455147346061,988.3157624156592,211.57024768105305
472309,1,0.1976099259036368,0.3841621438003825,0.6110900975434308,10510.147033193207,1269.1787534532525,2467.337754229305,1198.1590007760526
476720,0,0.2083323556798356,0.3026896406940871,0.639824055940035,12931.325785031264,1723.6946845458858,2504.385471133044,780.6907865871583
4785520,1,0.3625775334664544,0.3878270408735854,0.7709411704233865,14022.975612333383,3919.7855520967664,4192.755179822444,272.9696277256776
4785661,1,0.3772563502459096,0.09670859630946729,0.7713900508378757,13518.218297600966,3933.9609746241545,1008.4597477130233,-2925.501226911131
4786094,1,0.2242819660474849,0.22744407788045862,0.6847779537350431,16157.413842317983,2481.5096768883614,2516.496043608841,34.98636672047951
4787646,1,0.2113112631781912,0.17518111093231042,0.5945623743132318,11386.217328118462,1430.538456881346,1185.9439593456145,-244.59449753573153
480085,1,0.09943547888888958,0.03676407603244243,0.5769935584401656,7485.266318733322,429.4569062054588,158.78222269173503,-270.6746835137237
4805495,1,0.09179074999848029,0.10601573564056974,0.6504901768149562,19575.549792161735,1168.836134451117,1349.9728745997459,181.13674014862886
484323,1,0.0399437926978982,0.03601278639246828,0.518900000807733,4377.17699443103,90.72502122884289,81.79645920649867,-8.928562022344224
491959,1,0.05203606534675879,0.007100622612006501,0.527541830600125,18209.12454352169,499.86234097847563,68.20911261430238,-431.65322836417323
4974740,1,0.15820986625003033,0.07650982566304904,0.5454049633823413,14203.93237161691,1225.6352558224173,592.7136023316225,-632.9216534907948
501867,1,0.16355653883756685,0.08631569160898157,0.6026944443136504,5322.226649623581,524.6364551096797,276.8728097813915,-247.7636453282882
5027462,1,0.0376424280829076,0.015094243004745328,0.5317907836171883,14130.205168979424,282.8569821584132,113.4228646166072,-169.434117541806
5028743,1,0.061887769954652894,0.059193166841339497,0.5390505885651716,19575.35535633162,653.0463597969704,624.6126198910682,-28.433739905902144
506492,0,0.2168527111336694,0.3203833269928815,0.6227977553508566,3940.7081602578473,532.213844892994,786.3053286587035,254.09148376570954
506738,1,0.053413971941485006,0.03693044471501355,0.532205701532102,6062.044847563491,172.3270850093179,119.14702566601754,-53.18005934330036
514346,1,0.11099925709107407,0.17016304758535725,0.6016957852039659,9190.528634467697,613.8150518764584,940.9850355607605,327.1699836843021
5154951,0,0.29309994029669434,0.3871721386299686,0.7670264495133635,14855.131912383316,3339.6625203604085,4411.547402573365,1071.8848822129562
523470,1,0.100378234219859,0.4551408933771842,0.5670291784111186,5453.788170553805,310.41537562825687,1407.503653351848,1097.088277723591
528511,1,0.41515445318079314,0.16302586105164502,0.7654703315954777,3038.5554159250423,965.6177154101914,379.1857663945486,-586.4319490156429
532196,1,0.2440898972263536,0.16651832523338478,0.6199409980837521,3959.8937426172542,599.2164056453594,408.7859163949896,-190.43048925036976
532223,1,0.13173793131509812,0.16180323774245048,0.5629100080082682,10993.32943556843,815.2279333091836,1001.2797209636689,186.05178765448522
5374970,1,0.090873150030327,0.08294367954851008,0.5395412379592992,12845.534088919821,629.81411968035,574.8573753684144,-54.95674431193561
5424912,1,0.14933573402435113,0.09928596574325366,0.6237224698959337,9155.163845334211,852.7490652377422,566.9508040518967,-285.7982611858455
543704,1,0.15582590584850867,0.2097669646536801,0.6140964359912385,4443.107727056036,425.1704574021079,572.3484540263979,147.17799662429002
5445406,1,0.02975087363920769,0.03768756889828617,0.543596176976308,20371.687611558882,329.46032690561185,417.3510640421585,87.89073713654665
546223,1,0.056127606152842936,0.03525772855372891,0.5499141526978194,18659.593355590143,575.9351593079565,361.78570409955057,-214.14945520840593
546248,0,0.2206571576652024,0.06979048173219501,0.5802717105024487,11939.190048512362,1528.7071022926298,483.50665904211183,-1045.200443250518
557688,1,0.12493965020179176,0.09033212880989869,0.5535725020606057,3275.983233583791,226.57733540429302,163.8167948612577,-62.76054054303532
5616226,1,0.14021510150885738,0.15554207493519828,0.5779021520305802,17188.33759863066,1392.7814617531642,1545.02700608665,152.2455443334859
5625188,1,0.2741749645655319,0.250635041741515,0.6440215113629105,14058.668510619687,2482.4034181350485,2269.270957359229,-213.13246077581925
5646433,1,0.15861684284778338,0.144647741217572,0.5576031494327756,4122.20357793317,364.5893306387042,332.4806004336132,-32.108730205091035
565010,1,0.07656896295992678,0.11780564712745287,0.5398211062634949,3108.523112876328,128.48627154699656,197.6833403700318,69.19706882303524
5714904,1,0.10826554199499352,0.12260211928143265,0.5983339019465449,18826.56530937534,1219.5650234319414,1381.0604345487905,161.49541111684903
574652,1,0.14235188822753383,0.18547401150083856,0.5813342396664312,5859.55477957085,484.9017527246235,631.7912209065307,146.8894681819072
575856,1,0.06714142353022927,0.0231127184688066,0.5478606896838062,11834.729618957777,435.33042929432395,149.85785412569234,-285.4725751686316
5771775,1,0.02854975523877087,0.026323518746345188,0.5113290878397264,18417.73254002457,268.86795889798947,247.902326907917,-20.965631990072467
578705,0,0.2507290804250874,0.20277192976056432,0.6163356047901811,11113.801613376401,1717.451987887674,1388.9535799544046,-328.4984079332694
5792551,1,0.04894653049261541,0.05301996697725711,0.523457539751422,13601.576883089183,348.4918558624083,377.4941043564992,29.002248494090907
5795793,1,0.05238977607622897,0.06233206426894558,0.5368433829637984,15796.531024511285,444.2790877208129,528.5923079508524,84.31322023003946
580598,1,0.16235963108513582,0.024186684107464818,0.5776426464253612,11204.564467038666,1050.8295685010278,156.54188577695527,-894.2876827240725
582173,1,0.12064919814127793,0.032258691379853065,0.6708328560001502,8793.787655309843,711.7291273473073,190.29923628886323,-521.4298910584441
584264,0,0.21763906020347945,0.9990731739414861,0.6550492419386189,17975.193590303563,2562.6209167767306,11763.723894687346,9201.102977910616
584755,1,0.1841508004421291,0.2118195655304288,0.5940951307797648,12203.333725880286,1335.0824651621776,1535.6793836300346,200.596918467857
592832,1,0.12082469846278368,0.11664314615476643,0.6064173908981334,9284.250462879241,680.2588733905391,656.7161863549774,-23.5426870355617
5935459,1,0.16963069362013147,0.16305361726364231,0.5850630025722791,8158.0045528144165,809.6382489291152,778.2462144411479,-31.392034487967294
5944723,1,0.3775616382142063,0.30617136735299133,0.7859168971608643,14096.280697703256,4182.818567537271,3391.9210814680164,-790.8974860692542
5955261,1,0.053930130828673,0.037754338911127235,0.5219528828420362,13380.658928405139,376.6519976803109,263.6790779749991,-112.97291970531182
5957384,1,0.13022106862562308,0.027418240627908312,0.577143811531999,13696.945411855773,1029.4115177768315,216.74413362932444,-812.667384147507
5966281,1,0.2568820118512489,0.4230388775069272,0.6591561303888103,5510.910400710643,933.1368483915818,1536.7100329800974,603.5731845885156
5970651,1,0.33258644163759443,0.3266742655136732,0.7340636232346459,14906.12316226856,3639.175071407776,3574.4837873554006,-64.69128405237552
600535,1,0.059069043061612425,0.03988562785922145,0.6015257226968843,6782.261814809257,240.98426676019494,162.72159299920963,-78.26267376098531
605743,1,0.11462037885019749,0.03994520239526661,0.5918653829853224,14662.011734993031,994.6684484553874,346.6419574625914,-648.026490992796
607959,1,0.2361750726410533,0.262464822830385,0.6012259788355228,3290.5723718117824,467.24347225110074,519.2545250083347,52.01105275723393
609823,1,0.05099159469758932,0.042899633418204616,0.5346831395002772,7167.655430943046,195.42143725535337,164.40960652500777,-31.011830730345594
611369,1,0.06511571514294599,0.05533430621189476,0.5201129161414506,4785.675414171262,162.0789792888829,137.73215652771583,-24.34682276116706
612511,1,0.09753320564143912,0.301955937257261,0.6410684772697696,19227.563252337783,1202.2123067082957,3721.964652621673,2519.752345913377
613444,1,0.39429086940754543,0.12923864955848421,0.7604932806530172,4110.488504360924,1232.5528192250463,403.99987477645396,-828.5529444485924
6165845,0,0.26045744935887644,0.25289887642425046,0.7014109248818623,13322.656483942437,2433.8854768991605,2363.253206879803,-70.63227001935729
6170014,1,0.21994549461026974,0.18073384098135248,0.6037122118781391,12901.434794440824,1713.1012928958578,1407.6913791928735,-305.40991370298434
6180179,1,0.0863127322593729,0.093604331748197,0.5869549294109228,19036.21196096285,964.4065486521085,1045.8784950625027,81.47194641039414
6224688,1,0.2656156161805925,0.1578355370664771,0.752435057795645,16748.616423364194,3347.3533807773624,1989.0822919352358,-1358.2710888421266
6235141,1,0.1643150285977401,0.09465310034798655,0.5954172776896303,11845.208469332647,1158.8878988542826,667.5733407858855,-491.3145580683971
6265466,0,0.2144305914280802,0.2612654933712789,0.7175054967739241,17260.28824914155,2655.583858339598,3235.6037555891535,580.0198972495555
6286687,1,0.18615193396031365,0.18463977240245813,0.6945422365045141,15191.528545961626,1964.118506728671,1948.1634508892785,-15.955055839392571
6309480,0,0.29871738332623465,0.2975536723678558,0.7418569015622689,14583.653156783163,3231.818514361288,3219.2283444194654,-12.59016994182275
6325203,1,0.11582498348071302,0.08855026558475013,0.5702085059625412,14681.361857803851,969.6215997733146,741.2930060200235,-228.3285937532911
6325912,1,0.08998593694185292,0.12065651266513476,0.5243062615857059,7069.319613883043,333.5318439200158,447.21198131398256,113.68013739396679
6385575,1,0.12934747258825616,0.18897630729281548,0.606885345657246,17872.36949788428,1402.9646632968343,2049.727575088434,646.7629117915999
6395441,1,0.20678857289456032,0.19471146193066274,0.69541079390022,8138.813737033099,1170.3858777791247,1102.0316166192276,-68.35426115989708
650697,1,0.0638266081755411,0.019874820182925714,0.5219949072536166,8080.696424618301,269.22589136593893,83.83362883344329,-185.39226253249564
6517324,1,0.33978169162655375,0.31229086318146454,0.7751317790362062,14632.589158291485,3853.866760569149,3542.060702220717,-311.8060583484321
6524043,1,0.20599406417058394,0.20241847279962052,0.6985552539524357,14953.160450262256,2151.7334085672824,2114.38417989283,-37.349228674452206
6525612,1,0.1808598204640154,0.04381379772178233,0.6857770051621408,13362.280568868331,1657.317058417396,401.4896961196893,-1255.8273622977067
6536092,1,0.032254278680478435,0.03792155200934552,0.5263605704771424,15525.506456946376,263.58243098753667,309.89547044167017,46.3130394541335
654586,1,0.29369442565092196,0.33725369968732927,0.707413310374058,11957.445569773045,2484.318899851201,2852.7805331035333,368.4616332523324
6546878,1,0.2732538926421224,0.17311609571177403,0.6308910037406055,10667.952855674803,1839.0849049787362,1165.1259396672172,-673.958965311519
6551297,1,0.15058968082439075,0.13083921750081037,0.5417239510323846,12095.504183938796,986.727486410375,857.3140702717025,-129.41341613867257
6568455,0,0.122893604137634,0.1469287291645029,0.5628129446429003,13538.530924310084,936.4075356998259,1119.5470274136605,183.13949171383467
6569440,1,0.3280641888078438,0.3564063320866811,0.7754794632875381,14188.841679162899,3609.7412276726986,3921.594232555685,311.85300488298617
659238,1,0.22407721167030736,0.1332896779050999,0.6252509280550194,14783.575546688971,2071.2452318168384,1232.0557175512345,-839.189514265604
6604621,1,0.20881728615693143,0.28365702448282976,0.6710886726985816,13973.921949134963,1958.2343701981881,2660.06203276188,701.8276625636918
6616432,1,0.3070608016397238,0.3055580305637342,0.6239682734945935,13602.995167462981,2606.282158994309,2593.526882438365,-12.755276555943965
662625,1,0.09775664907644183,0.05544974601133045,0.5479663378583779,15733.411139303777,842.7971883259479,478.0533137464029,-364.743874579545
6626628,1,0.23479752110208127,0.17462302251041043,0.63223887264424,10477.362891647166,1555.344824254893,1156.7371451900094,-398.60767906488354
666437,1,0.19492104111447342,0.22567189477744357,0.619092601848405,12574.73611877655,1517.4459006705772,1756.8390239896278,239.39312331905057
6719608,1,0.17434652686527602,0.20588019272257546,0.5763899767071877,10480.761535412435,1053.2283969616685,1243.7234583681548,190.49506140648623
6724764,1,0.2368830468815055,0.21634800738787208,0.6769087893706783,14975.105788196515,2401.2315048414243,2193.0723122169684,-208.15919262445595
676629,1,0.02924876156281529,0.04224286413179626,0.5071823742833036,9307.744263731978,138.0753258509296,199.41689556147136,61.34156971054176
6784929,0,0.11984571203866626,0.22811209370415034,0.5519803506849732,5737.024901381321,379.518414487376,722.3682738024336,342.8498593150576
679848,0,0.3297818043013361,0.44201122239720975,0.7582579771225065,2780.740197166874,695.3510144928431,931.9888117001133,236.63779720727018
681304,0,0.31263203933757333,0.1982390343053162,0.713181855173968,11158.17356575433,2487.865407297842,1577.5479597975184,-910.3174475003236
6814917,1,0.24276605262744544,0.15508446206007162,0.6292974859374193,3947.55586408015,603.0762673326396,385.2588015837959,-217.81746574884374
6817788,1,0.03138984817487889,0.023264387370477556,0.5265746677276214,18983.447889355382,313.77928710804247,232.55553335093376,-81.22375375710871
683634,1,0.20465402921865655,0.08732090964761562,0.6947901036615203,4753.35199169033,675.8866973761077,288.38445770616744,-387.50223966994025
6854821,1,0.11496080980601857,0.16889997743465143,0.5512940375560115,14145.273082167416,896.4879284717668,1317.116599516087,420.6286710443202
6896294,1,0.1113972416519739,0.10795364731639853,0.5794788519797514,17004.961514233946,1097.7101543874012,1063.7769221664305,-33.933232220970694
6906125,1,0.18648537032771978,0.06967024385102549,0.7014172815128317,17371.025371829608,2272.200671005924,848.8857573612871,-1423.3149136446368
6917274,1,0.10146230679236325,0.05565995749241377,0.5549961475142997,9985.969129011897,562.3217988432705,308.47719128567905,-253.84460755759142
6936852,1,0.08557731528175232,0.07700294087485128,0.5474740461955854,8175.3489744775925,383.0262102428772,344.6490991654149,-38.3771110774623
703302,1,0.07502522400881324,0.06449606400823162,0.54684183670086,15064.64324460065,618.0560833930665,531.317103571907,-86.73897982115955
7045185,1,0.0467776295269372,0.05608738458356943,0.551457412196611,17064.457400968884,440.1925337394218,527.8003220843276,87.60778834490583
7047207,1,0.08045132553118328,0.07614624459788652,0.5426858578142334,15192.88967978136,663.3184733098067,627.8232258008925,-35.49524750891419
705357,1,0.15784065505165176,0.23667175366609308,0.627976967471292,6053.750622353013,600.0495530107132,899.7351154626664,299.68556245195316
7062792,0,0.17059634750039085,0.14020745720531413,0.5838793348486702,11012.856155197653,1096.9650727850126,901.5590647266149,-195.40600805839767
7073913,1,0.10464571779282647,0.05466635335597741,0.6402257405646858,17438.92038626124,1168.3532943049247,610.3414012366933,-558.0118930682314
7078422,1,0.1727848498252711,0.1175043090823001,0.6643216314441197,14776.694699432184,1696.1386649616957,1153.4784567955176,-542.6602081661781
7084601,1,0.07882278403147644,0.10184876631255045,0.5510877040428325,15017.16313419846,652.319542979767,842.8773673805434,190.55782440077644
7084910,1,0.13188109114607574,0.18481759740722525,0.6845741656538603,19807.795186286938,1788.2950491819383,2506.109037867755,717.8139886858166
716222,1,0.08169232052442642,0.03814948360022423,0.5489704352469019,4622.13552706357,207.28738092119838,96.80110062024968,-110.48628030094869
722360,0,0.37857979673210124,0.8232555743133675,0.7265063250765044,9544.244898807812,2625.0550045460063,5708.416518858717,3083.3615143127104
7224632,0,0.3155746139178434,0.3181830230592936,0.6446398783264882,3346.4663954427097,680.7782872342386,686.4053187805242,5.627031546285593
723772,1,0.12085997156265224,0.10497329517228593,0.6438344970723388,16612.50971440451,1292.6828241723128,1122.7635908853472,-169.91923328696566
7275087,1,0.20101907048672135,0.10853324378349367,0.6538277114099582,16174.37126684378,2125.827357133667,1147.7664195479858,-978.0609375856814
7276650,1,0.08204644997313648,0.1474827139308935,0.5252918886453324,14680.946665448275,632.7243525576375,1137.3545682466604,504.63021568902286
7285400,1,0.3703173900445637,0.36565494708888013,0.7547278587427091,12833.315961839868,3586.7687306864555,3541.6098884294315,-45.158842257023935
7285932,0,0.29161432279455823,0.3694176037815281,0.6563775610661807,11778.5696855311,2254.5253988590657,2856.0372567771965,601.5118579181308
7342260,1,0.09412696709811422,0.041931697886854774,0.6347214665459515,16454.164108587145,983.044270734267,437.9267349267285,-545.1175358075385
7369442,1,0.24804297537312575,0.281720413284472,0.699231418472137,13395.290053037665,2323.271625692781,2638.7082382707576,315.4366125779766
737446,1,0.24009767299160192,0.16730632552114327,0.7609539000621764,17527.846392877094,3202.3946883054514,2231.512207065632,-970.8824812398193
737995,1,0.20865188136391877,0.21334395375623758,0.7078382072965382,17876.42467894616,2640.2008674200874,2699.572551582338,59.3716841622504
7383024,1,0.041530705078990385,0.028767951078445084,0.549960621338924,7371.674367085713,168.37090293285115,116.62903120458262,-51.741871728268535
7387916,1,0.14815039475920508,0.11262527986142504,0.5638951011064586,7245.666819664776,605.3122938402392,460.1639206437703,-145.14837319646892
739799,0,0.33580353419290765,0.5914106448950489,0.7536116865333741,13409.860761172757,3393.5726859481197,5976.694127173333,2583.1214412252134
7454744,1,0.14866213265475958,0.16898288544946027,0.5894035750717929,15270.167851175254,1338.002532387518,1520.8952315153597,182.89269912784175
755082,1,0.08481868307482568,0.06866550407769453,0.5590845954173407,14855.856531177658,704.4768852997922,570.3137408714578,-134.16314442833448
756171,1,0.2610505815984703,0.16980095323049138,0.6968294404643186,6358.578104896662,1156.6745135922617,752.3616066386572,-404.3129069536045
761753,0,0.2201300450880651,0.17721635408552092,0.7045686026408677,11082.13237782326,1718.8023632005122,1383.7270059074126,-335.0753572930996
761890,1,0.1465217200659492,0.05389928862165543,0.6810422446909242,4646.398929082805,463.6524454568589,170.55858316819777,-293.09386228866117
7628661,1,0.1056313343794121,0.06700074042366097,0.6098236531616017,20401.171933216086,1314.1718106994551,833.5640639026901,-480.607746796765
763360,1,0.058104048904332795,0.061776249480869835,0.5350432344631488,17225.638917018867,535.5137333149883,569.3584287760676,33.84469546107937
7645389,1,0.06074604476100848,0.0370938415138956,0.534317763957371,17873.249556576666,580.124407805063,354.24599125960117,-225.87841654546185
7645829,1,0.263291449269841,0.23262733074360442,0.6803428863840485,14543.852672324832,2605.2179979292478,2301.802472295093,-303.4155256341546
765045,1,0.12966866625933424,0.05792811667280259,0.6466129724511916,3931.139149220886,329.60809844387194,147.2489610155357,-182.35913742833623
7669334,0,0.10575022827448649,0.08397596910621505,0.551038039968522,17274.389731832805,1006.6201225498203,799.3543058226425,-207.26581672717782
7669488,1,0.13867978182649296,0.15298936829517376,0.5663716910507307,7066.20189901248,555.0098998185834,612.2782488729854,57.26834905440194
7688772,1,0.13129213353969327,0.13299744137008854,0.5555420922908236,13494.708652726948,984.2811967580006,997.0656826741716,12.78448591617098
7701412,1,0.1654116276289222,0.12651679274437014,0.6923504597331777,16895.908293799428,1934.967004018137,1479.9795088392757,-454.9874951788613
7706588,0,0.15008582776455784,0.17878712026395271,0.5811338777448525,13347.56831148652,1164.174361990254,1386.8023701203404,222.6280081300863
774295,1,0.10159033969563436,0.06347770572435872,0.5709341939175324,6556.732281250332,380.29964323976367,237.62642110438497,-142.6732221353787
7814566,1,0.0338471892370804,0.022671492468546262,0.5195904526021431,16439.36607255905,289.11381092833284,193.65394098466646,-95.45986994366638
7916345,1,0.1653853712994153,0.19799213786783373,0.5848352417960585,12340.098247526668,1193.5737120042018,1428.8942793781027,235.32056737390099
7945703,1,0.21441579057329288,0.1132197221656064,0.6892163636812497,15337.186118586786,2266.5120565099346,1196.8048838051166,-1069.707172704818
801657,1,0.29702512377892126,0.28827270287695245,0.7236716608966631,9220.751800123393,1981.9882865344578,1923.5851606108972,-58.40312592356054
804090,1,0.08501082280905287,0.07454189449722763,0.5600803569668975,13830.760046031604,658.5224841413818,577.4266371609779,-81.09584698040396
8095707,1,0.10429704093523105,0.10605470818157002,0.5536220817242459,13308.882138523662,768.4700922869084,781.4207445670876,12.950652280179156
812097,1,0.16176234882442733,0.16546804454751893,0.683430058543299,18659.895855770883,2062.9121600140206,2110.1699108072835,47.25775079326286
8145762,1,0.06366569804671929,0.06526848146436329,0.5273385925316512,17706.21147596978,594.457359169499,609.4228182315222,14.965459062023228
815397,1,0.29549416512340715,0.18233476237935808,0.6975361745239972,11754.571892881499,2422.827315849013,1495.0063150555047,-927.8210007935081
826432,1,0.09272878015269125,0.10470811518313924,0.559987263348052,11729.418426737317,609.0727579837588,687.7569228546009,78.6841648708421
8385315,1,0.0651896693125275,0.06112773272077141,0.5403270136347231,18452.19449274456,649.955289053696,609.4568910796897,-40.49839797400625
8386404,1,0.05513785336012023,0.06820515237504755,0.5398220196252085,17609.291711625327,524.1340058464449,648.350226843559,124.21622099711408
842421,1,0.07074759667643732,0.041220964907606426,0.5203239335545203,11641.313772616579,428.53617526247035,249.6858617392078,-178.85031352326254
846195,1,0.082563742057214,0.03145544861222257,0.5510772190319545,13387.381523699523,609.1124366812436,232.06197386033372,-377.05046282090984
853071,1,0.15183048570291036,0.09755550278611971,0.680193037042365,4766.918053966523,492.29888190121744,316.3163492665903,-175.98253263462715
856269,1,0.14936506514882386,0.1681809199245377,0.6567747620025047,14412.731026887548,1413.8774572683078,1591.9867954867802,178.10933821847243
8598868,0,0.25186578456154035,0.278830357279098,0.6258338932806639,15091.292922200679,2378.782319395015,2633.453071685685,254.67075229066995
8600936,1,0.2033204055907147,0.3129095017187432,0.634487060328868,5489.942751999495,708.2254885696243,1089.9569282727969,381.73143970317255
862943,1,0.2211913188028865,0.11270427377834043,0.6110827010559103,12464.0932585835,1684.7239794220256,858.4224446300345,-826.3015347919911
8629683,1,0.15817158237564494,0.08175834014930435,0.5994356476694456,17281.458526782142,1638.5187637897427,846.9446433986416,-791.5741203911011
8638933,1,0.13153344986713117,0.11990554490689283,0.5554520910518045,13448.08066546569,982.523897834918,895.666185848134,-86.85771198678401
8640288,1,0.1953360218457028,0.1349891345597621,0.574819756664512,5034.38297951384,565.2756469708322,390.6400348041126,-174.63561216671962
8667671,1,0.13128263175163227,0.14824748804746735,0.5702411801215316,12729.217510285416,952.9443918596352,1076.087601666744,123.14320980710875
8669626,1,0.09508843863494205,0.1329525379578429,0.5481613315023421,12782.50202024585,666.2726444104704,931.5815920202107,265.30894760974024
8755002,1,0.1447194723066395,0.14683916106022407,0.6803725658773152,16526.20126470691,1627.2219779288357,1651.0557030746338,23.8337251457981
877531,1,0.08092968317779713,0.052009615447328614,0.5631686101733719,18353.398091012466,836.4938745535937,537.5743859518042,-298.91948860178957
8785306,1,0.06033795401379009,0.06675855683588454,0.5331681515130338,7623.091623597836,245.2369569885941,271.332788772399,26.095831783804897
8855437,1,0.18152044869304174,0.1731690381248556,0.6796721869369924,16537.3539497863,2040.286126715335,1946.4164429223642,-93.86968379297082
890563,1,0.02493795021715279,0.01717416293402767,0.5325416467429148,7978.539708078867,105.958973256195,72.97138117520625,-32.98759208098875
8985977,1,0.20750657157352112,0.1748983049404083,0.598681081284834,13864.149045521166,1722.346821794971,1451.6915650775425,-270.65525671742853
8989803,0,0.26294796764620865,0.34762976095896303,0.5909800232367468,3980.0662536943755,618.4903398229366,817.6737432607242,199.18340343778766
9000935,1,0.0904305591360368,0.17868701112072763,0.5483785736895128,8347.749568559144,413.96641235609445,817.9803557003969,404.01394334430245
9024595,1,0.10592966179628828,0.11769625890272319,0.5244952974088506,11409.00497491594,633.8798608278014,704.2908185309168,70.4109577031154
9057708,1,0.076967727645634,0.0853761976847489,0.522133093555282,11716.01604617013,470.83619677021665,522.2734962069469,51.43729943673026
9058182,1,0.11733106382877652,0.08709901717106192,0.5682839562660652,14687.674862596463,979.3354012013691,726.9954617469895,-252.33993945437965
9066179,1,0.17865107439013167,0.17371143238834816,0.5674948065698993,3907.777339679871,396.18436628767665,385.2300020732698,-10.954364214406837
9134616,1,0.05135961206547845,0.04720244661394059,0.5665904228004661,21231.28077586262,617.8273898122756,567.8190159821357,-50.00837383013982
9189597,1,0.08985914356189835,0.09232759923055502,0.5757531058898144,15967.054970286834,826.0824294810355,848.7751436000556,22.692714119020025
9198411,0,0.19296749687824116,0.19700645114665088,0.6410499712299411,15642.711350415266,1935.0316811071675,1975.533343793124,40.50166268595649
9225681,1,0.158860378092985,0.15555854235175676,0.5691027933719989,3889.944603665732,351.6816641078112,344.37213166161416,-7.309532446197011
9295226,1,0.22405391553089604,0.3144795084552067,0.6405995068174343,5265.91447363561,755.8105316412449,1060.847001546961,305.0364699057162
9504953,1,0.1274525625412468,0.12866201084176565,0.5461727541090735,11386.781729787437,792.6465964004485,800.168336723389,7.521740322940445
9594668,1,0.19905656839208322,0.2180203245709347,0.6857923290228197,12876.608578377849,1757.80473532323,1925.2675861096504,167.4628507864204
9614632,1,0.13456334814941137,0.1350029408072801,0.5611810712502138,8451.53018741327,638.2122638538087,640.2971809520395,2.0849170982307896
961751,1,0.0677124785210535,0.07677154699474233,0.5273578609001196,8222.684761664219,293.6214477251267,332.90426321767325,39.28281549254655
965848,1,0.17731725322822292,0.34213461260443206,0.6373079961425121,16911.289889878168,1911.0722083309786,3687.424307294345,1776.3520989633664
9665318,1,0.13333399619443556,0.12453911046689026,0.5942080526259093,16311.266964048235,1292.3112484486232,1207.0686990694473,-85.2425493791759
967216,1,0.06836305796268005,0.04846716090244544,0.5284461992314126,3201.735075839775,115.666515767878,82.0037575529076,-33.662758214970395
968864,1,0.05109400697215133,0.06687574584415358,0.5139474207208754,14104.655289737046,370.38307287706357,484.7857060849378,114.4026332078742
969880,1,0.25006454159942837,0.007298929773174797,0.6916511162083303,11399.661382800256,1971.6560139066019,57.549057896479205,-1914.1069560101228
9776284,1,0.04726460729987338,0.05944909675489745,0.515232016550842,18914.709521982353,460.6155255821603,579.3590280652801,118.74350248311981
9778328,1,0.1307422502137253,0.12077983674607566,0.5558838854247495,13457.635687326263,978.0674527531379,903.5398050520374,-74.52764770110048
9787166,1,0.1687338077134075,0.16431469724527528,0.6234965249231971,7784.536268478918,818.9716924323538,797.5229594950943,-21.448732937259592
9795011,1,0.09367991552662629,0.14709639327101276,0.5447801560665683,16044.289414858273,818.81965248584,1285.7122782722556,466.8926257864156
9804752,1,0.20416569826746842,0.20062098536147846,0.6934455418703087,15871.674750339726,2247.07668659537,2208.063072656711,-39.01361393865909
9827598,1,0.07194961797351418,0.07566531824862353,0.5436259114666839,15625.915212963415,611.1869950084697,642.7505772686593,31.563582260189605
9837186,1,0.12401970719130603,0.029003277601886493,0.5441480533779482,12774.336571652724,862.0771542099512,201.6055640191697,-660.4715901907815
9855091,1,0.18620524226969454,0.2050908147246854,0.6084954153018924,16333.409314644701,1850.657534094596,2038.3575500742563,187.7000159796603
9855291,1,0.1215975756399239,0.10640280984699028,0.562592181455268,14475.19334441502,990.2457379426381,866.5051782620312,-123.7405596806069
999170,1,0.1458811898329316,0.051888242258500056,0.6663449406418562,13383.3869757173,1300.9614777977345,462.7368641992418,-838.2246135984926
1001868,0,0.1843637896797956,0.11896767573990037,0.5851141981955708,7115.100094853901,767.5333896049891,495.27981374576717,-272.25357585922194
10067669,1,0.25686433628513766,0.22915013185627497,0.718361407073984,12769.584297045874,2356.2619044405988,2102.0346144554364,-254.22728998516232
10068533,0,0.4484633758013308,0.3770594827552207,0.7583015511497578,10695.281782790516,3637.149540132339,3058.0462046765406,-579.1033354557985
10071056,1,0.175531736547261,0.06743839763665001,0.5976442134448436,13979.368848737466,1466.5130509394914,563.4268321726884,-903.0862187668031
10079340,0,0.1998587272538985,0.04329770720006414,0.597544128249042,7734.522923554416,923.690828654891,200.10982553529675,-723.5810031195942
10084658,1,0.12593068818998496,0.11407848463414041,0.613542366803478,19508.439731545943,1507.2964292984377,1365.434391094604,-141.86203820383366
10092096,1,0.2596383341653358,0.16998065432022622,0.610534931244767,11985.927807524367,1899.9885703361713,1243.889125328597,-656.0994450075743
10096453,1,0.2500875663871023,0.24653241332498246,0.7326699993976148,5540.73529585355,1015.2381098903232,1000.8058575104885,-14.432252379834722
10103468,0,0.32761160152553886,0.382532621904101,0.7330952854380102,15525.5672420214,3728.7835660889896,4353.879250328538,625.0956842395481
10103544,0,0.07983768964543499,0.07748708347184603,0.5682747985824305,18689.894199553855,847.9557713381134,822.9899928957543,-24.965778442359124
1010884,1,0.2878303793706706,0.35569137599525635,0.7159182006266217,13839.911523122377,2851.8937890091624,3524.277139275311,672.3833502661487
10116195,1,0.18707236515565795,0.2187086182446294,0.5954888409098229,13614.46061977338,1516.644186039764,1773.1274954561356,256.48330941637164
10118292,1,0.07036203023234065,0.06977483429785843,0.5237801112745739,14449.612024508726,532.5293542166994,528.0852091180441,-4.444145098655326
10137743,1,0.1611241260920483,0.1460748603082647,0.5814727913900927,15007.895215743272,1406.0791275851836,1274.7489598611314,-131.33016772405222
10142783,1,0.10259663558120788,0.13431026887648934,0.5487158286943176,15002.63577411344,844.594353301173,1105.6668090607739,261.07245575960087
10143377,1,0.05908678395128603,0.07346053838325989,0.5315946051965076,15845.383623563506,497.7069156735059,618.7816553459871,121.07473967248126
10152099,1,0.2922325481438248,0.2583453484002545,0.672774896119136,13332.88884232806,2621.335573014959,2317.3662762275053,-303.9692967874539
10172060,1,0.07107020524364804,0.05758940770606544,0.5264483198491361,7496.82808034512,280.49224935565417,227.28768618517336,-53.20456317048081
10176005,1,0.06754150246774508,0.1278315844836366,0.5480236028377533,11991.546370897688,443.85914480049297,840.064489156058,396.20534435556505
10183621,1,0.055609765211797293,0.06156036457270953,0.5537522854753312,7103.049432261279,218.73154984603872,242.13721997911557,23.405670133076853
1023172,0,0.14790784028304704,0.14188506707392018,0.6177627553573402,4670.253794610878,426.73021933656605,409.3538630350558,-17.37635630151027
1026657,1,0.12158111865292363,0.13644501623706592,0.5717105466916693,4253.538803334969,295.6601126193204,331.80603463731853,36.145922017998146
1037538,1,0.05497288712138575,0.015504350302770633,0.5346467492124513,13368.475492731619,392.91387111335143,110.81597884985723,-282.0978922634942
1044595,1,0.05702672683099852,0.09301846677611757,0.5343081007283075,11802.626999799899,359.6241810942191,586.5967029834417,226.97252188922255
1046366,1,0.12277787313870638,0.031496984705825,0.5907305907997142,18069.541016379142,1310.5593353816878,336.2060792172159,-974.3532561644719
10524914,1,0.2405767859477042,0.29070321908717006,0.6430345351018864,11116.943450061304,1719.7820548206842,2078.1148002093496,358.33274538866544
10558838,1,0.10147513375465156,0.10884029959306572,0.5464089498013527,13838.83657606482,767.3208820437676,823.0137925965613,55.692910552793705
10564898,1,0.20409110872763164,0.2222305375731729,0.6017595879344766,14624.11555048354,1796.0429316874124,1955.6735651137783,159.63063342636588
10577561,1,0.10447351323943847,0.1379982678481956,0.540317469657617,14708.703725264237,830.289620907209,1096.7232358208544,266.43361491364533
1058174,1,0.1791880882100022,0.21968743091014245,0.6334462325804823,11269.499575626494,1279.1560374585076,1568.2655382377777,289.1095007792701
10595354,1,0.08472979147743175,0.14433070876493467,0.5401620226665865,14008.96926628341,641.1599213487762,1092.1668077583658,451.0068864095897
1060019,0,0.2084537301740719,0.2335392053997094,0.654418815129346,11706.075836328037,1596.8965459352135,1789.0682509342662,192.17170499905274
1062458,1,0.1143319544374019,0.10143280230485444,0.54484994650156,11202.086588026445,697.8200851089282,619.0906740421769,-78.72941106675125
10628757,1,0.05487692868495422,0.006306743283273856,0.5542404969721026,19698.108564999988,599.1182916388207,68.85380345120515,-530.2644881876155
10636780,1,0.16671066356917394,0.18900491417939994,0.5706167876438876,13403.889422505472,1275.0838969864665,1445.6011232986543,170.51722631218786
10636991,1,0.21987284284899108,0.20818119104813154,0.6301877137356658,11568.400161406991,1602.930993689455,1517.6957695654182,-85.23522412403668
1065016,1,0.3153239677003771,0.21776628443225984,0.7237283323315824,12916.250279202592,2947.603129982277,2035.6479283143703,-911.9552016679067
1065673,1,0.35722970833399625,0.457243652794992,0.7570491218579909,14186.939955634507,3836.722241235512,4910.893051207528,1074.1708099720158
10706304,1,0.14915261515135567,0.1940746787041836,0.567541275481448,3601.3091304458458,304.85177383956034,396.66760116995084,91.8158273303905
1073877,1,0.23835201688107763,0.48208973528095095,0.5924491658942234,9404.057240066999,1327.9605925171888,2685.92722179298,1357.9666292757913
10767236,1,0.12932698596246248,0.1743732200133499,0.6619313850197323,18540.380856567324,1587.1602594524156,2139.988364054749,552.8281046023335
10767240,1,0.13142999130582525,0.12367051474206374,0.5591738221822541,12041.671946356979,884.9690905115777,832.7215262436985,-52.247564267879284
10784710,1,0.2997221233105901,0.36189876391786957,0.6894407931863953,11925.19298015772,2464.229729333714,2975.4283174198617,511.19858808614754
10785859,1,0.21670710301722837,0.1955171886012761,0.606280200070776,15630.638584540267,2053.634979422299,1852.827766139101,-200.80721328319783
10825221,1,0.054398208729032616,0.011348910369135318,0.5464015173753359,9304.121345428683,276.54885310336095,57.69543188803869,-218.85342121532227
1086887,1,0.07169698098514539,0.07739091011850678,0.5252287533906496,14954.940718433967,563.1629275683418,607.8874021006077,44.724474532265845
1098351,0,0.09664881453857727,0.05303870571256868,0.5491777235027093,14629.513392057925,776.496182239704,426.1237211585878,-350.3724610811162
1102190,1,0.057761900980467414,0.05458193928501377,0.522643083678778,12317.448854353132,371.84971497239013,351.3782999045686,-20.47141506782151
1115231,0,0.19434411959020062,0.09708849769390654,0.583331610496242,11121.02176224482,1260.7576333639743,629.8367289812523,-630.9209043827219
1116606,1,0.10471942832111163,0.23626002061736667,0.5692446590825616,14727.47068832736,877.9188910500286,1980.6939230400649,1102.7750319900363
11254991,1,0.09902872348250365,0.11103505801355691,0.5218760705220321,5721.380661377099,295.6850781523456,331.5342120126333,35.84913386028768
1128349,1,0.05075790869050149,0.06992329755842358,0.5189978166286702,7617.532896371875,200.67052614467497,276.4405640976556,75.77003795298066
11295455,0,0.30217952172229945,0.37748438123372563,0.7543211349327476,16186.831740140438,3689.632898003014,4609.110450450107,919.4775524470933
11356495,1,0.34041688602887504,0.3605318885405671,0.7707186960234715,12392.545672256401,3251.378405849204,3443.5001468211562,192.12174097195248
11375582,1,0.1454188711166925,0.156190959583782,0.5903632833425175,13343.789278581511,1145.563805336624,1230.4229062292409,84.85910089261688
11428465,1,0.14320299495605515,0.11990175958890646,0.5844245227259999,15171.626736206152,1269.7338015746566,1063.1294203381137,-206.60438123654285
1145816,1,0.14866320217094048,0.13798692956857658,0.5776816183000976,10586.129056857255,909.1367550587393,843.84694770833,-65.2898073504092
11514594,0,0.08948933557423913,0.07941987188561042,0.5523412814682711,14045.957240136662,694.2727645782546,616.1522338126083,-78.12053076564632
1152393,0,0.3231575938106296,0.4236866560692822,0.7518735261339524,14430.378130360437,3506.2014944937696,4596.923653224458,1090.722158730688
1159837,1,0.21898666073047743,0.1903601855257818,0.729155017024353,17248.99091179487,2754.236458861389,2394.1958909360974,-360.0405679252917
11624789,1,0.2061025561635194,0.2715508929063694,0.5669310354648737,5573.270168454566,651.2139670605899,858.0084474454611,206.79448038487124
11628592,1,0.1874550861163445,0.18914407242157313,0.5688785763113916,7897.894924908861,842.2250583594976,849.8135779294958,7.588519569998198
1164308,1,0.11863858815730377,0.07446731753141116,0.560934962669923,12398.960658248421,825.1326303706128,517.9209778682296,-307.21165250238323
1165397,1,0.16519286554215737,0.17024759259908018,0.6028520854751294,16840.847112133342,1677.1271425416955,1728.4454601789769,51.318317637281325
117056,1,0.05728031361885694,0.09837780330712911,0.574631386015506,7286.6444857966635,239.8403842137587,411.92110609394183,172.08072188018312
1172153,1,0.07143896570657686,0.024132060092626348,0.5195325601256071,1331.478316464365,49.417642954070566,16.693264209643992,-32.72437874442657
1180124,1,0.14734669694363622,0.17323700341307524,0.5993754868389634,12869.70842856975,1136.6011466013417,1336.3134756146014,199.7123290132597
11936010,1,0.06127263318072545,0.06592319519196707,0.5195633642367145,15028.655433303433,478.4374776266951,514.7506413133651,36.31316368667001
1195266,1,0.16933125390430123,0.1818618281300717,0.593740446173548,13837.672980932257,1391.223233402849,1494.1742574389853,102.95102403613623
12064830,1,0.16562886977439553,0.15678309797464685,0.5814414333064463,13633.201616135588,1312.9248605867506,1242.8052387914286,-70.11962179532202
1208027,0,0.08963306629624271,0.09368325752088659,0.5602311578129091,15628.544290166708,784.7910478293746,820.2528918389536,35.461844009578954
1214120,0,0.33507868935725277,0.3098393718185196,0.769667925854211,12028.901435497495,3102.2454985836052,2868.573344224731,-233.6721543588742
1223294,0,0.07679272030513626,0.06319844250503195,0.5273276490552087,3980.2975467947726,161.18184929402358,132.64853484792823,-28.533314446095346
12266070,1,0.12745972805551659,0.11435401231698614,0.5467605274591427,12386.420149905234,863.2089779048983,774.4517550553288,-88.75722284956953
12297387,1,0.1313114770409872,0.12528877169921857,0.5951925103362158,16227.700082397007,1268.2857607987596,1210.11482556461,-58.17093523414951
12357420,1,0.1520681177003623,0.17936635872182574,0.5523021584507303,10394.90405148127,873.0425200003111,1029.7652143649138,156.72269436460272
1236035,1,0.1347644409399053,0.16068005722718146,0.5543382006427803,14076.602696833002,1051.5936982366381,1253.8183992300626,202.22470099342445
1238085,0,0.15243071196019367,0.1591043426003341,0.5933695105150966,8642.30213700909,781.6766702726121,815.8995726676134,34.222902395001256
12385210,1,0.12275963292000955,0.09885543808709653,0.5419231908816169,12376.958126355206,823.393130181058,663.0590745981832,-160.33405558287484
12387328,1,0.10194870618059129,0.056691186490010585,0.5366473102267321,15050.670158454428,823.4296739447108,457.8891381349893,-365.54053580972146
12397920,1,0.30670225628769915,0.3714452138568895,0.6514903739608392,4734.2707965429545,945.971538047712,1145.6603042497918,199.68876620207982
12406035,1,0.21081654597198213,0.19300999691694515,0.6698544235963061,8729.254553505987,1232.7138668230361,1128.5931023014225,-104.12076452161364
12406173,0,0.12642050531230942,0.11109796088131725,0.577082200069668,8214.321747788932,599.2760348284874,526.6419819317362,-72.6340528967512
12425329,0,0.2271133834931007,0.21226384819500124,0.6931105605526438,14138.270141810375,2225.5713343413936,2080.055030636884,-145.51630370450948
12429480,1,0.1352097995493839,0.12766095693794424,0.648231051216486,16266.551478213583,1425.717536134834,1346.1188877785771,-79.59864835625694
12445584,1,0.04906516059403071,0.05755780525139582,0.5431242255902691,13655.735741241258,363.9045646130077,426.89247943963176,62.987914826624035
12455372,1,0.1418909267819131,0.14037410435032932,0.577391580613801,15341.99342060435,1256.917764572162,1243.4812390437219,-13.436525528440143
1246493,0,0.06573883036283691,0.08746851991989923,0.5419362367438814,14378.639249935295,512.2570589062486,681.5814414973205,169.32438259107187
12485270,1,0.13535931992761763,0.09711658807214249,0.6110672335599894,17743.749031785246,1467.6501613071214,1052.9986130685033,-414.65154823861803
12485658,1,0.09009122919783044,0.04865988133652446,0.5549995280699697,16172.588514643912,808.6389625142083,436.76034071670995,-371.87862179749834
12487580,1,0.11777219375824982,0.11564526035730481,0.5593652671938304,12542.142211215923,826.2471637484912,811.3253674064777,-14.921796342013522
12488914,1,0.16413364382240914,0.1657947807508035,0.6794796713990601,11126.474434131858,1240.8853393320205,1253.4438886523408,12.558549320320253
12495146,1,0.29314565691232336,0.2650871550553779,0.704134232966231,11945.393036053072,2465.6950713543547,2229.6905183039594,-236.00455305039532
12526275,1,0.08820092392547203,0.050033977753688674,0.5264895683412365,7017.6053358489735,325.8756011818666,184.8603376737947,-141.0152635080719
1260523,1,0.26042422014756356,0.17421703470067282,0.6050915974851573,1667.1999857616202,262.7182196817776,175.75166076667023,-86.96655891510738
12626683,1,0.3695771786819631,0.3885009965676339,0.7208568822741043,5510.102599539814,1467.9588466162472,1543.1241638474028,75.16531723115554
12667269,1,0.11757512057325278,0.13347579011885455,0.5552125568616653,11103.334901716928,724.8166344769392,822.8396663035794,98.02303182664025
1268478,1,0.06421380299081554,0.056087572927284064,0.5363527574110024,12591.327759831182,433.66107096013354,378.7814427792028,-54.87962818093075
12706020,0,0.25774089791232135,0.2678720652401561,0.752481787294877,13883.436597987817,2692.6277136343424,2798.468354911516,105.84064127717375
1272574,1,0.1043893052736953,0.06539978617249233,0.5800413567317744,16443.242688383114,995.6402235740366,623.7675167561677,-371.8727068178689
1276001,1,0.17585647467118257,0.164086151296291,0.5686875102530413,8282.013969989071,828.2625244124929,772.8257384205774,-55.436785991915485
1276081,1,0.12902326981922788,0.0647621300958101,0.5576955641547452,11188.848873820069,805.1015116617319,404.1138386247921,-400.98767303693984
1283577,1,0.08317494271372472,0.1178933442251192,0.562229952645545,10094.49399605798,472.0533057350822,669.0950549515477,197.04174921646552
1285798,1,0.10544624263417983,0.13774867667570412,0.5475510107908979,8401.538062501004,485.0812560201749,633.6811955337364,148.59993951356148
1286091,0,0.31074241735628094,0.5318553225848,0.7723000905809975,17056.113123585772,4093.2351365752197,7005.831107642466,2912.5959710672464
1290835,1,0.19126076062905117,0.07958958925296411,0.6272569548884227,16102.465782891224,1931.807060150791,803.8853862532625,-1127.9216738975283
1294502,0,0.35952574115875907,0.30974405576697384,0.7464871690344232,12466.239902793484,3345.706328351567,2882.443532996518,-463.2627953550491
1295236,1,0.2466423381081053,0.24074092918811424,0.6005775308237151,11590.858305555968,1716.9288789330221,1675.8479376848713,-41.08094124815079
1296177,1,0.11164466518340768,0.1481316397569295,0.582683708603197,16740.375476644433,1089.0204773480925,1444.9269812707696,355.9065039226771
1298750,1,0.11190136433833661,0.14901528489436744,0.5600822091200582,13417.54075286437,840.9304572870141,1119.8388188556182,278.90836156860416
12998053,1,0.21775654181335022,0.1641949669150308,0.6381790943652508,13748.55511323685,1910.604706339387,1440.653281562468,-469.9514247769189
1300495,1,0.1995098875735553,0.6731775112961705,0.5816280678143545,12552.190248232695,1456.563065372266,4914.6712041112405,3458.1081387389745
13006710,1,0.2070669994589254,0.20435709613948247,0.7327469559861495,15858.455364021083,2406.1671726386617,2374.677459525001,-31.489713113660855
1303630,0,0.1506723093646552,0.07649243664983912,0.6837449817444544,15419.332488768025,1588.521766148381,806.4514380669568,-782.0703280814241
13046121,0,0.18860788223754543,0.21902634524145942,0.5877854096292271,11959.49775714003,1325.8414182644758,1539.6716020939107,213.83018382943487
13047678,0,0.2451290201598539,0.18787519897052235,0.6909557413091767,14424.839052114701,2443.1826476305378,1872.5380852319417,-570.644562398596
1311574,1,0.0627260646384419,0.04812242793088302,0.5403106391349699,15534.882741269703,526.5014116872089,403.92341501842446,-122.57799666878446
1312937,1,0.35922159793208397,0.5680294894109686,0.7461641419572147,12607.363917127472,3379.256081605,5343.545927285561,1964.2898456805615
1313357,1,0.041806418190067446,0.028313953568065073,0.5015638507491044,12238.70184809434,256.6282978510841,173.80493293093204,-82.82336492015204
1326700,0,0.13982522804620856,0.21259406849927787,0.5591505586269399,11923.65688184334,932.2314914054022,1417.3900397682776,485.1585483628754
1334119,1,0.05348884750837351,0.02984558193137091,0.5474346884778063,16953.892214038562,496.4379476601092,277.0012840230282,-219.43666363708104
1345716,1,0.08084080814221069,0.035340802486651744,0.5443519145282216,17088.210666273873,751.9812128641399,328.74015151795646,-423.24106134618347
1349238,1,0.23164128149576482,0.2121166803039793,0.6608669059164743,15220.244644719245,2329.9767985122585,2133.587504327246,-196.38929418501266
1360490,0,0.33089839261858234,0.2594239835615189,0.7773861762432905,13972.728656261723,3594.2865393695524,2817.916777189059,-776.3697621804936
1363311,1,0.20980648042097585,0.20467799631808312,0.5843190006565155,9940.36570065523,1218.628327604504,1188.8403249035653,-29.788002700938705
136976,0,0.3308198610841259,0.3618027610080723,0.6428448519561035,7949.647803561139,1690.6185645978276,1848.953271664222,158.33470706639446
1380725,1,0.06116567407719171,0.03398662965618713,0.5390282081321753,9958.237124968522,328.3233139908092,182.43243532337112,-145.89087866743807
1381002,1,0.04896394932608686,0.04248257708656656,0.5277628222125184,7626.612348789264,197.0819749056673,170.994176461213,-26.087798444454307
1383247,0,0.2466566408542969,0.18190821774471883,0.7024940210509412,15865.827692898343,2749.14836549055,2027.485162167613,-721.6632033229371
1383283,1,0.14312943622387211,0.1222612793702499,0.5868674590860029,6968.974359948204,585.3799679212508,500.0320387193081,-85.34792920194269
1384168,1,0.11094437744413424,0.12364182349833483,0.5955705574489073,13674.928406029474,903.5736939628176,1006.9865797655694,103.41288580275182
1400290,1,0.22742327977711643,0.26363738405594334,0.6935375606104105,13190.131989224436,2080.4344965538735,2411.7157615031256,331.2812649492521
1400828,1,0.11132654205677946,0.3398330230484667,0.5492255474202729,11791.129556111093,720.9495269114105,2200.75511795479,1479.8055910433795
1405329,1,0.2605240852513296,0.2592630389134808,0.6311808732498861,11826.859752220393,1944.7830307433967,1935.3694614894694,-9.413569253927335
1406224,1,0.17221856959603243,0.1550560622701746,0.5653432440476617,9961.01888692814,969.8307454992043,873.1818921640776,-96.64885333512677
1412359,1,0.10274517750282441,0.08581054746259006,0.5823744033865832,18088.65339496749,1082.3555849372888,903.9599478049225,-178.39563713236623
1413152,1,0.1809976384832631,0.1806448829118153,0.5826881488643738,15865.267888911723,1673.2333164644306,1669.9722663222237,-3.261050142206841
1414099,1,0.06979444916858162,0.11688316751161136,0.5375619137462566,15508.42263359112,581.8579912133008,974.4242681919288,392.566276978628
1416681,1,0.07632800458408047,0.04513430271104422,0.5198082381651508,11108.16526597788,440.7267384845121,260.61069113498075,-180.11604734953136
1422355,0,0.19559064644757082,0.15130127224874595,0.6093794802147271,15011.47382697944,1789.201450126396,1384.0562451742285,-405.14520495216743
1422994,1,0.30778137500909525,0.2899265295019827,0.709430382952933,13397.847389141432,2925.412725679826,2755.7052758381624,-169.70744984166367
1427224,1,0.05677511825786045,0.06447707122496767,0.521934867061317,12975.564701379652,384.5037903062887,436.66449378846045,52.160703482171755
1428993,1,0.20965787958422005,0.42949422325064057,0.750770779204773,17595.03264019857,2769.5462820274906,5673.548409032107,2904.0021270046163
1434284,1,0.0503169458551032,0.0184632470862865,0.5180334892283878,5922.325375474712,154.37052204813304,56.64455667920174,-97.7259653689313
1438199,0,0.10273971942193658,0.16993490105913894,0.5655393913871818,4106.756017378661,238.61631671106736,394.67929637671836,156.062979665651
1438926,1,0.20906678957721916,0.23098139462083422,0.677400118046862,14440.20954842979,2045.0494496833508,2259.4137256886506,214.36427600529987
1441368,0,0.22016233106552657,0.4253897622301956,0.6212112279557837,4951.377105141575,677.1865375211736,1308.4355474773936,631.24900995622
1441548,1,0.04811971652059413,0.032231426312870876,0.5345856859216089,8349.21608691299,214.77616691421787,143.8608266674593,-70.91534024675857
1444677,1,0.1185820572827925,0.10758862443860322,0.5470994141022002,10983.2281151529,712.5498189662467,646.4911861305575,-66.0586328356892
1445337,1,0.03266809573628184,0.024882921040167996,0.5209731481541942,13850.037239846813,235.71656320950322,179.54265463008605,-56.17390857941717
1445995,1,0.21068391908474127,0.1678231625030937,0.617821768066705,3480.2334475089,453.0049743657081,360.84731933008794,-92.15765503562017
1451577,0,0.2546558345365177,0.34674149333003323,0.6924709276483733,15138.838552135781,2669.6094645019407,3634.962356209642,965.3528917077015
1456792,1,0.05047129084912243,0.03577641928932212,0.5373962617541246,9010.045233693421,244.3802049615165,173.22815667326472,-71.15204828825179
1471411,0,0.15658801024850463,0.26493174797847363,0.5891048274057497,14633.872235265742,1349.9271938800152,2283.9460732066086,934.0188793265934
1477975,1,0.25395273931279355,0.278395279941952,0.7015872261609746,16073.132178723426,2863.749927340367,3139.3812284248997,275.6313010845329
1479579,1,0.21385715816341588,0.2297995958635951,0.6084228212654589,12729.22153888835,1656.2699864234742,1779.740162965594,123.47017654211982
1487020,1,0.09811658163652674,0.1740407606614006,0.5538768784927135,14216.295547585276,772.5775581890065,1370.4104204858024,597.832862296796
1489131,1,0.05262419247513879,0.010244691286835198,0.5231985260291119,14298.823604785935,393.68807951973344,76.64180005977485,-317.04627945995855
1495117,1,0.048757979938011356,0.04424891636393813,0.5245997248132529,6708.3376229477835,171.58869639352517,155.7204356162246,-15.868260777300577
1498427,1,0.03199846580334228,0.0568738860783386,0.525473964603767,9954.132348758405,167.37237163736526,297.4866750071055,130.1143033697402
1502271,0,0.12558182801553242,0.1372873314342083,0.5538153715286247,14421.609577917488,1003.010640756755,1096.5014321385652,93.49079138181014
1504232,1,0.10149502104249061,0.1099218705241197,0.5571700874279107,14494.328851688144,819.6541479633676,887.7077535583513,68.05360559498376
1508450,1,0.04364573868760113,0.06112838914994519,0.5207166850466077,8018.736866302437,182.24234889301434,255.24098245808736,72.99863356507302
1509785,1,0.1712888629041127,0.20375550465592532,0.5533672200891142,9863.300081786525,934.899229479546,1112.1030350448248,177.2038055652788
1511915,1,0.13799456340312327,0.20163959971207457,0.5542545006538755,14857.298170866212,1136.34719539193,1660.446527472265,524.099332080335
1520922,1,0.08067522914444519,0.04246892606017239,0.5525537342399554,5125.526680840005,228.48264857470585,120.27747316314444,-108.20517541156141
1520950,0,0.201499146829658,0.06085473607040514,0.7221365803668514,18204.610801131304,2648.951185292858,800.0094679341693,-1848.941717358689
1526777,1,0.12667288221361944,0.098967657731298,0.5697971859984525,4975.797447480755,359.1423708885843,280.5926463326875,-78.54972455589683
1528578,0,0.32099047499712874,0.40592858332105175,0.766669493673941,14456.144087929486,3557.564612133621,4498.940858258879,941.3762461252586
1529863,1,0.09090854314659495,0.0991229460275887,0.5535000750337823,13490.143732292498,678.7955070640052,740.1307740899076,61.33526702590245
1543700,0,0.12774132176088798,0.21851867900943614,0.5792102535532605,5905.507616784485,436.9430953788973,747.449820373825,310.5067249949277
1544603,1,0.28830253834961306,0.29657205664794634,0.64224549569026,14492.211223918897,2683.392418821301,2760.3614348975384,76.9690160762375
1546828,0,0.13661836528509438,0.2123160505557513,0.5590235147527642,4691.2106726330085,358.28126385159914,556.7982223352956,198.51695848369644
1552213,1,0.03972906310704658,0.01700730809732577,0.5440774015805322,20191.751394880102,436.45854628127375,186.84017159719926,-249.6183746840745
1552841,1,0.33593594581252295,0.32038201502429214,0.7589744671281878,11554.01077791957,2945.8892183227135,2809.493701311986,-136.39551701072742
1559921,1,0.19329686269805232,0.20807988609402514,0.5926286211683516,12605.731063674257,1444.0275025214075,1554.4643303945443,110.43682787313674
1566847,1,0.025882615965477182,0.021976166898322012,0.5390391239151692,11307.617350514121,157.7609670856296,133.95019063524413,-23.810776450385475
1568061,1,0.3459345461394027,0.4340711274844029,0.7903732804938823,13025.494335120933,3561.3970822748183,4468.763424106639,907.3663418318206
1580136,1,0.13602949383403215,0.13679672453498215,0.5589789323064017,12638.466181892742,960.9989044103995,966.4191102956214,5.42020588522189
1584291,1,0.3815924199358927,0.3755419161137377,0.772542011396764,13339.063677733559,3932.304958694678,3869.954594957216,-62.350363737461976
1587419,1,0.04914486234258059,0.041664623660620806,0.5598318622023072,18027.242070428292,495.98098371704776,420.4887356351516,-75.49224808189615
1590236,0,0.38490712157394436,0.31920825840041794,0.7366873766898926,11074.786957837568,3140.324701172069,2604.310293282986,-536.014407889083
1593863,1,0.0916126485295095,0.11938056868667674,0.5437320229823019,14340.816493315491,714.3552302250347,930.8772860234121,216.52205579837744
1595451,1,0.08785129190174602,0.15176233689635416,0.5461434722986742,2622.9911107973685,125.84956489559852,217.40402050440213,91.55445560880361
1596242,1,0.16777650603794536,0.1262197753817602,0.573742764328246,5697.114142758579,548.407377048564,412.57180509597,-135.83557195259397
1598121,1,0.05747314744846061,0.048008860901165386,0.5237670247397229,11969.518248235185,360.31289516334476,300.9790212082169,-59.33387395512784
1603107,1,0.12497179556486324,0.17506172011240068,0.6439989590206866,17723.526790157153,1426.4196768521588,1998.1427097469173,571.7230328947585
1610458,1,0.09540104338620926,0.10844858729660943,0.5750400651756841,8704.625940017295,477.5307495942275,542.8403437322478,65.30959413802032
1624724,1,0.04699685408590748,0.03895875606986364,0.5278613780126756,16532.81490687647,410.143165080408,339.9944067081887,-70.14875837221928
167189,0,0.17242613802499937,0.2237832303975578,0.6189823079076776,3411.778821941156,364.13481681152246,472.59230265014065,108.4574858386182
1688742,1,0.09400401702767634,0.06872931581048623,0.5911473322227495,20221.838520967813,1123.732093958962,821.5961446556663,-302.13594930329566
1692142,0,0.2288852661517495,0.18239802306003533,0.5734041263866915,3122.3580958969997,409.7900043339717,326.5604987029805,-83.22950563099118
1705322,1,0.13724191766891308,0.26200415546624367,0.5687549968676189,9963.624697128578,777.7309165603839,1484.741217803218,707.0103012428341
1854900,1,0.060739451074803885,0.0360496761951547,0.5583452730606291,15174.047918935325,514.6063699005057,305.4257599402767,-209.180609960229
1857140,1,0.07016537878722148,0.05772179300308168,0.5412562512340956,19458.55708492431,738.9863766009082,607.9297140489952,-131.05666255191306
1945500,1,0.23527685414773042,0.2527389466371152,0.6147914296344266,13091.422171468002,1893.6243848841623,2034.1679341796619,140.5435492954996
2086289,1,0.05342283233072907,0.012663154917303318,0.5075807884751119,2919.7219725285595,79.17235869739517,18.766729497730832,-60.40562919966433
2090901,1,0.19940078915142123,0.20693828381992782,0.6023998714734015,13163.911563564228,1581.2360215376193,1641.007891712815,59.77187017519577
2175371,1,0.22572894892652692,0.19626872432304548,0.6981054255150825,13421.254162279214,2114.9561790516527,1838.9300673912333,-276.0261116604195
219315,0,0.19654251116832308,0.21999710670821082,0.6497708729651567,11496.452398014697,1468.1843334190098,1643.3915672822789,175.20723386326904
2217921,0,0.19262250402615932,0.18694054730386409,0.6167738734912943,14101.645001845034,1675.3392774779177,1625.9203099594695,-49.4189675184482
2366300,1,0.30152702005024196,0.24410500818609143,0.7061689113485298,13958.870604191718,2972.2484634464754,2406.2212911460015,-566.0271723004739
2369804,1,0.028959687909336264,0.009152189688242942,0.5264941537061523,18575.97979217483,283.2299399560992,89.50974002147971,-193.72019993461947
2376682,1,0.12524170272285096,0.20637235556926764,0.5421754794629366,7305.5029553320055,496.06542269144353,817.4129508909892,321.3475281995457
2444701,1,0.05057925425425827,0.050244910117262426,0.545865267977417,20110.901434768108,555.2510920770377,551.5807147665445,-3.6703773104932225
245385,0,0.35516140966406845,0.32585214072097035,0.6714121906677443,8761.020542062548,2089.150331058178,1916.7457081193775,-172.40462293880046
2476507,1,0.11370062099803438,0.10736317375339229,0.5869970227571586,17104.864931393444,1141.611629687527,1077.9804602751835,-63.631169412343525
2477464,0,0.23485351331145538,0.18437072911795435,0.6795140930248353,15765.012216307048,2515.879529077866,1975.0802813576497,-540.7992477202165
2485748,1,0.05114691933834307,0.040906661946035754,0.5604279027227331,20196.244842834076,578.9084084288402,463.0036543288577,-115.90475409998248
2635306,1,0.20928985587902021,0.19675685109452395,0.6267803341700077,17903.645885965518,2348.578170753013,2207.937138118227,-140.64103263478637
2636269,1,0.06348899972258723,0.040082960701863,0.5403905536760453,18215.329730497684,624.9471194779305,394.55229945707464,-230.3948200208559
2645010,1,0.23366685629657652,0.203748127876326,0.7282350534679104,19121.131095486962,3253.735715838053,2837.1270586399105,-416.6086571981423
2645417,1,0.19974632418223093,0.14086561053321248,0.6079947168618799,14394.99441330511,1748.1959193178088,1232.8671704702174,-515.3287488475914
267620,1,0.3401998332012231,0.19678731520468867,0.6793584630776025,8799.711990376092,2033.7686311376171,1176.4258227380212,-857.3428083995959
2694575,1,0.22363030595500213,0.05605905221093396,0.7354097959422439,15823.223196123603,2602.2859840906367,652.3341513438357,-1949.9518327468008
2704838,1,0.11941036824072432,0.1041049563416924,0.5657895431570201,12454.801463545626,841.4605566441246,733.6064347117318,-107.85412193239279
2824770,1,0.17723928658157664,0.1873206991862945,0.6389458162785344,7465.900072540437,845.4855641742406,893.576983340781,48.09141916654039
2826316,1,0.15884960138214815,0.16293208461006264,0.5614186925051181,12157.788578334195,1084.2453907419115,1112.1108281376196,27.865437395708113
2826903,1,0.07964524362778644,0.06856015816579698,0.5402849369716464,17635.152066467515,758.8604406115397,653.2416684822883,-105.6187721292514
2865363,1,0.16407765359900728,0.1431841978738482,0.5887726050417428,11807.566409122242,1140.6631935775426,995.4124820420437,-145.2507115354989
2874682,1,0.07059097358042837,0.05884330919431667,0.560327393496303,18319.790859859764,724.6220378053339,604.0313152929366,-120.59072251239729
3007534,1,0.13273941515724882,0.16301832178560305,0.5627500790365852,10898.778513939713,814.1291245146666,999.8383934262464,185.70926891157978
3055155,1,0.1298739971893903,0.1290922456766316,0.5756655191468832,8080.309943313752,604.1161472832819,600.4797864855776,-3.636360797704242
308659,1,0.16141580497280478,0.1644605382186895,0.6086424007455962,14560.949563037595,1430.5332538576629,1457.516932178989,26.983678321326124
3097599,1,0.05528083249710486,0.05324393920817797,0.5121757317610659,17328.773019233162,490.6382293767134,472.56003352536226,-18.078195851351154
3147241,1,0.12021540891425593,0.20468450006352606,0.5861094232428741,13872.51565937493,977.4489076629683,1664.2512204515644,686.8023127885962
3150677,1,0.14189481230438927,0.20877527589576442,0.6845994785170322,17583.480290269665,1708.0788723237333,2513.161912192632,805.0830398688986
3158654,1,0.08755285751123974,0.06572826336976775,0.552034292643194,9647.384196033197,466.2791072257345,350.0481518792097,-116.23095534652481
3161007,0,0.09787374854320798,0.11449141181073123,0.5396014467307457,12447.59682713508,657.3926447433308,769.0091891946603,111.61654445132945
3214850,1,0.15881473390814613,0.11381988994515174,0.5856466464330037,12116.549386143552,1126.9519745318983,807.6678187105708,-319.28415582132743
3216213,0,0.2091143949316731,0.17964816020896263,0.6590247512311433,17030.526606290066,2347.003474976254,2016.2880533465557,-330.7154216296983
3239730,1,0.13263093903148865,0.10693439419279462,0.5545637126291391,11090.805740287245,815.7543371391267,657.7062372408219,-158.04809989830483
3295494,1,0.10234706972066954,0.058367278015707395,0.5584130584064364,13998.45248659886,800.0387197097879,456.25226500452766,-343.7864547052602
3300177,1,0.14345883423891725,0.21163604415550227,0.6008927359930772,16217.632545612738,1398.0146016911724,2062.4054387672327,664.3908370760603
3314567,1,0.10428527484192399,0.10960272340738667,0.5511378227080204,13570.432536747721,779.9682002216364,819.7383479597687,39.77014773813232
3349703,0,0.2808375564316162,0.24556278898841982,0.6844431300433471,14324.148868863587,2753.3497383004433,2407.513615303186,-345.83612299725746
3351712,1,0.23625963881585535,0.20579221042351262,0.6190686886393186,12885.635050560551,1884.6651565869527,1641.623640949103,-243.04151563784967
3354647,1,0.19426163336906832,0.17464141710477085,0.6929084368113192,16143.884742034461,2173.0560765621326,1953.5797474632568,-219.4763290988758
3356374,1,0.0970783861216381,0.046489798608663126,0.555924825770352,15817.982839270542,853.6694042665672,408.8131279088517,-444.8562763577155
3357703,1,0.13404257809238398,0.10940472844270964,0.5656502817602591,14856.515129060546,1126.4391327248409,919.3926972820936,-207.04643544274722
3358698,1,0.08813176509337953,0.04601268215634218,0.5811923519116851,15305.964554647633,783.9945833236684,409.31545551759,-374.6791278060784
3376591,1,0.2176218103959575,0.2357940760027199,0.6710543935477744,13797.201127725377,2014.8890572597763,2183.1401119222824,168.25105466250602
3380267,1,0.055521465687442866,0.04410561081913202,0.5412060807152743,15519.873521102418,466.34977061287753,370.46286933478814,-95.8869012780894
3381543,1,0.18715899838081304,0.19857708585845404,0.5993345187431742,12799.359579072441,1435.7150206959805,1523.3042888641867,87.58926816820622
3381704,1,0.29185887244397524,0.25523045898898084,0.6606058084401595,4106.393218164927,791.7276680654445,692.3655067344525,-99.36216133099197
3455344,1,0.18358249818795958,0.1893825211748957,0.5907732133811548,8465.312767045372,918.1107647492856,947.1171438576434,29.006379108357805
346482,1,0.21261790893419208,0.21987160485100424,0.6161188796632397,2221.3118843793745,290.9872095335405,300.9145611109248,9.927351577384286
3488949,1,0.09782349512300624,0.08815123864401948,0.5595120407613959,13762.83458360655,753.2870523205086,678.8061153719539,-74.4809369485547
3524587,1,0.17089485416577857,0.14607717492114222,0.7057672769812252,21334.570234076724,2573.205097060642,2199.519306220122,-373.68579084052
3535970,0,0.1743397413042887,0.17557248675440923,0.5968908231979748,10718.144392985332,1115.3493092680771,1123.23587475228,7.886565484202947
359727,1,0.06661963374374748,0.043484851174168934,0.5316012729670699,5981.86674143581,211.8483017758151,138.2804341083059,-73.56786766750918
360903,0,0.05401096645106137,0.03895448525419247,0.5252885386142059,4678.96127231132,132.74840875938204,95.74251807214688,-37.005890687235166
3630862,1,0.0862741018654612,0.0782587009461217,0.5385721130038177,14582.859122416,677.5900020690445,614.6376744517834,-62.952327617261176
3633436,1,0.13105494613130245,0.14443522973728715,0.5591918043310895,12773.068863699391,936.072458626637,1031.642411092431,95.56995246579413
3637996,1,0.14030557214181494,0.18029959283509522,0.5708279784044373,13334.371206662505,1067.9544050286815,1372.374179113104,304.41977408442244
3638632,0,0.20054407463394291,0.27469468538372965,0.592826343012985,8699.437193485926,1034.2570394558977,1416.6706873679905,382.41364791209276
369114,1,0.1458002943770333,0.1325368280186733,0.5583783671834279,12782.373007777493,1040.635104019641,945.9684316890595,-94.66667233058149
3703986,1,0.25927267066947085,0.23033823562858494,0.7018167972986152,15482.43441897215,2817.2134212545793,2502.8166955097363,-314.396725744843
370611,0,0.1704487345482352,0.19248298602072306,0.588552272194544,13409.049024172404,1345.1688460645867,1519.0615341253224,173.89268806073574
3726937,1,0.18652477879278054,0.060569333656703236,0.7090498497128191,19739.81992250702,2610.6971159435566,847.7596687990201,-1762.9374471445365
3731523,1,0.06270791148509301,0.05687438430358794,0.5381136902968635,17451.385442522518,588.8793001205283,534.0976414346794,-54.781658685848925
3733818,1,0.10149502104249061,0.09551493648165223,0.5571700874279107,14494.328851688144,819.6541479633676,771.3601423548478,-48.2940056085198
377788,1,0.193651444227092,0.24441796078958417,0.5900600081801609,12981.525825391245,1483.3466764088973,1872.2120624450677,388.8653860361703
379135,1,0.17095063669342836,0.13826110075418008,0.6115443457843216,3244.3066974003023,339.17245962304236,274.315197182224,-64.85726244081837
3812601,1,0.05188853521717652,0.04320559339536806,0.5295011391337251,19391.63837265643,532.7860109729893,443.6304794593441,-89.1555315136452
3847808,1,0.1863584416322618,0.1735860882389924,0.6841569990386569,13680.432514338925,1744.2336970219428,1624.6900424190897,-119.54365460285317
3849706,0,0.18671002938541878,0.07094388818339525,0.5848763904950396,11476.02695545484,1253.2084013299109,476.1794371041109,-777.0289642258
3915076,1,0.041702596796074125,0.044954449529429404,0.524390991365055,10801.492570999639,236.2120738632893,254.631235667529,18.419161804239707
3915080,1,0.33816820684807397,0.3120657634172604,0.628801294531159,9806.725138587113,2085.307978652607,1924.3477451169394,-160.96023353566738
3921694,0,0.08095696375148739,0.081272350826618,0.5610727889596393,12909.687068343066,586.3934810251272,588.6779160667363,2.284435041609072
3925620,1,0.10897632870017086,0.044892918586432795,0.550788356864782,16787.2419986043,1007.618830615367,415.0896866183506,-592.5291439970164
3927898,1,0.1825041212402167,0.20408936788993248,0.5823630452856641,13610.467938577944,1446.570289968849,1617.6599962885757,171.0897063197267
3931409,1,0.059460045632094956,0.017428658132255803,0.5335004811652337,15619.348709161462,495.4764011305826,145.23178911326227,-350.2446120173203
398424,1,0.24484194987658736,0.2701759391919014,0.6470328137001959,7515.554923943017,1190.6200411713169,1313.8144341943944,123.19439302307751
400060,0,0.12984846654006593,0.04455539243662145,0.5783802819163073,14070.431463741548,1056.7146267621467,362.5944621716247,-694.1201645905221
400238,1,0.1889901114493634,0.1530797164286894,0.5961710799978212,12393.002376539485,1396.325016454562,1131.0064633641941,-265.3185530903679
403534,1,0.11342922994138169,0.08239995504947194,0.6119280838526425,16185.292050865315,1123.4297209965232,816.1084983050068,-307.32122269151637
403955,1,0.09655926163949541,0.12384773477759757,0.5351527719173976,2752.28072526755,142.22123453016232,182.41417171969675,40.19293718953443
408640,0,0.16976663230500647,0.10460721521670606,0.6009130880851472,4814.132313268105,491.11366592134425,302.61560973065554,-188.49805619068871
4156525,1,0.061553097938049584,0.05630883276254998,0.5453083497925785,15988.666232527643,536.6662695338155,490.9428157603911,-45.72345377342435
4156795,1,0.112310414946869,0.08781138344720864,0.5505704289469578,14865.422289300324,919.2003150593508,718.6889245192114,-200.51139054013947
416850,1,0.0740115358403831,0.010537609934236358,0.5817740403592756,18223.983804515992,784.6881167715462,111.72227681373656,-672.9658399578096
4176772,1,0.05441407224684384,0.021502626962776727,0.5379181011688117,19871.984423492017,581.659232222664,229.85233366106897,-351.80689856159495
4177339,1,0.03124753770639924,0.02880868330813478,0.5320837010238433,18068.87772779931,300.41868133792843,276.9711563141641,-23.447525023764342
4196336,1,0.04904502076167638,0.031103181462784738,0.5244996711524297,15414.76078551152,396.5308057040651,251.4703717902191,-145.06043391384597
4196435,1,0.16909933397252944,0.15465750092200442,0.5741657819916176,11870.728938123546,1152.5415525917565,1054.1093926577203,-98.43215993403624
421287,1,0.11847046702568922,0.12869470953133313,0.5596334033227957,14116.577213296909,935.9295019828245,1016.7021235205107,80.77262153768618
4277256,0,0.15646942892580196,0.15270284681286939,0.5783752846585832,3070.274120519265,277.8538223932471,271.16523635684877,-6.6885860363983625
4278025,1,0.11762366407449598,0.13800987518838279,0.5373546676116685,13611.677465817525,860.3345803278212,1009.445412073651,149.11083174582984
4284933,1,0.10069220955730698,0.05148903498728248,0.5444067643266033,5578.980573302734,305.8258791454191,156.38428693307196,-149.44159221234713
4297144,1,0.31229813849957205,0.3338062378147676,0.667477482844927,4981.225437746651,1038.3462823255948,1109.8576114392442,71.51132911364948
437167,1,0.15061651365079906,0.3300433073069679,0.6014027091156022,14594.294692958807,1321.9684250278806,2896.806071100229,1574.8376460723484
438587,1,0.0770146880945121,0.08007511715104033,0.5544987807653268,14015.77719093409,598.537466941355,622.3222994268177,23.784832485462744
4465363,1,0.10609109489599887,0.0966049557867221,0.5723425946535159,17110.245974586884,1038.9418783466317,946.0448525019004,-92.89702584473127
454980,0,0.09301418214108188,0.10592002016791649,0.5497086436462556,11705.430106439155,598.5068340270774,681.5504310367367,83.04359700965927
4556024,1,0.09080226928180593,0.09333025185250728,0.5362594247671097,13527.812590305495,658.7175257380379,677.0565654696687,18.339039731630805
4556094,1,0.2605622929435797,0.22418574958205736,0.6944932440092191,13316.055051828138,2409.6567049787386,2073.2496960259036,-336.407008952835
4566002,1,0.11555792887959321,0.14290928868588357,0.5612417113068103,5916.091827797504,383.6936360341123,474.509928748113,90.81629271400072
456643,1,0.15417902577383127,0.10682970745936617,0.5945992658654233,13361.538914974679,1224.9155463971867,848.7365180008258,-376.179028396361
459560,1,0.14242022296345652,0.18311621698657193,0.5683344540657955,12098.265671570025,979.261687390781,1259.0816943243942,279.8200069336132
459943,1,0.07558511338364593,0.08659139015968223,0.5496437038957468,3813.538824275466,158.4330192349598,181.5031395549796,23.07012032001981
461415,1,0.15517039365096966,0.1095748285804797,0.5762806701696201,11725.027094333735,1048.4718370733078,740.386868368626,-308.08496870468184
462584,1,0.1254745877449125,0.09316313925616808,0.5696821617153923,11651.416983804003,832.8506775082549,618.3800643843239,-214.470613123931
465492,1,0.14697003015718607,0.10202891350437798,0.5869700145495196,5292.683565919342,456.5839370961981,316.9677721073707,-139.6161649888274
468350,1,0.05352204102536926,0.020618655412688088,0.5426815130089422,4894.269623246818,142.15612758239465,54.763760000000815,-87.39236758239383
468735,1,0.09841939014517481,0.1587334254007095,0.5832164548420575,14249.195526705838,817.9010846541815,1319.1327503107777,501.2316656565962
476088,1,0.1038881056738826,0.09262668727639145,0.5725735901419342,7873.366874820191,468.33609276358237,417.5686958893622,-50.767396874220196
477152,0,0.14299686017762292,0.22044414145689623,0.5643147960748903,9740.4607943848,786.0088603826338,1211.7122585022862,425.70339811965243
4776612,1,0.1791842944300092,0.15741122460958817,0.5486011078604324,12576.058498267661,1236.2353842495615,1086.0177581938663,-150.2176260556953
481500,1,0.05604756229853503,0.033039912673128564,0.5434732922549763,13010.285878720755,396.29790316711996,233.61672793979557,-162.6811752273244
482076,1,0.1741747982531036,0.18799248958856654,0.5942451647496609,11418.68575362655,1181.862883994717,1275.6228119272764,93.75992793255932
482291,1,0.1351416051741458,0.09728654754438715,0.6072508545436914,3336.1769263009446,273.78287646656383,197.09245567921596,-76.69042078734788
491443,1,0.07346765201994267,0.037248833195355865,0.5553602481529537,9269.67828333628,378.21226838055884,191.75739675905865,-186.4548716215002
4915003,1,0.0886777882003552,0.289060747603219,0.546034408406081,14016.285888050279,678.6843116608934,2212.290117927051,1533.6058062661577
496543,1,0.11727574544697007,0.16370914341180115,0.6368529076024809,13179.871542787863,984.3703310000953,1374.1155349201001,389.74520392000477
501485,1,0.16709708442211602,0.23603871332272194,0.6032794393220026,12025.137928692238,1212.208884787467,1712.3472048189437,500.1383200314767
501570,1,0.08579452229340144,0.0872551941321391,0.557908944861594,4372.2831624461805,209.2816570350587,212.8447262686638,3.5630692336050913
502289,1,0.10114429558358473,0.09007921642117486,0.5459217578115897,12010.812518391582,663.1994930913743,590.6461686632872,-72.55332442808708
5025951,0,0.17740454351559232,0.19994390439344892,0.6047532514953448,13807.97466328817,1481.4020179135543,1669.615093098993,188.21307518543858
5041124,1,0.10085938842889758,0.12414992004448917,0.588722732645564,20198.663527353725,1199.3605809703602,1476.3178971380744,276.9573161677142
5042403,1,0.15624636203429265,0.15450045669196805,0.5993443109104057,13955.268157937073,1306.8462247802051,1292.243454029359,-14.602770750846048
5042866,1,0.08199563023009449,0.015997412925272195,0.544110194417392,13408.289889559996,598.2062718888147,116.71052126849406,-481.4957506203207
504393,1,0.03777976135360946,0.05602791991589876,0.5422083673120544,13148.033875693734,269.33093570218074,399.4215832957919,130.09064759361115
5055316,1,0.22398259897554162,0.24685806255137185,0.591058192305255,14303.229443605385,1893.5580613773393,2086.9481669474917,193.3901055701524
506420,1,0.0866256386975133,0.03689290103918213,0.5490535052860731,14602.204665084762,694.5116729124541,295.7848369671129,-398.7268359453412
507865,1,0.1576007542471427,0.1316258564796366,0.5873807037214143,13712.787966310982,1269.4152975713982,1060.197183505658,-209.21811406574034
509973,1,0.14379576257958415,0.1405500283558068,0.5846888036390229,3945.4292726923286,331.71501351574005,324.22759697025646,-7.4874165454835975
516221,1,0.0640937175221947,0.002746936275274894,0.5294220736090153,4692.5619806222085,159.23096397795982,6.82433985743741,-152.4066241205224
5175094,1,0.2331519428379508,0.3674279319091433,0.6770134390247465,13794.792362392378,2177.466571210759,3431.504920451532,1254.0383492407732
5176043,1,0.05504369794517009,0.03142304908266819,0.5463898959887604,9381.223267771435,282.1432954761763,161.068441130627,-121.07485434554931
5177257,1,0.1225055593716038,0.25287298208658204,0.5872104749165487,7770.3861989185625,558.9747574344027,1153.8220350865597,594.847277652157
5184913,1,0.18494369009202158,0.23367680534085578,0.6754822007793753,15039.242509805234,1878.7949785369535,2373.8620563724585,495.06707783550496
528584,1,0.3301757612021159,0.3498387093831835,0.7250480198330959,3843.2025403688094,920.0368689780474,974.827799764493,54.79093078644553
530856,0,0.07500341160618026,0.015289661881077807,0.5603225419175564,7160.193471218377,300.9150229058367,61.3423957209423,-239.57262718489437
5354585,0,0.4558090689298877,0.34995857132532476,0.7699714064843617,2993.703707916803,1050.6701033227932,806.6776932637864,-243.99241005900683
5355156,1,0.3452577752907922,0.35776049270232047,0.7516369575457867,13702.83858035718,3556.0031376451675,3684.7756245414853,128.7724868963178
537538,1,0.1958542632549328,0.24769110252031823,0.6624344323176331,10045.985690882466,1303.3722884431209,1648.336440339273,344.9641518961521
5385496,1,0.038061090189083116,0.028515716406583468,0.516742314618839,17002.837529838678,334.4079972016042,250.5415258712068,-83.86647133039739
541291,1,0.056644781430063254,0.047624701887845136,0.5319814503254011,7918.428754370412,238.61371811661613,200.61701898672973,-37.996699129886395
5425803,1,0.08829192103482537,0.07905117650151518,0.5484727241123655,16222.029048339999,785.563281559107,703.3452313167381,-82.21805024236892
543060,1,0.19935546873747348,0.1092687226234791,0.5869461484525683,11633.767863852729,1361.2779337310637,746.1300254080377,-615.1479083230261
544578,1,0.04093111147275022,0.01037062744996191,0.5278060626330676,6777.751282284498,146.42442936886187,37.09924191940583,-109.32518744945604
547218,1,0.06195619651809062,0.025536511358513814,0.5357527443653468,13669.711505733227,453.74149959756545,187.01882312803102,-266.72267646953446
547935,0,0.22116053528772636,0.3109509174189534,0.690845229423933,13613.673848166869,2080.001925890709,2924.4752290342276,844.4733031435185
550117,1,0.047829428200912065,0.017264152349947864,0.5394907824983887,8318.007555570864,214.63400446853277,77.47268349224129,-137.16132097629148
552294,1,0.049002273902914305,0.056614028811997785,0.5259508509656687,7963.421611239756,205.239574221517,237.12040774597767,31.880833524460684
554929,0,0.14808930371064166,0.27310287196681077,0.6528110969112848,17923.927330017243,1732.783859107915,3195.559953099429,1462.776093991514
556498,1,0.2036984056203355,0.1091184769943068,0.6796015684365668,12263.137830473926,1697.6322295757063,909.3985926086079,-788.2336369670984
5608412,1,0.046640177444579524,0.05695526234836825,0.5330863233770141,18289.31783355291,454.7317118194207,555.3015739610504,100.5698621416297
5614666,1,0.18724038588926703,0.21872207503227525,0.6819278556133432,16527.84640434066,2110.3487271561526,2465.1725131473,354.82378599114736
566308,0,0.29721440176869407,0.33596990039261054,0.6599759002347765,10497.306133985185,2059.0921813687924,2327.5890769655957,268.49689559680337
5696480,1,0.17870864157274483,0.18516456937146722,0.5756302189788621,14262.767903799653,1467.2122818377673,1520.2159669062794,53.00368506851214
5760382,1,0.09454703371112372,0.07856125529785095,0.5807857613149158,19527.73902858245,1072.2988272388488,890.9971959531308,-181.30163128571803
5784546,1,0.1693570558216275,0.05334905190156877,0.6340613646914838,7191.852550767004,772.2810190936799,243.2757228232572,-529.0052962704227
5793596,1,0.2952943027585894,0.29216904640439095,0.6091878315451537,5366.808700469088,965.4335854304694,955.2158893244601,-10.21769610600927
5795876,0,0.22125370075731812,0.2061688359762411,0.6918835780223125,15812.332134002861,2420.580298961565,2255.547459390558,-165.03283957100712
5797970,0,0.15754494568755947,0.15127437222966184,0.6696871754122127,18568.0601102838,1959.0385874459516,1881.065312480991,-77.97327496496064
5798956,1,0.295574602291275,0.29635940328563204,0.682179560027546,12295.607143095422,2479.22415790872,2485.8069210056765,6.582763096956569
5799372,1,0.14980965026151288,0.13760984248631566,0.5435463043707118,10309.668666342182,839.5006669356314,771.1356000264823,-68.36506690914916
580015,0,0.30781316324068864,0.39695292672485205,0.7187084508879651,2582.913613513796,571.41261068869,736.8882662207767,165.47565553208665
5801279,1,0.1384610388751221,0.1584534034392624,0.5498418528858586,14392.961676086801,1095.7602686305659,1253.9768972456407,158.2166286150748
5803123,1,0.10563817171064872,0.06833769643317703,0.5851271582879863,17556.860520390917,1085.2205053692865,702.0328755984093,-383.18762977087715
5854795,1,0.10933061857847054,0.11786491445057093,0.5579423543229075,15605.107880101987,951.9144321959063,1026.2204181576658,74.30598596175946
591029,1,0.2947272536690244,0.19983115493384218,0.696691133595632,11974.839538399958,2458.8400787104606,1667.1442718972805,-791.6958068131801
5935712,1,0.06816172875914381,0.060875761255033106,0.5273976948972598,5554.867346620405,199.6882524087343,178.3431054400621,-21.345146968672196
5950464,1,0.18643404158622334,0.1269784972294469,0.6216759997111309,12164.565875086986,1409.8922733562283,960.2645557806309,-449.62771757559744
5958698,1,0.33269991987267095,0.3449416555033006,0.781434023035929,16594.645314306767,4314.326284259316,4473.072465552033,158.74618129271676
5958895,1,0.11721634980197015,0.11668922248563096,0.5520667383499097,14411.327074930865,932.5749591509822,928.3811266665814,-4.193832484400787
5967126,1,0.1188927345592105,0.15459571178532314,0.5444491511415356,11026.412449856462,713.7512380544623,928.0876673732546,214.33642931879228
5967258,1,0.19502733869670102,0.1480622024095034,0.5982792324003305,4533.421937669265,528.9633278582304,401.58203378014224,-127.38129407808816
5967278,1,0.30489484702989966,0.2973682807088339,0.756679832075151,15248.192162585052,3517.876588020652,3431.0350696841174,-86.84151833653459
599544,1,0.18427864928481721,0.018669035451019066,0.6240830912089635,6895.958452497189,793.0710057826452,80.34501435512428,-712.725991427521
601919,1,0.07753444845770828,0.08753188941432546,0.639528664500021,15018.10412461654,744.6802362359169,840.7007386244674,96.02050238855043
604470,1,0.11754651845530781,0.09232226081651845,0.562057300713803,3560.195301855134,235.21455196112043,184.73996082029026,-50.47459114083017
6075100,1,0.2377602784163675,0.2401971565323963,0.6146111333348204,2761.3519411013067,403.51667444287943,407.6524407700057,4.135766327126248
6170526,1,0.2149566476791207,0.16198033955605512,0.619635541612732,15375.196660836904,2047.895918368275,1543.1896608656186,-504.7062575026564
618229,1,0.10401588872418459,0.0077372517326455776,0.5483581900572347,7344.532497689046,418.91718371062063,31.161274928821356,-387.7559087817993
6187744,1,0.09100586600959513,0.0796352360470527,0.5367536393552128,13732.98974602897,670.8253722311694,587.0098182280768,-83.81555400309253
6204593,1,0.10208014315124055,0.09316438198878049,0.540584971629591,16010.321441769789,883.4974286610031,806.3320582136032,-77.16537044739994
627462,1,0.08157859768938484,0.061533373069813976,0.5398677828797324,14719.848358303127,648.2865075573363,488.99167987099486,-159.29482768634148
6285238,1,0.21480584612473466,0.2022564131456649,0.6912583304749061,14644.511563485376,2174.509785028939,2047.4701103559048,-127.03967467303414
6291235,1,0.2934133905608381,0.36474927872450974,0.7712422050346758,16377.949681634345,3706.2119332241264,4607.281647438557,901.0697142144309
629288,1,0.12873061287335344,0.08146149544303707,0.5502759757485632,6102.773582266278,432.3043912618221,273.5647831757461,-158.73960808607603
6305475,1,0.08002008767022337,0.07355732064602176,0.5392226962402422,12156.072860823839,524.5181019676193,482.15576031456754,-42.362341653051715
631987,1,0.08998364288965778,0.07580609637017585,0.5833055724503321,11172.30711232257,586.4116124717319,494.0183991231985,-92.39321334853344
6331602,1,0.08534242446762498,0.08320343231744744,0.5641894479946193,15952.157451843228,768.0851406330487,748.8341280595149,-19.251012573533785
634029,0,0.049771678967171266,0.05906981884910947,0.5304379901589827,3555.9693407650466,93.88039752969999,111.41874637621727,17.53834884651728
6414883,1,0.10796174555828139,0.15792352047173397,0.5852160494367681,14121.55680971788,892.2133214209889,1305.1055075292195,412.8921861082306
6415013,1,0.10060618139484179,0.11406665514603107,0.5652494151470139,14430.334423975595,820.6182722276966,930.4118312309564,109.79355900325982
6474756,1,0.09606085592029798,0.0767599954661144,0.5393687735932072,13743.295274218526,712.0707213928374,568.9991497787339,-143.0715716141035
6523587,1,0.392287292083499,0.36999393186784235,0.7796719515171386,12256.107362288243,3748.596602259821,3535.566978196503,-213.0296240633179
6537029,1,0.11643314951846502,0.10730127576730256,0.5534455866223478,12146.171172806182,782.6921373851998,721.3054462736994,-61.38669111150034
6542036,1,0.1176579203562637,0.07423096026657762,0.5634558008870789,15145.356974082011,1004.0620122589733,633.467658713449,-370.5943535455242
6543454,1,0.14749454586360963,0.1368716084368903,0.5761761118984049,5875.059900304201,499.27924002386004,463.3198620402297,-35.95937798363036
6568173,0,0.3126097099963616,0.18091718158732478,0.7426560567860923,13971.81532173837,3243.7175265168657,1877.2424975848317,-1366.475028932034
657107,1,0.13052739688063125,0.11263456661471298,0.6497561514428899,6488.15991871593,550.2671949718217,474.8360000209418,-75.4311949508799
6577675,0,0.2257299338815677,0.20900076887012667,0.6699535045122798,13781.287030517447,2084.124196393125,1929.6668012826908,-154.4573951104344
669394,1,0.12068017639917858,0.0866265707688221,0.6655881955795289,4760.912080448863,382.412173366618,274.50287352437016,-107.90929984224783
6696205,0,0.11439854308679985,0.1352867447271737,0.5879587896631813,18392.615325190905,1237.117267102052,1463.0043652306438,225.8870981285918
6718934,1,0.04682538686620266,0.04925173916137412,0.5217051590025611,5544.0132311053,135.4349536950336,142.45279023065802,7.0178365356244115
6719896,1,0.07652243046285265,0.06524281756205864,0.5393257820088068,17715.029136120073,731.1084580730629,623.3410969780203,-107.76736109504259
673070,0,0.27266269473631904,0.060741688018479574,0.7793360212632751,16245.170800464548,3452.031534612526,769.0169082652192,-2683.0146263473066
6754697,1,0.12028044476347699,0.12153513475534855,0.5425310842540283,12104.659114068765,789.9001839453396,798.1399261355402,8.239742190200673
679239,0,0.21767459031355382,0.05604082730657774,0.756390175483186,16670.26981304646,2744.708606384376,706.6315861474573,-2038.0770202369185
6805564,1,0.3735568245421782,0.39074210411779436,0.7645631730506174,11254.668536005003,3214.421019981153,3362.2987196318427,147.87769965068946
685444,1,0.09138912162973566,0.015537928125180825,0.6411401411643921,16140.521586623261,945.725363736464,160.79170546613966,-784.9336582703244
6878378,1,0.1747519615905242,0.1517797230662671,0.5842404478489057,13854.697995671875,1414.5253776204004,1228.5771680692426,-185.9482095511578
6896739,1,0.04816652188365243,0.04564908453880169,0.5410360471952979,19176.582757637283,499.738383227127,473.6194105591361,-26.118972667990874
6906136,0,0.22044044594780554,0.04444074113650164,0.6993311610103246,15444.301836502678,2380.9070539646946,479.9902921642999,-1900.9167618003946
6914884,1,0.04581108265041275,0.03618680842216532,0.5414288237662699,18574.513076228985,460.7118316649253,363.9226542080712,-96.78917745685408
6929104,1,0.10302687428676943,0.07366623839863451,0.5519927310082712,12354.489383599665,702.6008700843508,502.37342007150954,-200.2274500128413
7045570,0,0.1869260001280248,0.11798517701284145,0.6413092993346776,17485.336325635268,2096.0963450710747,1323.027819242911,-773.0685258281637
7062578,1,0.027675487563082888,0.03423890670627237,0.532766621673183,11292.201719282602,166.49872659440135,205.98496606734508,39.48623947294374
7068331,0,0.22548604301759445,0.22553667888572448,0.6754692330946991,14153.411993933698,2155.690393381873,2156.1744821220345,0.4840887401614964
7069573,1,0.060893152040390565,0.06730933111933819,0.5298178638474353,15579.406200339494,502.627160971344,555.5878924604294,52.96073148908545
7074407,1,0.04553688285817046,0.022268167941052765,0.5138714510400828,13494.974062147807,315.7837974785079,154.42266123521242,-161.36113624329548
7082482,1,0.34252935584067956,0.4080431686061541,0.7869424542374,16104.904906541771,4341.091482064468,5171.389527193341,830.2980451288722
7082797,1,0.10366040633957051,0.10513804465930146,0.5529488743499343,15375.057023924828,881.2814329258105,893.8437531186601,12.562320192849597
7099644,1,0.3233493069358971,0.3055539168076118,0.7528590943192541,13022.901710090184,3170.2491741688846,2995.775873474927,-174.47330069395775
7154603,1,0.33356890761667246,0.45039619164266914,0.7583346598824016,12757.10839844883,3226.998135517051,4357.203676624172,1130.2055411071206
716286,1,0.1121904070479562,0.08539129442217035,0.547975996748106,13657.630067192857,839.6390028441589,639.0730115593178,-200.56599128484106
716772,1,0.05113290089678861,0.04627247718873628,0.5150162769554311,12169.133879097215,320.4653332928866,290.0035899490142,-30.4617433438724
719357,1,0.14837801354316257,0.16747444572926137,0.654964582607629,7590.556441456189,737.6680650319586,832.6068490428103,94.93878401085169
7264889,1,0.04484983600341287,0.16529480283352885,0.5302288119054209,16335.961733266326,388.48020100988407,1431.750123362147,1043.269922352263
734555,0,0.17059022070533542,0.16921795150626326,0.6749561095689722,12367.864412582236,1424.047184219315,1412.5918025400508,-11.455381679264292
7369387,1,0.09486864660335076,0.1251270904203501,0.5420881620019181,7383.3396413172,379.7042648865475,500.81129631898324,121.10703143243575
7375170,1,0.09783565727223549,0.12438267502428278,0.5530673713560578,13244.271694935167,716.6436978252682,911.0999267554047,194.4562289301365
7436096,1,0.09858235739247892,0.09104425934029776,0.5476401596018132,13378.669429406797,722.2830287981851,667.053670964605,-55.22935783358014
7445720,1,0.18226537888256136,0.23033947934895607,0.5935667470844833,5842.515927951004,632.0823312708177,798.7996183543144,166.71728708349667
746474,1,0.07084409234699436,0.07446321682124166,0.5313073126919218,13306.432924857942,500.85392671304953,526.4404314467356,25.58650473368607
750851,1,0.035697688344652465,0.04837608521449759,0.5310657421904067,12577.382198082598,238.43973967299453,323.1240368725815,84.68429719958695
7628176,1,0.29529705088030717,0.32761344953182275,0.7826221571842842,14545.057713649785,3361.450325711764,3729.3170837749835,367.86675806321955
7628534,1,0.07814418372817847,0.12143828097015742,0.5358770158386288,14877.837308476439,623.0194349224213,968.189896910979,345.1704619885577
7666541,1,0.045218711943431834,0.040253878084691004,0.5099605881280828,13121.223140761937,302.5722688278798,269.3510429143254,-33.221225913554406
7690100,1,0.11247509825082747,0.06457867496057608,0.5546610909760428,14516.407489170826,905.6142206115603,519.9672398785314,-385.64698073302895
7716508,1,0.2045237295857084,0.1040796287882956,0.6035878951348409,12370.89363112785,1527.1626639219844,777.1544332890531,-750.0082306329313
777763,0,0.1337108453787968,0.17596069513176243,0.661029400575788,19231.837147443803,1699.840543030346,2236.9548462386942,537.1143032083482
792324,1,0.09806487203688484,0.10738634284529372,0.5572541435655661,11453.817291059713,625.9173981343239,685.4134300364491,59.496031902125196
7927231,1,0.07258417828192233,0.0572546734460397,0.5535054820302959,10233.414936852954,411.1350238293842,324.3048566335264,-86.83016719585777
794253,1,0.2539748400318227,0.27950305803256437,0.7697235391302796,15606.936790952113,3051.006514547899,3357.677676995733,306.6711624478339
799861,1,0.27578222578386835,0.22348560762559,0.7693958772235084,14765.343700110014,3132.994899926024,2538.8846830418115,-594.1102168842126
806322,1,0.1759252674340958,0.14932947681160624,0.5861832632663628,12877.119686608423,1327.945851212456,1127.191460828592,-200.75439038386412
806888,1,0.21547464459062082,0.1287504893473456,0.6231024332895242,11539.48719633124,1549.3235771715129,925.7523969801459,-623.5711801913669
808578,1,0.06624669276227826,0.035553319027736854,0.555037042734954,5096.662820002988,187.4010730520381,100.57453223013083,-86.82654082190727
812394,1,0.23828286239330582,0.24080635823893293,0.7755187095853889,17622.294116722936,3256.4733887415714,3290.9605397911528,34.48715104958137
8135466,1,0.14079978833034518,0.14994164357513778,0.6598933089533072,17299.799900595102,1607.3735094237602,1711.737131853293,104.36362242953282
8295708,1,0.13810061936916826,0.11715955680865356,0.5771046917473512,14977.633702426087,1193.6951698564415,1012.6876889028206,-181.00748095362087
8356425,1,0.10231873611891897,0.09341128511551781,0.5642955122312108,12124.122443514145,700.0226254004925,639.0815165328061,-60.94110886768647
8365245,1,0.08890650977433429,0.07389346775987353,0.5518613740479276,14122.369738382473,692.9009182863495,575.8954186385112,-117.00549964783829
839696,1,0.07057207562738123,0.09601933901967094,0.5501175086217078,6174.283038211306,239.70378549780003,326.1374819912722,86.43369649347215
843851,1,0.10693248604465161,0.19383806006840992,0.5637619211464212,10626.355918785133,640.6041683452628,1161.2324173584811,520.6282490132184
8484891,1,0.04448708052014828,0.05175893057043781,0.5137834365997533,6781.0408954000995,154.9923877324895,180.32741510108795,25.335027368598446
8559131,1,0.24736979907568954,0.21018293549388845,0.6292310850356365,13571.588169963019,2112.455252290242,1794.8918893287826,-317.56336296145923
8566148,1,0.029893172889490435,0.029200260163957156,0.5317908786782665,20415.21652591673,324.53899606323995,317.0163017967148,-7.52269426652515
8608491,1,0.23877957668191363,0.30811382966761564,0.6827614980113557,14551.91815745167,2372.39196263956,3061.261701017635,688.869738378075
8655614,1,0.06889640721567016,0.06317477091172279,0.5190248409153674,15182.291994316234,542.9027716471672,497.8163537437448,-45.08641790342244
865730,1,0.15100054086345133,0.14526094113145607,0.589949774883291,13215.32918007144,1177.257668470803,1132.5095651871554,-44.74810328364765
874800,1,0.031624773239196075,0.061555191239474456,0.5084567069542977,11067.9640025091,177.97095812773185,346.4067957030359,168.43583757530408
875517,1,0.08033681552931267,0.06951447829652105,0.5435603661545689,16184.598455741598,706.7475703787919,611.5401552640537,-95.20741511473818
8856396,1,0.10177474908856746,0.11528413107767048,0.5553274909270826,7861.2926045211725,444.30701999240483,503.2834685444326,58.97644855202776
8904579,0,0.20788088114496162,0.14630578826869234,0.5809535160653165,13820.026236993806,1669.0325289654816,1174.658864497036,-494.37366446844567
8966538,1,0.19675893654986654,0.12026843856128952,0.7051824429691917,15807.580417377965,2193.3167614196645,1340.659727033,-852.6570343866645
8975520,1,0.12086300959123682,0.2372538000757571,0.5823792658785054,13257.985218689942,933.20453252624,1831.8782755664888,898.6737430402488
9045779,0,0.11121092568332074,0.1462799263911711,0.5507337540311577,13743.23010867606,841.7400059567095,1107.1723875626205,265.432381605911
9174871,1,0.06466560042012821,0.09134323714140291,0.5319952792931307,14755.856544092905,507.62793942777114,717.0486154848985,209.42067605712737
9208950,1,0.11709005563440449,0.1565076374717709,0.529227757862295,6390.547195255504,396.0050038533582,529.3174321618286,133.31242830847043
9646332,1,0.0455385060118605,0.011697964535153102,0.5486181745744609,16924.582215352497,422.8311031760473,108.61716122230294,-314.2139419537443
9795921,0,0.1489612096602354,0.2022685539902599,0.6950805173545164,19953.26204950107,2065.9614445124575,2805.2875975853094,739.3261530728519
9827476,1,0.1656801328957515,0.21939097837051072,0.5962126879424017,7732.5115490045555,763.8221099998866,1011.4410043317879,247.6188943319013
985800,0,0.2767299893662483,0.31835927144301196,0.6267746931570302,4367.4236425531435,757.5180753507344,871.4736813522466,113.95560600151214
9858164,1,0.04899454816708829,0.09727526142341061,0.5459224205783699,11445.618028897148,306.1384901291245,607.8166402825013,301.67815015337686
9877628,0,0.28511914543140354,0.3550371926604564,0.7080181431197555,13593.795114801753,2744.173002415036,3417.109985644411,672.9369832293751
1002171,1,0.27172291691760525,0.10153272130153422,0.715953446313017,2097.3434728560605,408.0192101620235,152.4615634963719,-255.55764666565162
10070402,1,0.09992956868726041,0.11208580052096703,0.6160803458985481,19742.20598714816,1215.4218684155676,1363.2755037540348,147.85363533846726
1007488,1,0.3332431869508063,0.3039749038642052,0.7193208135248192,2912.6831197385673,698.1956598930303,636.8741114749914,-61.3215484180389
10089749,1,0.19631672670975878,0.143834706007822,0.5878870604144765,4600.731926113734,530.9799646307487,389.0312781224209,-141.9486865083278
10091902,1,0.26337100855334483,0.25961618475826725,0.710479248407262,8336.981560614695,1560.0129567053887,1537.772187675261,-22.240769030127694
1010998,0,0.09956576318344602,0.1589030027475663,0.5420997842007588,13755.56290902214,742.4507132845508,1184.92184422489,442.4711309403392
10111359,1,0.0955404805462869,0.23980644819539718,0.5664908634192768,17387.816527326086,941.0774783328222,2362.102914547729,1421.025436214907
10121574,1,0.29781930406006313,0.20112132225669704,0.7116335108926652,14111.706276831646,2990.8095843390206,2019.733341727757,-971.0762426112635
10122866,1,0.09875852404874341,0.05314468474425689,0.5450503521101263,13129.953035422825,706.7639478396778,380.3291671107555,-326.4347807289223
1012339,1,0.05161343961520346,0.04874517431441864,0.5256605431943385,4569.8750083962,123.98595841266065,117.09580296185379,-6.8901554508068585
10176294,1,0.12775047638543807,0.12562205483295677,0.6061414764129338,16735.94129404662,1295.9453107155628,1274.353861445018,-21.591449270544672
1029617,1,0.21490316918013705,0.27471660522763514,0.691632205916875,11857.522111118455,1762.430383669369,2252.9630149188047,490.5326312494358
1041534,0,0.15075909948904398,0.11264966093525902,0.6440544352281719,16880.899374754197,1639.0858121569527,1224.7516840381022,-414.33412811885046
1044415,0,0.15987926129342442,0.14773811105127493,0.6722341719880764,12349.19671585674,1327.246005985741,1226.455615558609,-100.79039042713202
10608756,0,0.26044187475797587,0.224056683592006,0.7310314753032053,16796.331827627328,3197.873905539989,2751.11297861199,-446.7609269279992
1062192,1,0.09500233962956975,0.1103023451639554,0.5674357817575978,15532.807866741216,837.3383637948688,972.1906384879792,134.85227469311042
10625449,1,0.06650158620461127,0.059845025074639194,0.5426521161934811,17316.69609999277,624.9115341177315,562.3602166968116,-62.551317420919986
1062606,0,0.04366609151880873,0.03193689027967202,0.5504357469795625,18277.519752181146,439.3070907146722,321.3042859398827,-118.00280477478952
10638763,1,0.06841798810559521,0.07963119599299505,0.5404523069328554,19474.733936355286,720.1106057613028,838.1314676413756,118.02086188007274
1063972,1,0.05470294493801899,0.04961040212136026,0.5262222456582103,5121.568927195972,147.42900442215182,133.70417629291936,-13.724828129232463
10646438,1,0.12353944856524114,0.0829625044128657,0.5689440753902679,5789.234372533128,406.90813250168026,273.2577984632491,-133.65033403843114
1071027,1,0.07610100549769704,0.08441625320742466,0.5349471964177448,11561.628507251786,470.6741223931586,522.1027716292874,51.42864923612882
10726894,1,0.04980098021475943,0.06275682128079307,0.5164180543771747,14718.766883484815,378.5390910972729,477.01691784662717,98.47782674935428
10754819,1,0.20325270762931397,0.1456212412396582,0.5968501962159113,12767.404011150114,1548.8318902611254,1109.6670000713063,-439.16489018981906
10755038,1,0.15213008628672237,0.15260370276770943,0.6955857125626892,18089.46474469269,1914.2183763412565,1920.177785116815,5.959408775558359
10794774,1,0.11909940703279573,0.13293448863558385,0.5683726628692498,4738.49834885933,320.7624443142403,358.0235416006046,37.26109728636425
1089352,1,0.04611983544885529,0.05268191219961581,0.5312222126578126,13534.109899721343,331.5840824517677,378.7629194359532,47.17883698418552
10905119,1,0.09548799084485655,0.07682976825560475,0.5535941793474197,14634.761322671036,773.6168395606716,622.4531689922064,-151.16367056846514
1101630,1,0.1348089483977829,0.155428596822269,0.5966042062794177,15334.4680194809,1233.3142401600699,1421.9553231983755,188.64108303830562
1105287,1,0.14362721785062552,0.21879800100922905,0.5595012285725607,4644.916138872558,373.2636254527772,568.620184396126,195.35655894334877
1106910,1,0.1219335423746432,0.2076316480877501,0.5706725176719621,11588.941579609109,806.4063202715867,1373.169925564196,566.7636052926094
1114200,0,0.07545617375406959,0.05170684630130783,0.525385207689097,6170.645601432319,244.6263438310204,167.63183358524404,-76.99451024577635
1114683,1,0.09729280682302062,0.09129198575150008,0.5360561144604592,5495.307415563096,286.60448300327084,268.92730545070236,-17.67717755256848
11154645,1,0.1245457513229092,0.1512220080454412,0.5634574145918605,9789.32468147491,686.9778714037824,834.1205708986222,147.1426994948398
11366151,0,0.1372152074935919,0.12588734233886228,0.5757235891083357,14240.77569520555,1124.9932503500768,1032.1189103062316,-92.87434004384522
11396653,1,0.11353186096840659,0.11301488835848979,0.5782762679279291,13158.224004285094,863.8739969512062,859.9403065225132,-3.933690428693012
11397029,1,0.054311891591619255,0.06638748112189283,0.5578681573534388,20962.56255870035,635.142060226586,776.3581841351121,141.21612390852613
11406724,1,0.16364310860584258,0.14788815505115505,0.5839491902242713,10600.743467580214,1012.9992092277025,915.4713901323139,-97.52781909538862
11408326,1,0.060561741911425535,0.06252226014205528,0.5345602011284192,16372.847515966538,530.0528780448094,547.211868156495,17.158990111685625
11438036,0,0.3483245978155328,0.5009774484664469,0.7761322620940229,12757.764054312282,3449.0099457822644,4960.534550845739,1511.524605063475
11445368,0,0.22189382329393553,0.2586124176872896,0.6820766309206375,12620.345351492862,1910.071492112054,2226.1467182722045,316.07522616015035
1148956,1,0.22789284810089933,0.2522541957492328,0.6726724681279929,15842.61526168737,2428.6292668864594,2688.2454960598434,259.616229173384
11646367,1,0.05523808775700809,0.04240616216589017,0.5272406687467632,9755.647309868698,284.1211926436542,218.11923365294845,-66.00195899070573
1167445,1,0.045440118024792316,0.03929246134653649,0.5331767154630228,3689.7843301646144,89.39466635716177,77.30033778760983,-12.094328569551934
11685395,1,0.13728182117457355,0.2026397953156047,0.5751130471926178,14797.901079506275,1168.3322690380844,1724.5590846105622,556.2268155724778
11688541,1,0.056028507459042684,0.05947278774871215,0.5316552296044118,15525.535786543562,462.47231561530526,490.90220520956234,28.429889594257077
11707226,1,0.08494279700772721,0.09265163495288065,0.5343607944674184,15091.303355469707,684.995775880155,747.1613933944262,62.165617514271275
11707923,1,0.17264368233019783,0.15700290441928413,0.6763952019505911,14895.705619735607,1739.451361996521,1581.8645214436817,-157.58684055283925
1172240,1,0.065057146116047,0.04436455865415264,0.536453992900335,13833.591045408775,482.7946211032079,329.2331675237666,-153.56145357944126
1173643,1,0.14971969777937233,0.15526671682220494,0.6570585532447554,7784.251936335143,765.7727329281918,794.1441228991639,28.371389970972132
11865180,1,0.05981214690828739,0.07592224555179514,0.5589292230403196,18580.34135861916,621.1548732176813,788.4597903238396,167.3049171061583
1188045,1,0.11588564357398107,0.08571060179946176,0.5529304310643699,12562.407386985671,804.9575950364076,595.357610881047,-209.59998415536063
11946100,1,0.09473989741661487,0.09303856982467516,0.5541675341659162,14526.720088919134,762.6785945136681,748.9825047773462,-13.696089736321937
11946145,1,0.1749202518377612,0.2013110175147889,0.6662793580272389,14294.652503178768,1665.9810412918662,1917.3328134347696,251.35177214290343
11956701,1,0.0857871902269214,0.07781224486730633,0.5541931999896901,14768.036710011405,702.1120061689239,636.8422978276693,-65.26970834125461
11964906,1,0.09487431808257814,0.13381705427487395,0.5699694284789135,16464.33309547498,890.3163998056298,1255.7615211621535,365.4451213565237
1197905,1,0.0720622383059547,0.04439229797559086,0.5305455852451605,11682.711684273043,446.6569659196824,275.15283441232526,-171.50413150735716
1213551,1,0.10874882973996265,0.12298345133183129,0.5281774573152228,9217.504290943052,529.4412828508705,598.7422246128781,69.3009417620076
12154934,1,0.11309858745629503,0.11257454488711519,0.5605128018711006,12978.656179286816,822.7586266299458,818.9463726114712,-3.812254018474505
12154959,1,0.2640819858295943,0.28011794288358144,0.7079301953222322,13613.19807202419,2545.0093214459152,2699.5509500711955,154.54162862528028
1221176,1,0.09838392142745504,0.10527960147197528,0.5498597454080344,11591.171082262623,627.0517315413075,671.0014750495452,43.9497435082377
1221961,1,0.1654783679815304,0.15522935385186062,0.5791711100933836,12833.058462431818,1229.9240456569705,1153.7478718397024,-76.17617381726814
1223422,1,0.10148781059256476,0.1549833697366918,0.5670447601116175,6293.332777571115,362.16954044264406,553.07386636935,190.9043259267059
12325191,1,0.10168136760199567,0.11183281748067381,0.5526149352375264,14814.232764018281,832.4212552620709,915.526772526705,83.10551726463416
12388649,1,0.2207575385213256,0.20290905852589858,0.6780107221686711,12038.143772029018,1801.8209437917822,1656.1418186936266,-145.6791250981555
12416695,1,0.1865991246335686,0.20329347542583528,0.6531566659476213,6696.12453115523,816.1133599837495,889.1280793431196,73.01471935937002
12419344,1,0.07855160110756013,0.08308487158410068,0.5336505846024462,8292.436020385,347.6115198985379,367.672435503602,20.06091560506411
12476830,1,0.048149143041866335,0.05079447591115969,0.5488995330800835,19485.75204410986,514.9897617842462,543.2835019867014,28.293740202455183
1247690,1,0.4512032293818623,0.4532834362819446,0.7785519270488477,3236.518378029158,1136.9408235975288,1142.1825239937627,5.2417003962339095
12479259,0,0.089697371986869,0.13028345167313485,0.546267247541873,14295.845026875417,700.4783436168668,1017.4293227012879,316.9509790844211
12489343,1,0.22835030772208423,0.19152724612074118,0.7183870290792784,15294.414651431829,2508.9554146959927,2104.3690547651154,-404.5863599308773
1249598,1,0.13023356148254348,0.07223147219564825,0.5456967394505133,12268.09251601342,871.8691653520661,483.5650093452461,-388.30415600682005
12498656,1,0.10567092487243243,0.0756217213389942,0.5417354253857032,3465.197241478545,198.36758433129552,141.95861541952033,-56.40896891177519
12508756,1,0.029945524478002278,0.0378343528010546,0.5381084563998269,18861.481094631632,303.9327737824267,384.000614166387,80.06784038396029
12518932,1,0.18634373781413183,0.24045815630165193,0.5907684286434772,12519.481437559847,1378.2195981802824,1778.4560267208585,400.23642854057607
1254366,1,0.12271501021297643,0.1287256430660029,0.5553402624630629,13343.437499125255,909.3363976756489,953.8760771886612,44.53967951301229
1259886,1,0.06856032008759294,0.030367619166306446,0.5389638087823752,17214.730248822314,636.1106426764788,281.7543109447865,-354.35633173169236
12607675,1,0.14039685043811975,0.14489956366350312,0.5492471964909856,10018.461196451626,772.5493554166594,797.326038006339,24.77668258967958
12617092,1,0.04901779508004777,0.025820137802763765,0.537051807372489,16432.796553093438,432.5949376252505,227.86950910422465,-204.72542852102586
1264443,0,0.09797328052539875,0.09189681944445476,0.5751906881849628,17703.488381773474,997.650321979473,935.7744378466767,-61.87588413279627
12707320,0,0.18986609908125,0.21039170161934312,0.5693173961880408,11788.736798856633,1274.2925779208183,1412.0508354413037,137.75825752048536
1275947,0,0.14798375838859787,0.19378608220385934,0.5504993527345464,12506.161555275019,1018.8139909756422,1334.146219527696,315.33222855205383
12826169,1,0.39327751450808723,0.38640863318481505,0.796818761154984,11958.306397726627,3747.385261057458,3681.9344186339367,-65.45084242352141
12846771,1,0.14942740899428852,0.2583537819104623,0.6320635570968981,14105.96606368704,1332.274917673474,2303.447980808848,971.1730631353742
1294391,1,0.07396697998166994,0.08607353625049581,0.5550002463617928,13117.916619760917,538.5126742314077,626.6538149630431,88.14114073163546
12957435,0,0.1904087896615227,0.21041290019891692,0.7050992351271884,17497.422207662952,2349.153022254256,2595.952115982879,246.79909372862312
1301008,1,0.13988062259340062,0.13823415744035394,0.5674349676500413,10326.379571419286,819.6373423805326,809.9897993731782,-9.64754300735433
13045568,0,0.08699242413751526,0.07721338427180591,0.5563057396272613,15897.630604740407,769.3560537173839,682.8707810649735,-86.48527265241046
1328281,1,0.061319600199842186,0.015861532668951447,0.5399824545907793,4564.211552614055,151.12792838983145,39.09224074413381,-112.03568764569764
1331181,1,0.0664225158630168,0.03167685129100172,0.5769201713611125,17797.408331580926,682.0053943621649,325.2478948768635,-356.7574994853014
1334392,1,0.2231302909401564,0.12508274010626005,0.6060119610822046,10381.23214165585,1403.74631919976,786.9143865665218,-616.8319326332381
1341155,1,0.2398022993899011,0.2718460661559563,0.6036981852779943,11333.782360378986,1640.7714184709405,1860.0207617160056,219.24934324506512
1353532,1,0.19100696864629158,0.1548756507539681,0.6184891666797769,13114.953247070858,1549.3447182928837,1256.2671047472934,-293.07761354559034
1354359,1,0.09133508136071339,0.04866709102693733,0.5468422557163636,14017.456836090287,700.1142439166371,373.0496883599672,-327.06455555666986
136634,1,0.2421389792174333,0.27238022501570297,0.6640296401718213,10414.153724003081,1674.4653174310315,1883.5928086295396,209.1274911985081
1371910,1,0.259578549932484,0.16841903419889584,0.7170363375578861,14103.992950431044,2625.137460699776,1703.2344000896596,-921.9030606101164
1382557,1,0.06932972407341934,0.24968920312610132,0.5304384059023496,17273.87654317364,635.2493719219709,2287.8341372537707,1652.5847653317996
1385566,1,0.07768319495118849,0.033030213268432675,0.5594766980484166,17254.495433822805,749.9138005021215,318.85677177785783,-431.05702872426366
1390016,1,0.15921753041483425,0.15403117619364867,0.5544022501681015,4352.911955809707,384.23396346929184,371.7179205865154,-12.516042882776446
1391731,1,0.23960059101910372,0.199240584532057,0.5894789396912771,3477.2102303993206,491.11944248478665,408.3918340081433,-82.72760847664335
1394227,0,0.25569608570866165,0.23200276650112361,0.6349222733938414,12721.01595974127,2065.2205594169427,1873.8530231771092,-191.3675362398335
1396663,1,0.09159807947355339,0.08078849442804148,0.5363786250710905,12564.83592528708,617.3261192689242,544.4748190516534,-72.85130021727082
1398753,0,0.2455685871556338,0.31242130751572633,0.7064390237566519,16243.519293387913,2817.913267840097,3585.051971841012,767.1387040009149
1411155,1,0.09383627594202773,0.06658571852807066,0.5527756733920052,8372.369785833635,434.27825867420444,308.16152500346516,-126.11673367073928
1412010,1,0.18121408960683325,0.2700927708970352,0.5820021711220275,13739.749383882465,1449.0900601854785,2159.814120877766,710.7240606922876
1417053,1,0.19399400493400346,0.16591833250125348,0.591256125076559,13368.199151585091,1533.334362966613,1311.4234161867096,-221.9109467799035
1417274,1,0.2481509695888911,0.15470256146416222,0.7294343010745417,15640.382098190245,2831.062890074088,1764.944467016106,-1066.118423057982
1417580,1,0.08517462018114913,0.07050011860157199,0.5385689048883332,5807.452559988185,266.4017979354745,220.50416321409864,-45.89763472137588
1419056,1,0.06261357624112715,0.07686940676559395,0.5441233496658295,13786.14757407388,469.68727662899903,576.6254618771259,106.93818524812684
1425192,1,0.1584892038620885,0.09517363837400004,0.5540623576039229,10102.03083486788,887.0886431637578,532.7016078875348,-354.38703527622295
1433198,1,0.15126029737812824,0.1885860642872421,0.5766127356569678,14564.391543186579,1270.2860422201124,1583.7483422530136,313.4623000329011
1437251,1,0.06619107933283983,0.0674597259169974,0.5482102392605296,18992.827296208732,689.1856480912109,702.3948754842979,13.209227393087076
1444176,1,0.1325363447014336,0.13235079929705207,0.5821935753747047,4915.766057564618,379.30939861807565,378.77838113822247,-0.5310174798531762
1448046,1,0.13132789585975893,0.15356260496009103,0.5847305269958444,3518.7075092279856,270.2065805244408,315.9543988049691,45.74781828052829
1458896,0,0.17881728686637882,0.18652191692651088,0.5740625025955617,11280.457393803958,1157.9648875677408,1207.857664925439,49.89277735769815
1460188,1,0.061597103521195976,0.10908064374748909,0.5280265792525662,6788.905522672454,220.80852662343108,391.023844501557,170.21531787812592
1469432,1,0.12823190391406356,0.05885241261832533,0.5849845358771422,11856.055243265992,889.3663435158536,408.17732108636227,-481.18902242949133
1473726,1,0.04546131066559448,0.02236369760305364,0.5441338960347323,8583.421650973129,212.32844550078565,104.45033542114071,-107.87811007964494
1490526,1,0.2707094730421469,0.2431303194302088,0.7696192655195025,16718.794619144806,3483.247602638741,3128.3836977223714,-354.8639049163694
149166,1,0.14531233453065964,0.13467168286470982,0.5971262236286266,7267.7010841063075,630.6170099720986,584.4394025486894,-46.1776074234092
1508443,1,0.1189762722724648,0.08837589830777483,0.5913722125413063,14675.73685543572,1032.5740052630147,766.9987766585574,-265.57522860445727
1510639,1,0.077867502357561,0.056145955785566644,0.5531131415044401,8665.827899913222,373.2332114035494,269.11785726659986,-104.11535413694952
1511931,1,0.03294995801195997,0.02051738256629035,0.5296889419452578,7804.810654998495,136.2191429530923,84.8213605554923,-51.3977823976
1523074,1,0.10575105669026953,0.1383629998855177,0.5666882675495455,17109.9161673502,1025.3610560533943,1341.5660904160418,316.20503436264744
1526906,1,0.14218446890911304,0.14952727215815492,0.5410688209043889,11869.899063028086,913.1701242991554,960.3287809870242,47.158656687868756
1533413,0,0.15823422950787558,0.06220132038744759,0.5890324958972708,11498.668192480525,1071.7345548919438,421.2950928914808,-650.439462000463
1545476,1,0.25630770420083443,0.28497066828990736,0.6236470952648426,12401.18246838959,1982.2738970300138,2203.9521555998667,221.67825856985291
1550794,1,0.03862768984586912,0.031405747828730554,0.5280602415183073,17702.957568477537,361.1004536928974,293.5880927585969,-67.51236093430055
1573786,0,0.2164885614238059,0.3751787955889489,0.6232212804426865,14779.19918918784,1994.0136698989463,3455.663625553204,1461.6499556542576
1576656,1,0.16669540132573243,0.18545449807882233,0.6476577408680131,19624.257841089588,2118.665628436864,2357.0900432389894,238.42441480212528
1582657,0,0.2704953029298499,0.23546317703034403,0.7711991269894047,19435.014731703104,4054.2556586696032,3529.1848233356104,-525.0708353339928
1594618,0,0.0751889928156093,0.06888309489487601,0.5335479050955523,15820.831863722382,634.6831981380537,581.4540310806086,-53.229167057445125
1601698,1,0.1912554371823738,0.18051673085599196,0.6177737995062885,13092.742640699911,1546.9415593108442,1460.0831078375213,-86.85845147332293
1603015,1,0.14510760821773142,0.060891048962047965,0.5923313823538973,15385.050854585588,1322.3726627416038,554.9030787707072,-767.4695839708966
1605187,1,0.18353860432631078,0.10352281382065341,0.6034482863036121,12217.250989070004,1353.1345377813088,763.2197887915912,-589.9147489897176
1609889,1,0.0471991303929254,0.045027691021994436,0.5120550359271989,4919.282799277731,118.89194414943927,113.42221099411584,-5.469733155323425
1619086,1,0.1856615184590008,0.1890427258215223,0.5799243443895505,5313.990331846995,572.1553960794246,582.5753045978252,10.419908518400575
1624019,1,0.054080542374171085,0.053448913798125976,0.5560169914730042,18357.797947018713,552.0134855210279,545.5662962638456,-6.447189257182231
1679273,1,0.0509794428501128,0.05534864289770296,0.5365045614063467,20233.59347389252,553.4030184144386,600.8324989896183,47.429480575179696
1680453,1,0.053000484579379364,0.05059236821548355,0.5421237500623697,19003.574135003037,546.0263026335222,521.2171922088811,-24.809110424641062
1688330,1,0.16844948355850245,0.19096987363177145,0.5932171586194616,14166.456751225858,1415.6132805264976,1604.8698018104276,189.25652128392994
179604,1,0.16704442213333096,0.1259250991947675,0.5892479742089292,2735.0645933546202,269.21401435031714,202.94482766162895,-66.2691866886882
1824706,1,0.10701606252910154,0.21299214815341927,0.5749296349291692,4435.532741620041,272.9037178887719,543.1553706844484,270.2516527956765
1854826,1,0.2946596853930131,0.1914464480590584,0.6172900008510858,10728.509154532458,1951.413652412781,1267.873519752422,-683.540132660359
1856556,0,0.24981932219495218,0.24874192294717545,0.611473968511759,10130.437471614594,1547.5054924349083,1540.831544083633,-6.673948351275385
1865971,1,0.039173403756142165,0.02452207907686499,0.529173972286378,18403.462997862513,381.4954267668906,238.81154369112556,-142.68388307576504
198203,1,0.1664405948801885,0.17515406728410435,0.5802952182748503,10649.373349302834,1028.5663313683212,1082.4136776267649,53.84734625844362
202720,1,0.14369310754789943,0.11334997348946296,0.5646330328267497,9588.702239546346,777.9685699805979,613.6878677603996,-164.28070222019824
2076016,1,0.10475435650260423,0.10868296917603565,0.5354013909808661,9168.625041264662,514.2280950118777,533.5132405518433,19.285145539965583
2076409,0,0.27432882644612044,0.602901671735797,0.7265353902849087,13646.45263049606,2719.8690286917226,5977.547476669302,3257.6784479775797
2081129,1,0.1488375177748577,0.11652658083312835,0.5632196549958489,6364.422975668596,533.5182201748445,417.69746592517185,-115.82075424967263
2091117,1,0.12442159741895308,0.08309393734124963,0.5821409380294938,17352.383100951007,1256.8488194151835,839.3761148737676,-417.47270454141585
2228449,1,0.31257579330248053,0.16972299027312418,0.7334266497647521,6920.995497787516,1586.6480240837222,861.5211188085825,-725.1269052751397
2285218,1,0.08699046009648156,0.023697496425864214,0.5413243090462854,12825.626096285512,603.9593832018979,164.5275276038345,-439.4318555980634
2296886,1,0.1565007384898557,0.17966916708162464,0.5818550192693591,6331.410280659822,576.542906728086,661.8945369728622,85.35163024477617
2298586,1,0.0775020664470895,0.08807203916732553,0.5584771348058948,18150.706207277275,785.6194128607644,892.7646303124209,107.14521745165644
2299211,1,0.3284819664318997,0.29706918344769306,0.7216378377055961,14256.53555104152,3379.4406975331585,3056.2642431520217,-323.17645438113686
2300029,1,0.3023927894584038,0.22391849941928837,0.7115143143761383,13648.618969819498,2936.593158268711,2174.514592699738,-762.0785655689729
2300044,0,0.2849236949747912,0.4626997250364982,0.6125268666736157,12103.228769267993,2112.296855149116,3430.248839639077,1317.951984489961
2308245,0,0.39608347472811994,0.30134699411579874,0.7696975507981448,12058.079030764147,3676.0799984548535,2796.823721120859,-879.2562773339946
2364612,1,0.3743888737997257,0.3867537091750106,0.7684026147969623,12251.820854013195,3524.6208481505746,3641.0275033627495,116.40665521217488
2364937,1,0.08779214146880798,0.102676835432225,0.5425932814233975,14316.961712996555,681.9945719816541,797.6231501074673,115.62857812581319
2367674,1,0.2011074520606338,0.2853660387381702,0.5856247321931017,7311.591490954823,861.1117040457791,1221.8942330418042,360.7825289960251
2369918,1,0.02461272429215785,0.03190465707555984,0.5421855155076778,11658.918343068692,155.58433166704378,201.67880195809096,46.09447029104717
2370808,0,0.24967612867864847,0.3256811570194551,0.6221611910403892,11724.307751699122,1821.2398687599507,2375.651652429779,554.4117836698283
2373281,0,0.2893546664479543,0.3360127308805559,0.6582847322964558,3263.4655000941502,621.6175954932734,721.8526260148248,100.23503052155138
2380917,0,0.16954736964262024,0.1414973190642892,0.5809988834995842,12408.096791425567,1222.2823118133488,1020.0669619696354,-202.2153498437134
2435089,1,0.07364206083489508,0.08557653310650373,0.5527514088063568,16222.169245368394,660.3356123804118,767.3499594337668,107.01434705335498
2444907,1,0.06710107650259779,0.04212158052578665,0.5700001657406687,19995.358697910568,764.7749757765954,480.0747231683125,-284.7002526082829
2476189,0,0.32014167699571244,0.25735560436940885,0.6257580420808114,9772.580202598232,1957.7530023439604,1573.799174954039,-383.95382738992134
2477527,1,0.02457136183140688,0.05149453188377711,0.5272184387084025,20694.44904132798,268.0857231935937,561.8308384898961,293.7451152963024
2487894,0,0.27869055996984327,0.42746209186226525,0.6821204699594289,3834.6365678034163,728.9664659071867,1118.105796076649,389.13933016946237
2544610,1,0.29534916744829687,0.31745308645875864,0.7570797151995992,16614.494851649535,3715.0486257007906,3993.082705335678,278.03407963488735
2595673,1,0.10696227238088954,0.08518482388683156,0.601497579676591,21434.229215641866,1379.0257500143853,1098.257011893564,-280.76873812082135
2714581,1,0.0762613450898812,0.07734920438064447,0.5446672581466085,12273.64918862487,509.8112749385467,517.0836739674927,7.2723990289459834
2835212,1,0.04656646697255425,0.019119749358609724,0.5318307276501908,17456.975428834416,432.33034117569395,177.5107346725147,-254.81960650317924
2875588,1,0.13053707691109862,0.14302442513028818,0.5605476821744051,13811.842092153254,1010.643644022103,1107.3231423458597,96.67949832375666
288622,1,0.19098825155647287,0.16498320162754793,0.622450231581851,3058.2583655158287,363.5678384226157,314.0642709849305,-49.503567437685206
2894868,0,0.20003806203448063,0.18992669747587315,0.6006644668397477,13868.30227026583,1666.3563420505316,1582.1266895151243,-84.22965253540724
2984939,1,0.1780582368809882,0.16494006406796688,0.6320033106928116,19435.438774525064,2187.1359125944496,2026.001963558686,-161.13394903576364
3056083,0,0.09614779435938202,0.04103423569849693,0.5555998410744154,13985.978963161368,747.1267901488817,318.86094743929095,-428.26584270959074
3105484,1,0.11980110362832277,0.10877810174372694,0.5566808454067838,12938.323797562422,862.8694890686855,783.4761302756558,-79.39335879302973
311584,1,0.1718269016818431,0.07402553214152229,0.6050436604540456,5694.196758567896,591.9845109828191,255.0355504063231,-336.948960576496
3162846,1,0.034705443550615875,0.022645892749169817,0.516808145347122,21054.568073207258,377.6359102239142,246.41386037015863,-131.22204985375558
3164531,1,0.08745550622738973,0.08792375430331663,0.5598687867866758,16663.062473107108,815.8836618345044,820.2520083379352,4.368346503430757
3195824,1,0.08594902059361242,0.07117509275991278,0.5568345578647675,8306.111568182785,397.5253904074653,329.1940541178737,-68.3313362895916
3198699,1,0.25181997855529653,0.1857168015242522,0.6954771545345643,14427.703138027171,2526.796397070349,1863.5080014664684,-663.2883956038806
320318,1,0.2686563661308068,0.08050167526344659,0.6180798697653435,1149.844687471441,190.93296574328755,57.212206904745976,-133.72075883854157
321024,1,0.1371566271611647,0.0978983247353014,0.5441343361765395,4107.747582026771,306.56789879479754,218.81905621932648,-87.74884257547106
3214725,0,0.14626994359997433,0.23514219081287596,0.6785729219390544,15151.953111109662,1503.904424458032,2417.6626614922757,913.7582370342436
3285448,1,0.09627490731048129,0.1038339969388396,0.5933325293516785,20779.09547554788,1186.9649828999995,1280.1603433746502,93.19536047465067
3296096,1,0.05946312751774214,0.048363667141784104,0.5497309985537047,17446.981953869617,570.3195858786977,463.86303188724077,-106.45655399145693
3296804,1,0.03420142128306934,0.02982545960812219,0.5333628349959866,17814.588496319117,324.96957284342625,283.39076287184366,-41.57880997158259
3298795,1,0.1072090555869723,0.09672590135657351,0.556675642525396,15266.988526752551,911.1441026843997,822.0502840488072,-89.09381863559258
3345867,1,0.07169956486750108,0.0748104467093192,0.5392946718480934,14298.15328267599,552.8694569124915,576.8572113372676,23.987754424776085
3349271,1,0.12516870461724025,0.09766615250828548,0.5632813822302368,15982.456932770297,1126.8463376999891,879.2513001372995,-247.59503756268964
3350823,1,0.1368726004991704,0.12544521804336695,0.6868113655243543,16852.720927764356,1584.2511140351344,1451.9832728449474,-132.26784119018703
3351847,1,0.10316690821729158,0.056843033314333526,0.557645733247003,13576.666774207786,781.0735978860579,430.3569168911276,-350.7166809949303
3370981,1,0.2792099725255405,0.2596639014500313,0.6786857258038802,13985.099028150693,2650.117848050564,2464.596566887394,-185.52128116317
3371152,1,0.3551713010772191,0.3938094095157973,0.7719608712154283,14428.140297198177,3955.883657118311,4386.233353871838,430.3496967535266
3379072,1,0.15970168424278708,0.12090032853976111,0.5851595655661662,11597.060772931243,1083.7565571764026,820.4454727011765,-263.31108447522604
3380625,1,0.27773573248581224,0.1628129294256892,0.7482564920300678,7652.478484887149,1590.319444188341,932.2695539154814,-658.0498902728597
339824,1,0.15761450054229786,0.1233591608140117,0.6430567002155403,3993.9724070866887,404.8093154542516,316.82958910706185,-87.97972634718974
3495053,0,0.37106310120505687,0.19371325319651808,0.7684898975786867,12470.488021476267,3556.0624740121098,1856.4401261505886,-1699.6223478615211
3496599,1,0.07773404687744404,0.08290144998557593,0.5448324038083447,12515.427264316198,530.0537211492446,565.2892627962889,35.23554164704433
350894,1,0.1581652631917359,0.030024569181801058,0.6515496755512022,4194.785768612168,432.28326913216654,82.06048950495482,-350.2227796272117
351049,1,0.1616696787282126,0.016428950100064756,0.6082848526156405,5045.464120999479,496.17708046321985,50.42175230291667,-445.7553281603032
351273,1,0.1264313563220551,0.11454094947620895,0.5568259473630199,1800.5808430179804,126.76135906810163,114.83991667043601,-11.921442397665615
352403,1,0.18359587043773232,0.15411587311355074,0.6439705373290028,5339.498940422876,631.2907289006779,529.9243476503738,-101.36638125030413
3526121,1,0.26962113957328737,0.24037516632958944,0.6956410234264506,15947.566660678887,2991.118035280796,2666.6695956406006,-324.4484396401954
353024,1,0.11915266229911575,0.11732995220710553,0.5841818109520248,6250.583607493917,435.0832358209649,428.4276513842148,-6.655584436750075
357881,1,0.06942564457421019,0.07406944075216727,0.5367174810333775,7203.8102185833495,268.42806714121747,286.3828911819847,17.95482404076722
3594657,1,0.15694716508534018,0.17352102621420798,0.585721837004354,12908.266408122592,1186.6231350746864,1311.932356444411,125.30922136972458
359905,1,0.1159141254426117,0.04057218526370271,0.5959780949940066,15848.772161191364,1094.8693107733561,383.2254295722721,-711.643881201084
361495,1,0.13916639629860753,0.04929673700260277,0.5606962776474183,10108.07901735343,788.7342181936356,279.3923271233992,-509.3418910702364
3625858,1,0.11413363532042299,0.11860619241966651,0.5802691605903157,6548.265694236177,433.6800383955245,450.6746669209424,16.99462852541791
363220,1,0.14740360622330978,0.20747783859009233,0.62018595363187,15309.734265305793,1399.579868864728,1969.9776251494375,570.3977562847094
3654901,1,0.24292268449597454,0.22918342674812567,0.7084370213049727,14942.130148749711,2571.472208645493,2426.034496480757,-145.43771216473624
3697035,1,0.10167897957295591,0.11179986360954387,0.5694908779901797,15539.046410121351,899.792388119695,989.3555845189059,89.56319639921082
3725086,1,0.11535767535134389,0.1447425983393513,0.5748916978838879,14094.463583573492,934.719029833166,1172.818892919152,238.09986308598593
3728213,0,0.22433124623998235,0.20827193499970326,0.5808547766558149,4910.658112869689,639.8777854821006,594.0705397905903,-45.80724569151039
3810490,1,0.13792732086105033,0.13157136225590832,0.5884860163457183,16264.245573692218,1320.1411574732106,1259.3064910890434,-60.83466638416712
381545,1,0.06550427628945225,0.0529163976202077,0.5108884777859402,8326.012131044412,278.63315986656244,225.08855776867952,-53.544602097882915
3846638,1,0.1494973931097876,0.1314436199743025,0.5664806136294969,5862.6863782463915,496.49551973308087,436.5371666836527,-59.95835304942818
3846855,1,0.10803669697195581,0.06700317589935753,0.590719923321451,15628.446053615051,997.39850878736,618.5756284587619,-378.8228803285981
3849530,0,0.263132720323117,0.2491187783964491,0.6124454363760157,4712.311961446109,759.409965673436,718.9652534217174,-40.444712251718556
387194,1,0.20506027316687192,0.10019657601101602,0.5849839124343021,2234.133652880323,267.99988320373245,130.95013604372943,-137.04974716000302
3917555,1,0.058766448910493714,0.054371085314866494,0.5408479480112874,18481.14707364316,587.3994801389986,543.4656651993608,-43.93381493963773
3932170,0,0.28625354426074173,0.28636815568660556,0.6759404407662444,11947.048601078743,2311.6385779970888,2312.5641217984426,0.9255438013537969
398355,1,0.18726926860522905,0.21472835295773027,0.5750267411044194,2158.9278509214428,232.48379422874157,266.5726341321741,34.0888399034325
401361,1,0.16355311739634423,0.21864589228126255,0.6077677217310054,7735.20360593783,768.897072266856,1027.8996152108496,259.0025429439936
406211,1,0.06006291847661325,0.050149097233880474,0.5373251984102189,15483.331197557956,499.69849601856305,417.2196273515441,-82.47886866701896
4085337,1,0.2719125055553616,0.2162299094499589,0.6874879426990262,12034.3877522828,2249.667156889406,1788.97739415557,-460.68976273383623
4094950,1,0.06238255666128712,0.10190035416324669,0.520091793092628,13773.832763333923,446.88726238746034,729.9792240895051,283.0919617020448
4115328,1,0.10727044562908825,0.12043840717212764,0.5921831979552278,19167.530277465914,1217.5935076266794,1367.0589488249107,149.46544119823125
4166281,0,0.2712661043428022,0.2028766520366197,0.6278058910378332,8875.914010716095,1511.589976086396,1130.4999360074276,-381.0900400789685
4215229,1,0.3808494430296134,0.47988455680992953,0.7658498811324268,13191.231257780015,3847.5325991514533,4848.03512240396,1000.5025232525063
4225334,0,0.14175721403483402,0.14686397375643628,0.615522499478697,18220.839184184784,1589.8548534780396,1647.1288820642703,57.27402858623077
4244772,0,0.2534152684370616,0.30273351430644285,0.593020457346305,7221.74951436467,1085.2876829404258,1296.5002318779038,211.212548937478
4288047,0,0.1725746528302018,0.17393194390813763,0.5924122901325999,13728.53875240232,1403.5418998434402,1414.5806872141497,11.038787370709542
4300363,0,0.26625029704536796,0.22271614476221907,0.6048832899821575,9478.681850836769,1526.5450830332945,1276.9421836211689,-249.60289941212568
4302323,0,0.2454998893483212,0.3321532936099101,0.6857458998845841,12185.654855185647,2051.46160610896,2775.5602293432426,724.0986232342825
430237,0,0.15865155364978845,0.268247918647635,0.552771454445588,1881.886508119237,165.0377771982475,279.0457402603636,114.00796306211606
4306081,1,0.13450334201323813,0.08594679404440485,0.5618010946528676,14339.022557514749,1083.5156897235208,692.3597468632651,-391.1559428602558
438531,1,0.07312655017864363,0.09672718281243455,0.5257321807071262,13461.323992181615,517.5203409817395,684.5432268991891,167.02288591744957
445694,1,0.10829571451070678,0.10690856850794243,0.5681836506073846,15239.411822775197,937.7092696618589,925.6982711561154,-12.010998505743487
4535904,1,0.1631679232007348,0.22517698450337376,0.5559712321811161,4364.052095443995,395.89227954107696,546.3440849556939,150.45180541461696
4555397,0,0.39081022354686357,0.35257081992023387,0.7768409460456076,13063.54496326157,3966.0580737966225,3577.9932629169334,-388.06481087968905
4556532,1,0.09688905696997512,0.006945023763265301,0.5546887035089345,16586.13011839991,891.3927928271588,63.89518406094597,-827.4976087662128
4565608,1,0.043159276688969364,0.028972104482057476,0.538524455393281,18283.37685581483,424.9482047900752,285.2606608161119,-139.68754397396327
463123,1,0.07618735767146358,0.13523203006889684,0.5374293934290043,3710.4705135119602,151.9264226382983,269.66834370445235,117.74192106615405
465718,1,0.1596424888016031,0.14977373456278714,0.5896797936239304,2425.3784356875512,228.32015354636553,214.20589424088686,-14.114259305478669
466978,1,0.1487281852833116,0.04865806930506681,0.5914893354919217,10605.428322694313,932.9715718219235,305.23195932830424,-627.7396124936192
468892,1,0.0830773275787416,0.08531714127912494,0.5293311199253332,10425.259256346702,458.4551006922439,470.8153203269914,12.360219634747523
472809,1,0.14632943386681002,0.1587234351701182,0.6191044848650286,5843.1662074692795,529.3511761385521,574.1868526910945,44.835676552542395
476248,1,0.16125081807959352,0.14943259518991833,0.58488358156576,5602.076233215852,528.3483693412388,489.6252244503455,-38.72314489089331
4765809,1,0.06696136897613582,0.04754546847781954,0.5704887929296844,19624.15033057964,749.6564867666567,532.2885330116181,-217.36795375503857
4776063,0,0.2508492696956454,0.2474406878222816,0.700216754442437,13880.993081500179,2438.180630984765,2405.050224375071,-33.13040660969364
4777815,1,0.045618985565803835,0.005895173651712073,0.5419537809830992,13711.609043831017,338.9973442763567,43.807379475715244,-295.18996480064146
4786181,1,0.17589256360055783,0.23408074626328276,0.6921182021132155,19590.25917565921,2384.88768692519,3173.8481609565456,788.9604740313557
4807087,1,0.17283561462881913,0.23818943422871136,0.6228151615178269,7176.738625439162,772.5374546164065,1064.6547566643028,292.11730204789626
480865,1,0.2160742061745277,0.18043125589737538,0.605739835757718,4657.357747252276,609.577123782598,509.0231173709156,-100.55400641168245
481794,1,0.16095046561501014,0.12170093025675796,0.5857001993329263,5388.278141019894,507.9460822449153,384.0778620507254,-123.86822019418992
482644,1,0.1099078754521869,0.1686869088269786,0.5712729089932446,11104.66644998383,697.2330424354292,1070.115186710416,372.8821442749869
487405,1,0.08677874777964271,0.19822367593355866,0.5344572710296128,3098.7662437405916,143.71933039838842,328.2897564576437,184.57042605925528
4895215,1,0.24020234610776964,0.3036069835615628,0.6226619763323015,12833.611985083402,1919.4574767001222,2426.1240742176196,506.6665975174974
4924627,0,0.2551937002169453,0.19399866529401225,0.7049584349015497,13743.65850322378,2472.4972418440175,1879.5964181447127,-592.9008236993047
494942,1,0.04675242205819273,0.08206061609785464,0.520810680653851,11816.926759365382,287.7322492860908,505.03235144157657,217.30010215548577
5030956,1,0.16316214813674437,0.150626430678243,0.6145995651558571,18997.280878596357,1905.035648777135,1758.6721146231923,-146.36353415394274
5032001,1,0.22487467344697523,0.28181031800496115,0.6540141400998712,13931.846584104218,2048.973620822348,2567.749844020905,518.7762231985571
5035835,1,0.2754051641440598,0.26423088057675054,0.735853129314099,8934.783379717568,1810.703113131376,1737.2356815920168,-73.46743153935927
5038882,1,0.11029963509823988,0.053550315458377115,0.5521048311457611,11784.287890018433,717.6273248987246,348.4070422866814,-369.2202826120432
5039007,1,0.13034551466568897,0.19298787513944418,0.5563543678393648,7190.638126001699,521.452827016602,772.0562792628277,250.60345224622574
504992,1,0.15230056931537606,0.03979247297322383,0.6455661085623667,5716.61636164079,562.0582115324162,146.85228224898162,-415.20592928343456
508481,1,0.09797728335589022,0.10451223409336838,0.549584394332174,5453.371648679725,293.64653577114325,313.232357910395,19.585822139251775
512595,1,0.13882801085945398,0.09416516458754576,0.6004410922730334,9048.489550924734,754.2643763526374,511.6073384763326,-242.65703787630486
5165592,1,0.03326192952579746,0.029158834462177284,0.5343863341379483,20759.152648067342,368.9881379141638,323.4708324302539,-45.51730548390992
517522,1,0.17879672057338442,0.07726634505984986,0.6039351552124248,11461.409404964603,1237.6216145270255,534.8336279038474,-702.7879866231781
5175883,1,0.10396821904227847,0.09940683369863594,0.5479197505332966,12215.145245114316,695.8509034983931,665.3219193355764,-30.528984162816755
5177165,1,0.35298407600125215,0.23957295150147437,0.7541949867165783,14065.365415721788,3744.4649910286525,2541.396597424678,-1203.0683936039745
5185695,1,0.14595934601228322,0.1772679224010405,0.5622256387970233,13295.518684492085,1091.0580050159483,1325.0921647177345,234.03415970178617
523072,0,0.2854856520690212,0.33809469069021736,0.7362481378945693,14235.739638063718,2992.185625229197,3543.58289503459,551.3972698053931
524738,1,0.22912740816747593,0.016505808863286224,0.6630834010051063,13666.229690979155,2076.318218002609,149.57316507792126,-1926.7450529246876
530193,1,0.36514126090949484,0.6407855237034411,0.7081673142656164,11442.904780954032,2958.9189748651556,5192.599817896162,2233.680843031006
5346184,1,0.10882202866539034,0.10013927687040564,0.553557945093976,14226.045134381684,856.9669803056788,788.5908281814515,-68.37615212422736
535934,1,0.20242471313296767,0.18656700199149678,0.6116581113950331,3536.3009157280885,437.84609970545375,403.54575729129454,-34.30034241415922
5365178,0,0.23494111806536794,0.23350466735520498,0.6189196011312554,4907.930447395641,713.6605127874011,709.2971294901297,-4.363383297271412
5365422,1,0.1458483181113971,0.18282312712350587,0.5829154059948922,14309.443520203207,1216.5492733316646,1524.9633683156164,308.4140949839518
540931,1,0.04953086462762072,0.020631999287353625,0.5390726349607162,12748.715047475098,340.4000455851558,141.7930728794839,-198.6069727056719
541316,1,0.3108381301617152,0.29910780999540465,0.7621710211955047,12517.839864923479,2965.624163428211,2853.708289684339,-111.915873743872
549904,1,0.0646304985599739,0.130240262747031,0.5497937304380203,15961.360135205723,567.1620790242534,1142.9176602084524,575.755581184199
5504861,1,0.34336105039312326,0.2139335472802191,0.6369549019616259,12710.989861209282,2779.963446357288,1732.0760194193208,-1047.8874269379671
552058,1,0.0700876243201311,0.01673033569095464,0.5263037313248272,12664.952493684134,467.17689251167843,111.51792223798394,-355.6589702736945
5609612,1,0.048976156501464536,0.03007778766978332,0.5291669244474715,15305.101210949175,396.65560608959765,243.59859879236078,-153.05700729723688
5646263,1,0.38233906302103043,0.4090144208169698,0.7649528795089328,12821.096818640037,3749.803715636925,4011.4232189876875,261.61950335076244
568058,1,0.06289429763013216,0.048143832341385834,0.5446821218938143,2255.896236585694,77.2811385806464,59.15655821229061,-18.124580368355787
5685850,0,0.40551481813576257,0.44992055578985396,0.7897173772559897,13199.867242078391,4227.153187063882,4690.045902825434,462.8927157615517
5696157,0,0.22872765536509743,0.32947423081768556,0.6824644168393685,15532.169167295595,2424.5480902821405,3492.4771814370342,1067.9290911548937
5706323,1,0.196139653888941,0.07801429435959033,0.594187443481036,11533.189803897207,1344.1208375555107,534.6223295330649,-809.4985080224458
571473,1,0.19260961670074947,0.21875453718491847,0.5939776859311947,11786.11832422173,1348.4004656859936,1531.4329827536608,183.0325170676672
5755041,0,0.2601942253353107,0.29815145621686673,0.674612364399483,13490.47562511725,2367.9864451895246,2713.4291932313886,345.442748041864
576615,1,0.2479454046187272,0.1344974454795272,0.6659607146578175,3326.962044646999,549.3542902339836,297.9960399480174,-251.35825028596622
5789191,1,0.13636820703381256,0.11272235877846354,0.5725205975302902,13886.068289665069,1084.1354436315908,896.1495285421462,-187.98591508944457
579043,1,0.22344417886568863,0.1602961438919871,0.5948146653050139,3025.5136289592447,402.114585593941,288.47212668797346,-113.64245890596754
5803017,1,0.22454194731924057,0.4027900029236103,0.6132453797384606,13844.879387957504,1906.43036299737,3419.8113121092133,1513.3809491118434
5804945,1,0.24701531616563818,0.2420569376422434,0.7343662461676902,15677.120202671558,2843.825065901027,2786.7405038992115,-57.08456200181536
588714,1,0.13873048480533853,0.11303894573044335,0.6633960649857036,7799.861481341644,717.8466618412975,584.9084284864821,-132.93823335481545
589559,1,0.2639959281412074,0.4121016022857999,0.7127887315154071,15108.826178230276,2843.078024734288,4438.087426825221,1595.0094020909328
594873,1,0.14043012715391492,0.06458776811922524,0.6221591436121385,6051.729324272923,528.738911134343,243.18190747294034,-285.55700366140263
5960456,0,0.20172148766295805,0.17609897967954657,0.6158432193153885,16240.21309747927,2017.5023532136574,1761.240758325267,-256.2615948883904
5964797,0,0.0816333654778492,0.08058356853760619,0.5345418725050672,15460.12438472808,674.6249762685752,665.9493663417685,-8.675609926806715
5969314,1,0.08253396470139344,0.06743933878749053,0.5480265468838581,15700.988808324517,710.1683423074398,580.2857478893582,-129.88259441808168
597088,1,0.14466261051500015,0.2411075484373573,0.6435849689224412,6059.899789435933,564.1929211845171,940.3340060589111,376.141084874394
603290,1,0.055892721475515404,0.019947419407241637,0.5316380691212523,12997.666624433312,386.221745249769,137.8377529902329,-248.38399225953611
603599,1,0.19768316203212052,0.18442780213453586,0.6191880990443493,11937.507892532327,1461.187510479072,1363.2096851035917,-97.97782537548028
606619,1,0.06195026787860926,0.08727765859380762,0.5168094806057314,7446.6263926296415,238.4148079023361,335.88694480840473,97.47213690606864
6084601,1,0.21150364277122505,0.22481931828347024,0.5914489726108277,5437.324706450084,680.1745883455486,722.9964707084961,42.82188236294746
6155331,1,0.2298512831495242,0.20464329101974293,0.7191542923060825,17478.050256307262,2889.0961346911586,2572.2464237495865,-316.8497109415721
6158637,1,0.09669262183687968,0.09053979961241054,0.5381168299607754,15537.218335400823,808.4314124395713,756.9886584121904,-51.44275402738094
6158761,1,0.12869855104199038,0.10720151580692905,0.5737557008730292,13518.833950127744,998.2513469284969,831.5094201187088,-166.74192680978808
6166464,1,0.13594735689456447,0.052444158672555245,0.5927254355615325,4137.0781087220885,333.3635047904812,128.6010183664714,-204.7624864240098
6179147,0,0.09665130781722182,0.1351784634178943,0.5525160968350857,14677.815062110007,783.8159224163738,1096.2607168761483,312.44479445977447
6179743,1,0.10294564765063223,0.11420044028668093,0.5602532118545066,17595.832070484765,1014.8506955121647,1125.8018080186591,110.95111250649438
6179992,1,0.11217520651164958,0.037259363674967814,0.5575795283879909,14228.233869356383,889.9276346566057,295.5923899336065,-594.3352447229993
619085,1,0.22501826661185137,0.2463721099268756,0.7600230054482164,16120.972017968186,2756.9934690484415,3018.627368576067,261.63389952762554
6244642,0,0.06900131712416276,0.06484595593542751,0.5737426539193184,19797.970264349366,783.7818212505048,736.5813228223367,-47.20049842816809
6245243,1,0.09956225641327048,0.17963149634451947,0.5728356758762616,14436.936869433024,823.3791127440168,1485.5511255901647,662.1720128461479
6310410,0,0.17735666402909797,0.18916042111553508,0.5534578601518414,12068.342109538991,1184.621700270737,1263.4627568832125,78.84105661247554
6330463,1,0.32048380868012155,0.21702533502860324,0.7471076522907647,13838.390667883785,3313.4076057657417,2243.774494222163,-1069.6331115435787
634231,1,0.07128366543561653,0.08394212712679114,0.5508111543141051,17757.976754758012,697.2463232583223,821.0624292110884,123.81610595276618
634443,1,0.19830457630884174,0.22841891940263334,0.6560725890840743,12210.624687575128,1588.6290962290816,1829.8767897675068,241.2476935384252
6455116,1,0.05256595913317167,0.05588598729988081,0.5327203726693103,16997.490690040362,475.98000666567964,506.04256150115754,30.062554835477897
652960,0,0.35659719673256973,0.19683461090989143,0.7516173326338834,6315.812817827526,1692.79341785507,934.3885392464588,-758.4048786086112
6542418,1,0.16442195261355746,0.1526857153781301,0.5768740757857653,15520.939048066157,1472.1728949326136,1367.0910000161657,-105.08189491644794
6543704,1,0.21994895368440892,0.28149779245921985,0.6215426313687921,12437.520579165446,1700.304228112139,2176.1044037945467,475.8001756824076
6547467,1,0.07432547569088291,0.0749024906828268,0.5576259663464526,16895.621794349805,700.2528186839601,705.6891293267881,5.436310642828062
655533,1,0.3549401830383579,0.5076409196714019,0.7094972027784284,10110.226645631785,2546.048943523911,3641.3984355194943,1095.3494919955833
656292,1,0.0692307592728832,0.04408989431494614,0.5288162595379836,5819.97678153264,213.07139373626157,135.69539508213475,-77.37599865412682
6637801,1,0.22010708714129085,0.2659310441413875,0.6930899527083998,16744.558287060187,2554.449522710212,3086.2587734157587,531.8092507055467
6647165,1,0.19701862992619526,0.17080768462276716,0.6047065492668119,6371.668125348929,759.1107016041524,658.1202060025591,-100.99049560159324
6695013,1,0.18949910797591554,0.17898501012082524,0.6162448507738089,4164.392824171528,486.3088385482286,459.32666026303457,-26.98217828519404
676438,1,0.10763228971883797,0.14129921905168957,0.5438787072272728,4495.245358049541,263.1467660868512,345.45797214924414,82.31120606239296
6786539,0,0.13389101988794608,0.045852588056685885,0.643420845706093,17385.373325296307,1497.719891759218,512.9121675121559,-984.8077242470621
6795098,1,0.19813974712656987,0.2337663768840505,0.6982158963765065,17278.039219184644,2390.318606543031,2820.111201076458,429.7925945334273
6805182,0,0.09981539400195495,0.12100941606636516,0.5568361869742514,12515.588384959126,695.6267077387281,843.3306560106637,147.7039482719356
6838356,1,0.0583114464705782,0.054288750314269295,0.5508369073226765,20334.752697706186,653.1542257735243,608.0954739755941,-45.0587517979302
6839697,1,0.1379087589354958,0.14231618286614364,0.5561597708111436,15122.106717829454,1159.855056678452,1196.9228468053905,37.06779012693846
6885234,1,0.23129376263271262,0.14881331206868975,0.5899788624610444,13378.946893313929,1825.6701011244515,1174.6275014105556,-651.0425997138959
6886292,1,0.2885775664796634,0.34549876264668256,0.7307837996583851,14758.262990959414,3112.3377693624807,3726.2385339612047,613.900764598724
6909513,1,0.09092296493421931,0.08547106646476343,0.5382990824008203,7310.673054447621,357.8117440243476,336.356732069876,-21.455011954471615
697566,0,0.2900432342651689,0.3273368351670573,0.7549724529845407,12068.696678327053,2642.738655770229,2982.5405510496853,339.8018952794564
7004797,1,0.11360168371059856,0.17598359755482718,0.5599854456737949,11576.211181845123,736.4240254375305,1140.8153918955798,404.3913664580492
704343,1,0.0726043253088821,0.0337642902011509,0.5230068186450617,5813.250779975622,220.74399775864802,102.65592812517183,-118.0880696334762
7057405,1,0.22524175169909494,0.21807639080814167,0.7041577980864385,16533.22553904069,2622.2644036445295,2538.8452743673133,-83.41912927721614
7084037,1,0.13625602970067094,0.169245694306731,0.5524014435850956,13906.185642447062,1046.691163408992,1300.1110707910386,253.41990738204663
7084251,1,0.09022060271143191,0.08953735118266715,0.6222189822213858,12307.395777658576,690.8999271727769,685.6676585193061,-5.232268653470783
7084834,1,0.07785867191790324,0.065418982669427,0.5343212455870607,12632.323908170913,525.5241606839405,441.55975324622153,-83.96440743771899
7086069,1,0.13560992868983643,0.10073111549481063,0.6488486556465259,16793.981170202107,1477.7077759422461,1097.6419948311213,-380.0657811111248
7087559,1,0.30369752701442737,0.3990846897947534,0.6757570233028046,15339.673518152862,3148.0958006432397,4136.868839186132,988.7730385428927
709318,0,0.26676613092271523,0.05942972004077541,0.75086204139353,15245.782747408462,3053.7998300674058,680.3205052070566,-2373.479324860349
709459,1,0.2829298824796205,0.18948738098231876,0.7571142490723655,14753.735993330549,3160.401409375509,2116.624022414918,-1043.7773869605912
7095160,0,0.21183560679134847,0.1838628714852602,0.5617169415147465,4424.105844458593,526.4316504496292,456.91674010087445,-69.51491034875471
709541,1,0.05913397871440833,0.07152316310802621,0.5188175683354881,14960.220883734391,458.9757924145701,555.1360009453296,96.16020853075946
7103224,0,0.44522880620868877,0.37339931708664764,0.7970531356381435,13319.180551499192,4726.5911354645405,3964.042482244536,-762.5486532200043
7194647,1,0.18578866142585104,0.31577141347972987,0.6925951996045814,16592.483204240187,2135.059928009137,3628.805364962746,1493.745436953609
722536,1,0.363532771916444,0.19657557830640215,0.7771425900276977,11324.796375912092,3199.4452319486313,1730.058045150658,-1469.3871867979733
724312,1,0.2758452736871262,0.2911710126771035,0.7677234088340728,15742.754782680135,3333.88842226379,3519.11655069377,185.2281284299802
725131,1,0.04656997708924699,0.05741356833547222,0.5102489376116608,12313.907650053221,292.6065379062331,360.7385382065064,68.13200030027332
7276825,0,0.22288065381659658,0.259457311709492,0.6727377913877052,14429.442377220646,2163.554035670455,2518.612110206751,355.05807453629586
734199,1,0.08155742575100296,0.13243009064405875,0.530588126075445,13856.363997743054,599.6120053308848,973.6289673936699,374.01696206278507
734508,1,0.0589117173431895,0.05602236406551018,0.5266220558958181,10648.93936034036,330.3749278363726,314.17153191351645,-16.203395922856146
7355220,1,0.19728848569750312,0.2046997670888923,0.6864387475736564,16271.299828971649,2203.564552242817,2286.343011933578,82.77845969076088
7374850,1,0.3104870919039181,0.3137223695013825,0.794472121454628,18017.829251665815,4444.518095638263,4490.830004253109,46.31190861484629
7376037,1,0.06070735823963995,0.06213384772593047,0.5719905869699148,20347.663511770254,706.5530302683559,723.1554735044115,16.602443236055592
7439743,1,0.39786385083254727,0.37427617928062623,0.7807225678718499,13695.00539845289,4253.960206247514,4001.7608271635863,-252.19937908392785
747831,0,0.3349366076473488,0.4049753631323915,0.7653743522415799,13233.181071981944,3392.35096687068,4101.727112873407,709.3761460027272
750712,1,0.40120754278443677,0.3669675299668362,0.7069647725120005,5044.0143196425615,1430.682200056614,1308.584353820031,-122.09784623658288
7564951,1,0.22485562685282717,0.1987697119210801,0.619244469296394,3289.3719609265736,458.01413637931745,404.8790738222727,-53.13506255704476
7625672,0,0.23267322158812173,0.3995409227429912,0.6832843421275308,13259.937325269586,2108.09094669119,3619.963639641043,1511.872692949853
7659371,0,0.3356513987891346,0.32374458428183484,0.7209269172698328,14451.954497186205,3497.085802061571,3373.0310473026984,-124.0547547588726
7679604,1,0.10717812946273698,0.1695406900290694,0.5756405583012907,16331.758351018034,1007.605441700876,1593.8897489567116,586.2843072558356
7699836,1,0.08318716828117892,0.07134483290581914,0.5406900773083438,12338.103385265746,554.9490925396609,475.9478065733838,-79.00128596627712
7706832,1,0.10969165442629128,0.10349175384973604,0.5512289389066806,12872.904082291428,778.3629036943022,734.3689221956799,-43.99398149862225
7730393,0,0.31623954874345195,0.19862361784355548,0.6502284803731854,10067.174104908187,2070.092486372169,1300.182916867114,-769.9095695050548
7731374,1,0.08461754598553045,0.0648144933854344,0.5563080860024356,6391.206156049659,300.85596396228175,230.44661315912256,-70.40935080315919
773911,1,0.13002430159994777,0.12110208510797481,0.592558486741222,4775.974313966302,367.9745091856956,342.7242429348243,-25.250266250871277
782162,0,0.2981158992432416,0.3163012037725836,0.7613005169978546,13381.448475410914,3036.9971862509633,3222.256405322891,185.25921907192787
7894602,1,0.23288343339401577,0.059198664696049876,0.6089854154891506,11439.08325577014,1622.3206941987214,412.3918022234072,-1209.9288919753142
7926479,1,0.12308795714206647,0.12968851611554147,0.565147515555565,6100.875599559638,424.39431356286326,447.1523457840494,22.758032221186113
7945218,1,0.32625953875487346,0.2213186654510037,0.7487342185680947,12832.379620251684,3134.715262298968,2126.4389726920663,-1008.2762896069016
794550,1,0.16613246884482746,0.1494223338609259,0.6522235583252272,7936.47963910131,859.9612987671238,773.4636413058843,-86.49765746123956
797229,1,0.20239513686567312,0.1198059587982397,0.6466395696020703,10313.42317381459,1349.7868339300758,798.9940287921022,-550.7928051379736
799440,1,0.25727044485995876,0.2683908340232418,0.7267428641538393,12703.579547033794,2375.1814074634754,2477.847462240058,102.66605477658277
800785,1,0.12070742095613668,0.102724633453555,0.567203700219614,12302.928424403703,842.3285550809611,716.8398710100626,-125.48868407089856
8114597,1,0.08465815584022857,0.09031321363771919,0.6379222403411984,19561.755572740476,1056.4388780112865,1127.0076596647025,70.56878165341595
812314,1,0.24338344244563373,0.4799279181687783,0.7242411925899435,5883.95569397816,1037.15495343787,2045.1663129592769,1008.0113595214068
812580,1,0.12068662203621323,0.036912721248400365,0.5614743869784655,14439.30711624098,978.4427849755857,299.2625460050996,-679.1802389704861
8136603,1,0.19459658800608626,0.2586354998621972,0.5790168879913176,5921.920361777025,667.2506641498543,886.8331702217879,219.5825060719336
8136968,1,0.17245038182355638,0.18361019645856247,0.6865350647251657,18557.884023047394,2197.127906559863,2339.31106618716,142.1831596272973
817666,1,0.11682199069936602,0.032787785375520864,0.6623578429271372,17633.123808419215,1364.4151798645257,382.94290152636086,-981.4722783381649
8184677,1,0.057747078610414955,0.05591142012476764,0.5272824171604146,13848.405287485966,421.670358400133,408.2663422980345,-13.404016102098524
8195386,1,0.041647737468524786,0.054879315429181424,0.5309380190974164,17205.089937684723,380.4452669518278,501.31356653809684,120.86829958626902
819689,1,0.09902870070846287,0.06832849817312033,0.5616431790081359,11411.511319096344,634.6945004686869,437.93083929715783,-196.76366117152907
832765,0,0.34844444619422676,0.47553397076816045,0.7740755414524925,15324.045449167963,4133.237141730493,5640.769114276412,1507.5319725459194
833012,1,0.08264458843441334,0.11526536845337855,0.61977957991317,7941.415920747142,406.77066620073265,567.3277779447451,160.55711174401245
8356708,1,0.06070959993014695,0.07780066884352178,0.5294640245130108,13627.350660743019,438.031415142693,561.3467575439083,123.31534240121533
847174,1,0.33230457524859336,0.3580220928968874,0.7801686998684054,12945.419445037332,3356.146962700326,3615.8838883172707,259.7369256169445
854486,0,0.18885300057297186,0.22496421637141079,0.5549649702625838,10188.525260265842,1067.8267276885724,1272.009458605804,204.18273091723154
8545597,1,0.0772840676648924,0.12351073053104622,0.5218378424791598,9074.06996758317,365.95498351305514,584.8471582934939,218.89217478043872
8555258,1,0.07464550494352053,0.06878203646942546,0.5218552679956183,13437.53062484702,523.4475834147822,482.33032651477055,-41.11725690001168
8560512,1,0.31164149821531356,0.2620532682975939,0.710124369338782,12772.116838170688,2826.5233850171367,2376.7684830329254,-449.7549019842113
8608962,0,0.33537900119545355,0.2119984713720791,0.7372492275952518,11821.270956504139,2922.9027453196236,1847.6139286248601,-1075.2888166947635
8648746,1,0.07448244820530157,0.06527673765715418,0.5634575934863166,16386.734906165635,687.7135912806675,602.7151464939648,-84.99844478670275
874845,1,0.07493644596043722,0.07560668099601112,0.5210563243181523,13795.326361286567,538.6538180295854,543.471562669886,4.817744640300589
878673,1,0.11559952087547434,0.1399429861396613,0.6053311031397188,8332.675811371593,583.0872017025252,705.876318241579,122.7891165390538
8844572,0,0.12028377931848575,0.16708937373879723,0.5532764560101132,11875.98141155242,790.3487378684541,1097.894299579872,307.5455617114179
8855216,1,0.1563064174749189,0.13314583647957273,0.6526160255985543,13245.846729508437,1351.183299442121,1150.9727722492128,-200.21052719290833
886928,1,0.13692748628757928,0.10476060795022464,0.5449029256777677,10959.662220690463,817.7243767531894,625.6253230594315,-192.09905369375792
8875946,1,0.28705138795692997,0.468297011570844,0.7173628564023564,13290.200757125229,2736.7181877392477,4464.695182111993,1727.9769943727451
889741,0,0.21566299604746272,0.23680512604652676,0.6755672151442584,3910.837886750576,569.7889379135044,625.6471612442455,55.85822333074111
8958534,1,0.07854499211121413,0.08938967528859819,0.5402079813798882,13283.383023331015,563.6223319415025,641.4414959303331,77.81916398883061
8959859,0,0.10808933171012645,0.10188518590747708,0.5805561852048265,15429.928475315322,968.2577928064969,912.6814243890004,-55.5763684174965
8965107,1,0.11633808782032623,0.2097321349082109,0.6155865021062829,19730.88116066325,1413.0498739343395,2547.419958025542,1134.3700840912027
8979191,1,0.1891766643675265,0.22495116713267768,0.6749272010562717,14627.627419445405,1867.6624402480024,2220.849210700914,353.1867704529118
8995863,1,0.14991855937250814,0.03968235518122958,0.672447268870724,17095.150206393228,1723.401852259446,456.1719690183289,-1267.229883241117
9028170,1,0.08861896890191205,0.08359984466401077,0.5726412700204031,18334.765459637412,930.432122438097,877.7351155182814,-52.697006919815635
9065808,1,0.2038403984084149,0.22527945682367542,0.58882638014985,14825.715252653867,1779.4802525073958,1966.6383496274298,187.15809712003397
9066547,1,0.0531707881899282,0.03876339063198837,0.5401783704234885,16151.209341049735,463.89034629745254,338.192517284194,-125.69782901325851
9104674,1,0.26362582777084176,0.3293773021179351,0.6803373888842653,7301.46442433049,1309.550554453178,1636.1683233396056,326.6177688864277
9125229,1,0.08513939441844494,0.1146231374587129,0.5453679925995929,15554.782353501214,722.2443303962714,972.3572939092081,250.11296351293674
9198625,1,0.1355025108813062,0.1593277592789188,0.5674279187079072,13246.735450526541,1018.5137730315531,1197.597861444664,179.08408841311086
9205476,0,0.11532909035096876,0.09458597516648733,0.5643424167915171,15467.603187394161,1006.7104627034396,825.6433007087413,-181.06716199469827
9238292,0,0.3086705735919975,0.4033104317519112,0.7817926442774055,4475.673770582698,1080.053410008144,1411.202895165779,331.1494851576349
9265279,1,0.1766750405990435,0.09502268586283356,0.6887267108144635,8602.33278413169,1046.7389036002844,562.9767604975162,-483.76214310276816
9384876,1,0.13491988932425023,0.13983816609475822,0.5460244122075397,7721.613801241032,568.8478392097766,589.584226762062,20.736387552285464
9584703,1,0.2232219909858135,0.2670061723231759,0.7689797170108947,17046.65765556739,2926.1130539118194,3500.059482757357,573.9464288455374
9645074,0,0.2549082274858911,0.29491149158261526,0.7368846910738012,10252.644809919373,1925.8359929744045,2228.06133341853,302.22534044412555
965249,1,0.2738081537733347,0.25237050755597895,0.696381298658569,12131.1399986735,2313.103635705454,2132.000565095721,-181.1030706097331
9654701,1,0.07068127233114378,0.03608637312663021,0.5354385466173124,15246.970468865955,577.0288813301978,294.60249978194724,-282.42638154825056
968563,1,0.22774118211192515,0.057812488423513754,0.6155669570505988,5965.881829098054,836.3566542541432,212.31056651068693,-624.0460877434563
9706472,1,0.09693955950346757,0.1019919237288996,0.5650668204193614,16264.539670607235,890.9280350644981,937.3620497727381,46.434014708240056
9785326,1,0.2516497099259383,0.26153262010773515,0.612200734512656,11701.861378951256,1802.7903701984253,1873.5904331530892,70.80006295466387
979932,1,0.12220958213860027,0.18912200354064646,0.535787408866831,1840.5726828645365,120.51767218114792,186.50373584539432,65.9860636642464
982218,0,0.09966268762925089,0.10573424389842638,0.619258590186525,14298.706783422198,882.472935311741,936.2341192635687,53.76118395182766
983966,1,0.08391720841001216,0.10986202779605908,0.53367139034978,5037.1722919555,225.58579828349826,295.33052529975447,69.7447270162562
9848165,1,0.10208784169530878,0.09776639680690952,0.5565816532657702,13510.9536797634,767.6953565637536,735.1983116720431,-32.497044891710516
9855368,1,0.14161537454573841,0.16335029256052142,0.56356241386933,12213.944022126616,974.783908192724,1124.3922991930654,149.60839100034138
10054677,1,0.25101758208550545,0.2236526575038278,0.6824500528740354,7455.83233828846,1277.2359882954383,1137.9968712490336,-139.23911704640477
10068715,0,0.4251964750765076,0.40628609205686417,0.7820523503144424,11373.2614789535,3781.9040396933,3613.705905122056,-168.19813457124428
10071855,1,0.1483085181521131,0.13606429624368993,0.6145006050318935,18520.032189098212,1687.8356185712382,1548.489381981304,-139.34623658993428
10076340,1,0.055105307590271116,0.0466401271351371,0.5437815138665353,15886.972615932424,476.0570677889969,402.9260181314987,-73.13104965749818
10093345,0,0.2960391846397443,0.23809379602086342,0.7260204853201363,13626.037051392497,2928.6511268805075,2355.4100274539974,-573.2410994265101
10095061,1,0.1680854128216162,0.268298026084857,0.5800135593496345,2508.367088702499,244.54526910725056,390.34328969103586,145.7980205837853
10100576,1,0.1186320268133974,0.12169516383483016,0.5511307504619994,12181.279973892193,796.4334989751411,816.9978018986453,20.564302923504215
10100700,1,0.18045603913683064,0.20586705631664545,0.6526646640058716,18928.955380074352,2229.4008807661203,2543.3352015725654,313.93432080644516
10103580,1,0.14730809739506612,0.1637040945450949,0.6900589988683565,16827.238808868933,1710.5103337277244,1900.8971695693358,190.3868358416114
10116903,1,0.18193927272717703,0.12169398601955526,0.7402450804987136,21394.537879065414,2881.4089073918713,1927.292167527667,-954.1167398642042
10117855,1,0.20912449177987197,0.17669804029444539,0.6116008311914529,14562.361373712436,1862.53640258954,1573.7350011640963,-288.8014014254438
10120058,1,0.2451442899520973,0.19541509137293958,0.7525453241408514,18166.713075792264,3351.4349977600054,2671.5734494395706,-679.8615483204348
10123577,1,0.08726950615044803,0.0886830638382156,0.5507948053010703,13476.94415237223,647.8042347137297,658.2971170106612,10.492882296931498
10125796,1,0.09853784298016653,0.08275365803779468,0.5411563540714689,13239.261717661338,705.975420702771,592.889460343519,-113.085960359252
10128704,1,0.06655196461974662,0.0505607668937246,0.539933794601219,12521.08108552184,449.9282053911755,341.81883647872513,-108.10936891245035
10129096,1,0.1325917684561805,0.36974782580643684,0.5891187385765337,16865.326334565616,1317.3893523010063,3673.69599504834,2356.306642747334
10133119,1,0.026358005572429434,0.030026698188567146,0.5251778475802009,18185.513685779173,251.73553067938872,286.77385253136555,35.03832185197683
10142702,1,0.29897362910566627,0.5916852850708809,0.7124312306366953,12148.565603730174,2587.6220049642016,5121.0465225406415,2533.42451757644
1017279,1,0.1275765907079628,0.08519296115502939,0.5722238578356493,3986.798785133663,291.0457556600615,194.35422767365262,-96.69152798640889
10224578,1,0.16352176269607277,0.23572672175657888,0.6021209356846191,14911.672752899762,1468.2014615263809,2116.503098410788,648.3016368844071
1036749,0,0.22956669686233447,0.10527032007231261,0.7021830780011444,14386.147562030474,2319.0160540393304,1063.4101792558643,-1255.605874783466
1039478,0,0.3265225567912237,0.2746275108105867,0.7630131143957279,15059.314828639832,3751.8926499715444,3155.5949745580197,-596.2976754135248
1040716,1,0.13309955761224465,0.06578687567814384,0.5499072598867346,10553.98315345983,772.4714939602862,381.8080769744068,-390.66341698587945
1044522,0,0.13141307412385686,0.16882717262725982,0.5716027045631991,9420.693873277272,707.6454870954784,909.1164452645662,201.4709581690878
1047002,1,0.11347967428868942,0.15246386348066246,0.5512142165421463,12452.304208800815,778.9116734381048,1046.4947470720579,267.58307363395306
1048279,1,0.13591220921821592,0.11757987526539872,0.5532280919854907,2934.6543819227845,220.65798997855447,190.89483635966613,-29.76315361888834
1053763,0,0.2854905096610909,0.11115248122596377,0.7449410173580389,15402.299289268023,3275.6622950848887,1275.3418395211995,-2000.3204555636892
10538008,0,0.3223074721958646,0.31554563864555796,0.7636090619553865,14253.698441169625,3508.076166591475,3434.4786574841646,-73.59750910731054
10576349,1,0.03953371504651992,0.043545195514301784,0.5410873790283935,20482.11453670352,438.1368908646596,482.59457914035266,44.457688275693044
10576471,1,0.0831242962043951,0.0784180486995133,0.5423295222554942,11261.42853758675,507.67375545234626,478.93079516289424,-28.742960289452014
1058603,1,0.104941596899834,0.11755892913561185,0.5672244755321089,5124.236438844196,305.02244028243376,341.6958813401738,36.673441057740035
10587761,1,0.24130542157754759,0.2465900081960593,0.6936152546387498,12668.791356108319,2120.415154058065,2166.852227355333,46.43707329726794
10595316,1,0.186701226470677,0.16283858385698238,0.6939240230334521,9749.080288882486,1263.0563907113758,1101.6227256935279,-161.43366501784794
1061194,1,0.04233790589983609,0.038498350004071126,0.5132732566013292,6090.3366414626635,132.3485868957934,120.34610858914026,-12.002478306653146
1068029,0,0.12550292743629243,0.12122281275439725,0.5525265380623849,14292.090725121894,991.0664232182421,957.2673873279998,-33.799035890242294
10706293,1,0.11597754583003343,0.06919024572189722,0.5593508745246336,12949.93074168461,840.0897418887383,501.1833562585591,-338.9063856301792
10706535,1,0.048307608766744774,0.05530125623796772,0.502900982454281,15569.423923114839,378.24271148068294,433.00212206190855,54.75941058122561
10737288,0,0.09342262597628517,0.14516025194613566,0.5686328460742562,17114.79744340303,909.192357368466,1412.7047948385605,503.5124374700945
1074628,1,0.04907561896462085,0.049945095624860436,0.5330932910489351,12473.816904420932,326.3385412124304,332.12030720758565,5.78176599515524
10746878,1,0.20421700341033927,0.1884739592311661,0.5870573074307238,2764.2472235251316,331.3975395082362,305.85017558543706,-25.54736392279915
10766672,1,0.19308054483328593,0.2032423563391891,0.6993772966734619,14328.044088679017,1934.8039033971716,2036.6324567824129,101.82855338524132
10766860,1,0.05129206659091583,0.05344859970118758,0.4992950296638347,3056.696881589696,78.28162171869617,81.57290866387913,3.2912869451829607
1079295,1,0.24679113136180336,0.18402277679488213,0.7062757866844691,14516.78896559139,2530.3140668763963,1886.7591318227305,-643.5549350536658
1079344,1,0.03676911733698886,0.014947472813610882,0.5176947906706281,12138.897815248432,231.0661110197091,93.93356878707013,-137.13254223263897
1081622,1,0.09643815439427413,0.07559489087126448,0.5668488400144014,6061.37058943663,331.3500115109471,259.73504073870464,-71.61497077224249
10825381,1,0.09225084668547893,0.11145852392425257,0.5496923173138705,6630.830199309291,336.24662565582315,406.25700377455775,70.0103781187346
10854987,1,0.05516374910110324,0.05506271160277566,0.5301704354712112,8470.795280796696,247.73847877273124,247.2847228815426,-0.45375589118864923
1086701,1,0.1202690930049008,0.08017551930861548,0.5650101438989105,14048.427063421716,954.6363823469242,636.3934889111022,-318.242893435822
1088044,1,0.1937220307444245,0.3087750491110622,0.679263293701659,14470.37739163073,1904.131850027268,3035.010541892273,1130.878691865005
10915145,1,0.21705562088831615,0.21717334054976192,0.6187218705037333,5052.962100617958,678.5979531885124,678.9659893673509,0.36803617883845163
1096592,1,0.16552952380272443,0.20714273882361542,0.5438139055778453,10049.246932582973,904.6056420542977,1132.0185423462096,227.4129002919119
1104341,0,0.3070913139734949,0.5622168932807454,0.7305830079538329,13733.262884260137,3081.13575109087,5640.8842937969175,2559.7485427060474
1131005,1,0.042598810308661854,0.019075437052903158,0.535488467083005,5709.486890824934,130.24008539580595,58.32056183567325,-71.91952356013269
11325222,1,0.2515207725154459,0.24316804560059851,0.5936092734385536,13181.630018379667,1968.0841007006484,1902.726202527065,-65.35789817358341
1134691,0,0.18841234600241416,0.5477228730692726,0.6245704286633472,7072.379574969827,832.2548532564601,2419.4010054183673,1587.1461521619071
11367418,0,0.172576998578627,0.3509181017508032,0.5689606256125073,12307.268685246521,1208.444768748925,2457.251822738445,1248.8070539895198
11385529,1,0.32064166697403534,0.36168303164150506,0.7607816171934365,15387.991970908914,3753.7203854436325,4234.187595624342,480.46721018070957
1142453,1,0.31025511726116867,0.1510712997799681,0.7832780724915226,15821.564673541125,3844.8938389747077,1872.1789825659703,-1972.7148564087374
11427041,1,0.05472921337383765,0.07211032013181155,0.5382081934720023,15823.599816180396,466.0953841156959,614.1196865184494,148.0243024027535
11435924,1,0.1666958677811724,0.3281316863531482,0.5913830934693272,5491.89277093447,541.3969290585969,1065.710204356235,524.313275297638
11455954,0,0.22599671339750282,0.22504916273118894,0.6660625582094012,15548.000315012148,2340.4085995967034,2330.5958209299,-9.812778666803297
11457621,1,0.05578443619365674,0.023474846933384544,0.5186155570927241,15312.648815649107,443.0052885343218,186.42263055094898,-256.58265798337277
1146295,1,0.21792095832339853,0.41460547807239906,0.7350520455138067,18054.04098270905,2891.9548912038495,5502.088231697374,2610.1333404935244
1154584,1,0.10514406581127361,0.12887412371563103,0.5425159445550831,14030.650639648577,800.3410344598102,980.9707156921701,180.62968123235987
1162531,1,0.25683487215709,0.03843689782296022,0.6998572070562872,6000.76375709186,1078.6237014234644,161.4225850751255,-917.2011163483388
11626496,0,0.3121553676718964,0.2938743483175849,0.7061380447680576,12121.866393316182,2671.959744957211,2515.4795018788805,-156.48024307833066
11648585,1,0.09195269175498219,0.12280723360904915,0.5730812987500237,12017.891082309914,633.2992112316505,845.8014952448407,212.5022840131902
1164874,1,0.16671561382020614,0.20650297250066976,0.6355788848445071,12660.641929180772,1341.533316211143,1661.6956933922502,320.1623771811071
11655240,0,0.15868888223376632,0.19764622737890228,0.5860364352364066,13614.169554839358,1266.0832819471348,1576.9005408691708,310.817258922036
11677006,1,0.17305621163531495,0.13399419480841235,0.5779389771438501,12590.085258069168,1259.209085121049,974.982093169784,-284.22699195126495
11687474,1,0.066530713340548,0.05928500799061228,0.5476851866021644,18437.042332398873,671.8068494634599,598.6419269957767,-73.16492246768325
11687545,1,0.192523158174334,0.23183904234208835,0.6021592995315799,8375.846800633015,971.0086536023076,1169.302012764566,198.2933591622583
11716090,1,0.13765584558727118,0.12651175583662522,0.6393416750828288,13358.799319385389,1175.6961576972192,1080.516302130817,-95.17985556640224
11774669,1,0.1507547885470641,0.16592734064889708,0.6407700698188428,13044.593816120849,1260.0967579939177,1386.9178288088247,126.82107081490699
1180627,1,0.0670035087229029,0.05292227635066368,0.5214503400946073,12634.194090756404,441.42613779911323,348.6575031409594,-92.76863465815381
11925259,0,0.04632285065367805,0.0468401732804729,0.5242201119178044,14910.00717841214,362.06522033051823,366.1086789737002,4.043458643181964
11936229,0,0.07300879137903246,0.07980649534908499,0.5214774794298431,15103.518780965027,575.0278201977519,628.5675216832295,53.53970148547762
11945559,1,0.15120370914209053,0.2103320001435212,0.5983651791151927,9802.680399856668,886.8978474056631,1233.7197230559782,346.82187565031506
11945998,0,0.25785545209971666,0.2776127806461829,0.7282651465203052,15413.779503222479,2894.5095479902193,3116.29185142746,221.7823034372409
11985848,1,0.03681108449828548,0.013928425059703679,0.5247634792536027,19604.970580621884,378.7114276842427,143.29525499307272,-235.41617269117
119948,0,0.28646369257332344,0.3759125140264189,0.6866113826100552,2804.1086088087377,551.5379687822672,723.7567265977285,172.21875781546134
1200644,1,0.11923207589096187,0.12275446111685147,0.5720505086797597,6704.129412927782,457.26701066768294,470.77571250506026,13.508701837377316
1205696,1,0.1923357527088148,0.20984815680915786,0.5944323158946172,5929.7702069130755,677.9541080098722,739.6826537105301,61.72854570065783
1205885,1,0.15176153076872204,0.12316310765461524,0.5888865339371362,12816.576090999253,1145.4215301315928,929.5746722567105,-215.8468578748823
1215978,0,0.34315983102670006,0.3642921740179684,0.7664875798238375,4416.874502237647,1161.7605551847553,1233.3036680614498,71.54311287669452
122070,1,0.276673463294648,0.221898343360478,0.6540606612865998,4092.8100004336084,740.6399251346368,594.0098860835835,-146.63003905105325
12265105,1,0.09012026086233241,0.0904901725920851,0.5473581257856817,12440.382583000246,613.6599021627562,616.1787585632682,2.518856400511936
1227017,0,0.1424655592518963,0.16938736620892014,0.5454725445636548,10217.49258509234,794.0120885760168,944.0570558118599,150.04496723584305
1228439,1,0.045770532549347764,0.0291695207545044,0.5340155850348387,9285.997547215677,226.9700023258494,144.64778591675181,-82.32221640909759
12305538,1,0.08246751868853867,0.08889412470517945,0.560166833937261,6510.311532359201,300.7475446047455,324.1844808723019,23.436936267556405
1230823,0,0.175543109311469,0.16463416538395703,0.5917910328943357,10709.483975106144,1112.5530075702964,1043.4145581969592,-69.13844937333715
1234718,1,0.0603826662482398,0.03603019533817241,0.5343552226000512,15897.825071551124,512.9559339305172,306.07960276894784,-206.87633116156934
1238419,0,0.3525379685357978,0.36086304881305875,0.7614420119941345,11827.513487226312,3174.944840806787,3249.9202279554997,74.9753871487128
12405449,1,0.1061983277710466,0.13493934749814562,0.5927082147213905,18248.113333880417,1148.6205825028867,1459.4778955468291,310.85731304394244
12418249,1,0.3669118737415855,0.3672084256564356,0.7656435199501298,12396.360976344658,3482.4315737009924,3485.2462052935443,2.8146315925519048
12428262,1,0.032407680887736406,0.02809285487622031,0.5094422854871652,8450.05048629863,139.5090070296165,120.93448778347191,-18.57451924614459
12467350,1,0.046670241765883747,0.043939308658262295,0.5276339103026164,16097.98551982317,396.4097085631928,373.21359137296304,-23.196117190229756
12476217,1,0.17189997923742065,0.204721517634784,0.6736178929122705,12865.588191919502,1489.7695213542754,1774.2170690809521,284.4475477266767
12495305,1,0.15446795124001358,0.22980796426537167,0.5913737523984538,10564.648048492092,965.0625542837968,1435.7610054923102,470.69845120851346
12508415,1,0.10939539093106984,0.092547252601267,0.5543335334162486,12993.644879763277,787.9545524882022,666.6005613837317,-121.35399110447054
1252133,1,0.22962452154266147,0.1920770227844007,0.5925937935984792,3798.503604267903,516.8778313798689,432.35955083419793,-84.51828054567096
1252250,1,0.040220910618898424,0.01682279877643138,0.5214657092235594,4082.6038579875867,85.62782164405616,35.81469417316651,-49.81312747088965
1253153,1,0.2644444193918706,0.24307480341245735,0.6624856352080998,12442.278072408559,2179.7705236647957,2003.624401462328,-176.14612220246772
1257031,1,0.3199615185357715,0.2801754859471386,0.752952447249283,11792.246458173899,2840.938588406797,2487.678372059808,-353.2602163469887
1259706,0,0.36434139268122007,0.27424671200697687,0.7744186800949757,11685.96079957647,3297.226331528191,2481.885117444253,-815.3412140839382
1260533,1,0.27172488659000327,0.199541147102609,0.603030230369683,4085.4520440240467,669.4353122863532,491.5997640148673,-177.83554827148595
12626823,1,0.12469857893730532,0.10097296153367731,0.5785783026588097,5520.2887256976355,398.27719559371735,322.49948871225143,-75.77770688146592
12635431,1,0.1391001240338869,0.16136266411675834,0.5612644198917762,14182.694134033154,1107.2705932933154,1284.4857908856052,177.21519759228977
12657022,0,0.22194523914779038,0.20009857848402648,0.6800023551883909,15184.052511978169,2291.627089933663,2066.056135612213,-225.5709543214498
12657771,0,0.2992560778673688,0.38079432861148854,0.6468373226892402,10098.971836089342,1954.8579803943394,2487.497789451724,532.6398090573848
1270822,1,0.12002513983248875,0.047689237415649996,0.5609658580162271,3963.4751951933094,266.8608068882644,106.03102312055422,-160.82978376771018
1270933,1,0.06998771722849963,0.06305479848996307,0.5302060462171344,13209.307755259582,490.1698143806611,441.61404451479024,-48.55576986587084
1279626,1,0.18846103739785036,0.24566329388464564,0.5922227587065284,4947.868533623607,552.2361366948468,719.8524969179382,167.61636022309142
12826686,1,0.14697808959958908,0.11956845305847492,0.5572280675787966,10937.580406246754,895.79130077836,728.7370545439923,-167.05424623436772
1284016,1,0.07504946606754186,0.036697379176541735,0.5645469113350801,14374.4132701058,609.0287146943673,297.80035546724696,-311.22835922712034
1284498,1,0.08872088889866277,0.22295564112038266,0.5271170990026499,6228.706703098269,291.293551198191,732.0208495183886,440.7272983201976
12865841,1,0.05136050924628436,0.052292349932131985,0.5175648192488476,8362.955496592189,222.30736701409643,226.34071972783303,4.033352713736605
12886924,1,0.14159673263540556,0.11921961156703878,0.7078900625138945,21671.979798877583,2172.289159584213,1828.9932613329415,-343.2958982512714
12906556,1,0.08731385225294098,0.1013422545484777,0.5546101097849226,19586.895825957046,948.4982740709199,1100.8900769974816,152.3918029265617
12926647,0,0.12840659205161498,0.14777411906464843,0.5435994195413049,5888.394095425706,411.0202060998518,473.0142580979116,61.994051998059774
1293278,0,0.10688825183289498,0.15580930167415608,0.554189306423158,3449.742874599091,204.3500940466837,297.87787623506836,93.52778218838466
12957314,0,0.11810014555764524,0.1544231879310928,0.56786898254109,14860.972445045303,996.6572025323862,1303.190455547857,306.5332530154708
12975661,1,0.2262855883826311,0.2554843632505604,0.6837382217435791,13116.708517213749,2029.4185296220985,2291.284674889121,261.8661452670226
12977629,1,0.08178082276081487,0.0827150270239524,0.5577052338835072,5114.723077081217,233.280437265219,235.94526224059425,2.6648249753752395
1300973,0,0.15398259705321038,0.12298838143000385,0.6176637124297155,17676.59289080261,1681.2112494790451,1342.8105147745412,-338.400734704504
1305251,1,0.06733664164401197,0.03749095809348789,0.5124300524762854,10898.277714591253,376.04854703516213,209.37219281808362,-166.6763542170785
131223,1,0.2351638415409998,0.3848241056477631,0.6975709859533755,11588.057458011433,1900.945188468412,3110.7228358073744,1209.7776473389624
1315864,1,0.17587719711996738,0.05337546201659838,0.5813992051421462,4159.721608475954,425.35176156297615,129.08635778128584,-296.26540378169034
1324592,0,0.36843379686819827,0.24653808785013817,0.7805902176375362,13786.794060734395,3965.0243111153604,2653.2026112994977,-1311.8216998158628
1326990,1,0.15450900987344776,0.14985233094376052,0.5967706274606364,13941.084524885733,1285.4577566382286,1246.715912034842,-38.74184460338665
1332275,1,0.17768654756528884,0.13247237390764918,0.5821365548177589,12925.42390895927,1336.9778609095945,996.7700623570664,-340.20779855252806
1334851,1,0.07855380155207628,0.141807445382634,0.5467944618889946,15756.556616524333,676.7879674028272,1221.7559281262259,544.9679607233986
1342320,1,0.21136823341202438,0.23056280573065,0.6112481100135928,14082.851102375538,1819.4822972751506,1984.7114046662718,165.22910739112126
1347165,1,0.13364069792105804,0.07929939907145776,0.5530718771013868,5098.493720493876,376.84451594326293,223.61110142755638,-153.23341451570656
1350501,0,0.15621146098346622,0.1287508323148062,0.5477033264834719,10180.265508069371,870.9984409980831,717.884421011024,-153.11401998705912
1355421,1,0.1951213075882481,0.13833935045643544,0.6008486185866633,11389.23592299967,1335.255433760084,946.6847659180065,-388.57066784207757
1361843,1,0.1663770095975976,0.12077372349367427,0.5856410355655717,15225.228434585068,1483.5036918967962,1076.881145540049,-406.6225463567473
1367035,1,0.32146366146018446,0.6989995024229454,0.7662093887721647,14215.21743119208,3501.3285352290127,7613.385888866544,4112.0573536375305
1371276,1,0.19895561211859708,0.3112556434214642,0.5920696334694762,4987.638416620266,587.5217418800281,919.147019004216,331.62527712418785
1380466,1,0.05949292718623962,0.06740046286869397,0.5332667791357358,4245.843698301919,134.7019458912819,152.60593034807147,17.903984456789573
1384528,0,0.1653950161872799,0.12294178047650853,0.5620106719075318,5418.070194618513,503.6300191680915,374.359353052291,-129.2706661158005
1386114,1,0.2518503023165903,0.19950082912475875,0.6018666036157362,8989.267404274786,1362.595724743589,1079.3672842468159,-283.22844049677315
1386344,1,0.1767836532613144,0.1646323503708319,0.5808927500748748,4361.375308179664,447.87984696768603,417.0946268489306,-30.785220118755433
1386467,1,0.04402885370533846,0.02631410379892231,0.5204033157747874,7154.405952208618,163.92719695680287,97.97205498594826,-65.95514197085461
1390100,1,0.15395662142095126,0.1951314872160288,0.5663573962965214,11298.129607597251,985.1344372549563,1248.6033148498634,263.4688775949071
1399492,1,0.19046012239460858,0.21649121717100808,0.66923282339534,14691.568961979865,1872.6191938161046,2128.559004740597,255.93981092449258
1399809,0,0.26707445561044096,0.40920170032788555,0.7701893018779407,16554.76656406897,3405.2805271048687,5217.446118535777,1812.165591430908
1401232,1,0.1329711800774281,0.09957393828984004,0.6262531133098921,16392.97285496774,1365.1021184917593,1022.2410151348445,-342.8611033569148
1404791,1,0.07481837831857859,0.10936618810186478,0.5593808603205815,7494.048688428098,313.64069213086464,458.4660574428082,144.82536531194359
140561,0,0.17599221441704813,0.0029979361964726082,0.6127202183557431,3732.031985859351,402.43989255240433,6.855355077971728,-395.5845374744326
1407871,1,0.11976903840168746,0.059999878844480166,0.5744167720916704,12870.031395231314,885.4239827898317,443.56481777212383,-441.8591650177079
1408147,1,0.10171696817438973,0.1838731968844588,0.5395815543792374,4159.993518143521,228.3195793901087,412.7320321010556,184.41245271094692
1409444,1,0.05809510032229186,0.04860533858400403,0.5188773295164677,17246.491516760805,519.8822158255668,434.9601082332216,-84.92210759234524
1410965,1,0.12491058834695337,0.14218457036617294,0.5584294044622933,11220.245892802566,782.6541760233806,890.8880282757043,108.23385225232369
1411292,1,0.1368823214073817,0.12910913294857576,0.5311009891678021,10252.792105901219,745.3609285190051,703.0338339195094,-42.327094599495695
1411367,1,0.046091471935283984,0.054119159995238184,0.5285015410556511,6083.271621164549,148.184931573937,173.99409660844688,25.809165034509874
1412236,0,0.1464823421433372,0.1873482332269747,0.5628874589734013,7249.37809100385,597.7335035050532,764.4902053290596,166.7567018240063
1412629,1,0.0992504413612465,0.09769499103697496,0.5464669612219569,11414.644684066181,619.0970778381618,609.3946046070963,-9.702473231065483
1412945,1,0.06153467252480173,0.10135176912222095,0.5245676898299985,18498.24903292419,597.1068490563366,983.4753810132454,386.3685319569088
1418826,1,0.06429546961483204,0.09183100872314827,0.5498498309576269,15448.181170759028,546.1372795774565,780.029099800594,233.89182022313753
1430898,1,0.13101902114265482,0.1388863389914,0.5491398375123377,10548.813109376979,758.96351587633,804.5371063590352,45.573590482705185
1431264,1,0.2745090919226574,0.25064430752563543,0.5880224829497808,4235.325093155614,683.6556637176363,624.2212205735049,-59.43444314413148
1432546,1,0.10620900087278436,0.043951079085406915,0.5549156716457165,2735.33161681572,161.21234632629643,66.71239277938339,-94.49995354691303
1435386,1,0.37811589844375754,0.2611173702846595,0.754410127395621,12169.823617478443,3471.4965022112833,2397.3285475184416,-1074.1679546928417
1435776,1,0.07065265857789275,0.038030243364712266,0.5298453620922957,13222.66458875921,494.9902302697145,266.4386492910039,-228.5515809787106
1446629,1,0.140098168301589,0.2470236762169972,0.5872169917870486,16227.357628099722,1334.992662138885,2353.8837025646017,1018.8910404257167
1447759,1,0.1286676190850823,0.12356475651375129,0.6433368755216471,12452.60085770528,1030.7842595558877,989.9041185024754,-40.88014105341233
1448148,1,0.03386936888704524,0.008291466498985324,0.5288422372078928,17211.129328287083,308.2780519701738,75.46869706393707,-232.80935490623673
1448907,1,0.2654665966016465,0.29438250260977467,0.6783194367067984,12946.723568795804,2331.331431171054,2585.271329450215,253.93989827916084
1450467,1,0.07670477308668719,0.06506369961361838,0.5288045984203923,13457.836853871682,545.8745811927055,463.03011335804547,-82.84446783466001
1453722,1,0.0656281380858538,0.06105993380338161,0.5535685961882567,17039.820466480705,619.0511612569873,575.9606173469335,-43.090543910053725
1457987,1,0.09886676584318112,0.07721938610187794,0.5219821535787884,10686.748032806026,551.5076645406893,430.7522646574942,-120.75539988319514
1466057,1,0.039344136281309915,0.02409076680060877,0.528661971881852,6694.448329624858,139.2428427302265,85.25963891755934,-53.983203812667156
1477727,0,0.12421841803620137,0.12413812627478801,0.5660486822244389,4873.472848923383,342.6717706076594,342.4502759172287,-0.22149469043074532
1479479,1,0.17179894202672485,0.11114183034737478,0.5821423729924016,4872.662731664726,487.3220348907474,315.2630760551455,-172.05895883560186
1492996,1,0.11498842938567057,0.025489241208634224,0.5877351329406241,8298.818638314697,560.8569009430265,124.32395944565677,-436.53294149736973
1493013,1,0.09132185953516901,0.0960130645834474,0.5516764452320703,4992.917218068228,251.5437628062795,264.46556899754864,12.921806191269155
1497145,1,0.06961948702196034,0.05756905832920357,0.5280414933698379,5057.33689304264,185.9177070681753,153.73723335915193,-32.180473709023374
1498148,0,0.10733149977711456,0.07317204973922564,0.5536072185063726,14746.270418148031,876.2159126205233,597.3504001501016,-278.8655124704218
1499546,1,0.07135070320832188,0.06279862385645037,0.5473113796741034,5736.584278187609,224.01964988095528,197.1687046762982,-26.85094520465708
1503259,1,0.184761334410799,0.10839779645967912,0.5627575877905692,12079.516484278825,1255.977907914804,736.8708288136561,-519.107079101148
1508768,1,0.1572599939461937,0.16196409561423583,0.570156012730432,10824.757823666772,970.5773500783475,999.610128326003,29.032778247655415
1510541,0,0.08384494955816472,0.09125028949261314,0.5589915574808293,5685.685911680968,266.4802464094902,290.0162711894787,23.53602477998851
1517073,1,0.1942581336831547,0.10795551503933289,0.6274143484373396,5238.21529140691,638.4354626661901,354.7991936539439,-283.6362690122462
1522055,1,0.20873377106459945,0.1967995279915809,0.5901150271381176,1920.4646403168772,236.55694812484066,223.0319296041932,-13.52501852064745
1527168,0,0.1501680515400078,0.19077634366965157,0.5937064255338371,15789.817328450692,1407.7528027376259,1788.4358872795062,380.68308454188036
1531359,1,0.09523225193497985,0.16557173609436077,0.548169599123908,9361.465531974742,488.70056722292173,849.659644724594,360.9590775016723
1532221,1,0.14438540437535566,0.1594128686170628,0.6772753454602054,12729.392092071748,1244.7903815004092,1374.346710461394,129.55632896098473
1533756,1,0.23228660886468316,0.34130328973455626,0.7498882357907389,17986.186044889844,3132.9956767862873,4603.372258252805,1470.376581466518
1536618,1,0.2836897733632728,0.2162169536784531,0.7320919409901862,14344.532639120795,2979.1729046138494,2270.6059590387345,-708.5669455751149
1540037,1,0.1328324592240228,0.07317490307117433,0.5703683116051002,12343.081602415206,935.1541433504428,515.1588263593645,-419.9953169910783
1540719,1,0.1311387395893849,0.09267268144352422,0.5597972910691653,15144.301562994959,1111.7600057293814,785.654804790799,-326.10520093858247
1540996,1,0.13810897493301041,0.13134189615665942,0.5551407107322036,12935.350709797684,991.7522329840186,943.1582477598132,-48.593985224205426
1544754,1,0.07507277602707794,0.05319287374381435,0.5539473905745566,14985.041042532222,623.1734370349328,441.55002267055846,-181.62341436437436
1548324,1,0.22183025703801723,0.17478152690364882,0.599709676384617,3328.529825073012,442.80681014361596,348.890414831785,-93.91639531183097
1553679,1,0.09279862453044176,0.08996364271041296,0.5458300742137969,8668.278071966137,439.06804901064714,425.65459656995534,-13.413452440691799
1555551,1,0.08216734643646224,0.12562677971225977,0.5303817965472062,14036.738640941963,611.7219798404927,935.2701010734716,323.5481212329788
1557874,1,0.13235943469455885,0.1543537794769642,0.5820766613736211,6702.073344703524,516.3501009801375,602.1526897838341,85.80258880369661
1558137,1,0.07667830052824685,0.0818317780864223,0.5420833183911056,13255.441020954278,550.9760273131403,588.0066157884929,37.0305884753526
1570470,1,0.05074203090869805,0.048354586061885016,0.5134741426889163,5749.751284934137,149.80816450844023,142.759595029427,-7.048569479013224
1583080,0,0.06813690605414538,0.0714561274856379,0.5639090055245766,16782.980624967626,644.8527151652346,676.2660721296924,31.413356964457762
1585539,1,0.11617875982418992,0.14320338539049773,0.5603817292727129,14104.99612245572,918.2980759503166,1131.905638110324,213.60756216000732
1587615,1,0.12581809475625602,0.11889842721414322,0.5683983913199038,14792.318028936897,1057.8697046995837,999.6896259630935,-58.18007873649026
1590993,1,0.12861223749081585,0.14312651284402306,0.5693270477624225,11949.292090097491,874.9561495672699,973.697565816312,98.74141624904212
1592169,1,0.1550733096230877,0.11610620211575079,0.5554588241318901,10383.139184960917,894.3707801645642,669.6316395168259,-224.73914064773828
159468,1,0.19853901653649395,0.16413333154833268,0.6537664934382074,14322.133504747922,1858.9865282363178,1536.8347114120527,-322.1518168242651
1596727,0,0.2081677984332405,0.15125540712430074,0.6173293180407728,16878.71207383888,2169.0509666322782,1576.0395676017056,-593.0113990305726
1597838,1,0.11074859495767349,0.11682953778509331,0.5507648171015629,12495.267956289954,762.1667328052341,804.0155014412724,41.848768636038244
1598758,1,0.24518664627938827,0.1714319731081891,0.7358985228900343,19551.234072202635,3527.6778624354347,2466.5159608989056,-1061.161901536529
1600525,1,0.11304072371247216,0.09227146640022604,0.5477206486426894,8027.1485250603655,496.9988019488503,405.6839583902645,-91.31484355858584
1601804,0,0.35256945245305565,0.3247048002975931,0.791399216317092,14308.660751699677,3992.448144225244,3676.91264330895,-315.53550091629404
1602589,1,0.10048879063667097,0.10699226945930831,0.5580254215077233,16031.46490151732,898.9691998135204,957.1490934727933,58.17989365927292
1608264,1,0.32863849390717625,0.2996069436711725,0.7549143352521882,12801.70733937319,3176.0256306286437,2895.4591438783905,-280.56648675025326
1611984,1,0.049579696642782736,0.0528158706035588,0.5456539171455925,6737.521214443063,182.27255784298947,194.16988165490105,11.897323811911576
1613270,1,0.0423406421245611,0.30216700131027324,0.5329220654271697,5274.986648740866,119.02618317580024,849.4388144098481,730.4126312340478
1616096,1,0.21395108564233306,0.20813730166080013,0.6106076830921509,12860.460462292947,1680.0928272259373,1634.4389492047553,-45.65387802118198
1617724,1,0.12001140565023145,0.13523842972238667,0.6229870986862036,19457.13318468511,1454.7234082565337,1639.298434570353,184.5750263138193
1619677,1,0.07847144687849776,0.07670543951080883,0.5502766152789145,13753.36676258513,593.8841602172024,580.5187407657008,-13.365419451501566
1621692,1,0.22528441701566046,0.29045463301257535,0.6520512362144544,15536.189226107825,2282.2193186495765,2942.419113730768,660.1997950811915
1623369,1,0.36664237456291887,0.33522436114322374,0.7468510833244912,12294.22796325443,3366.4946910345607,3078.015827928939,-288.4788631056217
1625655,1,0.13220505471839447,0.1089190561514519,0.5802166070501699,16077.87647547798,1233.2948075978347,1016.0678552433034,-217.22695235453136
1635752,0,0.21728667795284298,0.3388221332234381,0.7429302333590491,18055.979929346042,2914.7559376213035,4545.073052407127,1630.3171147858234
1678024,1,0.179825382203786,0.14622167994113944,0.5834083139974343,11099.409517956075,1164.4570673749433,946.8567035655772,-217.60036380936617
1679733,1,0.10553449299730659,0.14853555796523976,0.5553407447004415,11366.139845862032,666.14222233005,937.5684088473713,271.4261865173213
1684587,1,0.08621814892562034,0.07108451659120142,0.550189773893395,9695.152905938188,459.90260704942096,379.17717914988435,-80.72542789953661
1687817,1,0.04845009657350977,0.034873068877164064,0.5306647493870061,16012.050111516894,411.6819512006981,296.31753195630904,-115.36441924438907
1689152,1,0.08747743474176622,0.09815404539715213,0.5546844454983786,17278.52202671262,838.3948800141894,940.7208768361643,102.32599682197485
1690112,1,0.08526830536031718,0.07883634388938689,0.5748041723206144,16604.190002932803,813.8141524620437,752.4264979166105,-61.38765454543318
1693122,1,0.20583524615703755,0.2285859103235997,0.612856959467612,14803.385531034819,1867.411010533708,2073.8131770955024,206.4021665617945
1693570,1,0.11109773642790391,0.12547300033033298,0.5620335067636097,14268.969531018034,890.963738027068,1006.2481648159552,115.28442678888723
1694564,1,0.10296872816932685,0.07896108315633933,0.5473403895390719,12420.59672609061,700.0117126810504,536.8006776244257,-163.21103505662472
1705457,1,0.1124665100083409,0.06926367250685397,0.5621840234142672,14889.438565977161,941.4126724583705,579.7788073456079,-361.6338651127626
1706147,1,0.1122857316198676,0.1440584579565893,0.5320377219390143,6277.807506825446,375.03775762468484,481.1596296296448,106.12187200495998
1815373,1,0.039943735824714444,0.0356058212049631,0.5411903907346441,9249.89772556011,199.95657460145767,178.24116590544932,-21.715408696008353
1816175,0,0.1865943570527926,0.5350274700951256,0.6745467014016996,13977.19861311905,1759.2625794763067,5044.385167896193,3285.122588419886
1825320,1,0.1722817850261207,0.07857178109480065,0.5806839668539548,13631.95040623789,1363.7576359289114,621.9628292121721,-741.7948067167393
185435,1,0.18479089062988754,0.24991559637257477,0.6348932269366444,14836.525245399916,1740.6580084859443,2354.1072981933266,613.4492897073824
1856108,1,0.3012280309241213,0.23957295722148406,0.7707056469880333,13048.855739888411,3029.3981359549057,2409.3437380493515,-620.0543979055542
1865698,1,0.2041552669644756,0.19398453987599532,0.5884747580988163,12810.295415139883,1539.0317266251523,1462.3593394525951,-76.67238717255714
1945593,1,0.3577437666359216,0.256709217270923,0.7795309632930753,13346.425644222832,3721.94899031718,2670.7903844457546,-1051.1586058714252
202406,1,0.18360976205139123,0.23398645871793883,0.6525929970853368,10361.357135372566,1241.5231445588931,1582.1577282496887,340.6345836907956
2083165,1,0.16128359123062053,0.1326018640805819,0.5644424899490753,3156.0346602306963,287.310599415584,236.216968892634,-51.093630522950036
2085903,1,0.2051351225450762,0.2099749250797409,0.6060677795993874,5778.846682975656,718.4596689717914,735.4104616191107,16.950792647319304
2091234,1,0.13015618177609073,0.12703702850426693,0.5606044380501184,12045.131914770953,878.8866990222037,857.8244468463251,-21.062252175878598
2093756,1,0.048025507457805504,0.07492179942592676,0.5357239317586456,4904.418918460198,126.1829187941608,196.8506286202209,70.6677098260601
218282,0,0.27933785782425724,0.2749050238257597,0.6614433273546823,10460.206747984634,1932.6922559679954,1902.0222135769714,-30.670042391024026
2218344,1,0.04523192751095102,0.04628706756068224,0.5306819123201236,16507.323607583934,396.23792968688406,405.48110219448915,9.243172507605095
2228766,1,0.13761499988683115,0.10621449586603432,0.6144348084103977,19524.265781564238,1650.8830027371923,1274.1903572556369,-376.6926454815555
2228872,0,0.08274689343523395,0.14398190443129855,0.6306167276052806,15908.571945647145,830.1343426323524,1444.4569291242574,614.322586491905
2296808,1,0.26220303475994616,0.3421448218220028,0.6296027232977286,12150.006295179379,2005.7685378445476,2617.2973917914187,611.5288539468711
2297605,1,0.3204142902034437,0.28880459657870305,0.6235933936462528,12348.078130832931,2467.2476920334952,2223.8473630656176,-243.4003289678776
2299617,1,0.09733763677025155,0.12033029177962708,0.5592881382680625,15012.642480823797,817.2850387358685,1010.3404031714374,193.0553644355689
2301741,1,0.1940254294678683,0.2850243282515821,0.6192342210003926,15573.473106230245,1871.1089648334876,2748.6684464496816,877.559481616194
2304723,1,0.2919089543298221,0.29974121224637407,0.7343678780388704,15364.930627391437,3293.7580434405813,3382.1334157212,88.37537228061865
2306822,1,0.12565744638436271,0.14017758797750335,0.5616696890033571,11544.516366971753,814.7886317698967,908.9402052913882,94.15157352149151
2306961,1,0.16140507958139788,0.16872573973291802,0.6873797150714138,14830.46451935772,1645.3892828447408,1720.017267217347,74.62798437260608
2307049,1,0.33515398121790346,0.3373438153022918,0.7567200275876556,11556.956235953226,2931.0490052700966,2950.1999370043072,19.150931734210644
2375417,1,0.05113960367916858,0.03834759647479594,0.5354309963083432,19053.333231841076,521.7132061245031,391.21240808880174,-130.5007980357014
2379264,1,0.2638700270323233,0.19189161144289468,0.6181838022052869,13890.72670730504,2265.8577935820085,1647.7775373010888,-618.0802562809197
2435703,1,0.16433311778007653,0.02866332526941837,0.5694010707575065,13306.6159135848,1245.1193885396435,217.1763215783034,-1027.94306696134
2476412,1,0.1413669034305314,0.09491309524637966,0.5700221358772305,13879.29764619186,1118.4252303330506,750.9056068750865,-367.51962345796414
249942,1,0.19240729742097085,0.18060925914421153,0.6100698401172426,3830.398007686813,449.6193544344436,422.0495770679266,-27.56977736651703
2514722,0,0.1302685941847854,0.11656894556160978,0.684895771481369,16965.219501178835,1513.643827996725,1354.4620335361265,-159.18179446059844
253425,1,0.20209414081587238,0.17790362663378312,0.584152663636812,3948.352241577304,466.1181069249835,410.3241258101593,-55.79398111482425
2605510,1,0.09526282462141823,0.07705580142173792,0.5635389406763558,15277.7686900973,820.1764899159471,663.4209828324987,-156.75550708344838
279430,0,0.19452278432051048,0.17160462575571098,0.6456546932562413,11660.095524004919,1464.444434457777,1291.9074749675121,-172.53695949026496
2827814,1,0.1516241996911404,0.1737137323241948,0.579103407215375,13123.247500994095,1152.3010597923608,1320.1752640106586,167.8742042182978
2828513,1,0.19780164476794965,0.22963502693489557,0.5773999394000454,11800.268226410324,1347.7163952012088,1564.6123219839694,216.89592678276063
2904855,1,0.1285172701616269,0.18840316572371704,0.5681931141455149,16070.795772084144,1173.531740599504,1720.368746769618,546.8370061701139
2906797,1,0.3060150398820011,0.2440008821835161,0.6925308552868983,14349.71421177869,3041.06113662894,2424.7880117186064,-616.2731249103335
2934668,1,0.22829817161853908,0.2582817821888467,0.5798286177502106,11913.240404108408,1577.001060866544,1784.116980117054,207.11591925050993
2935552,1,0.18147987369699253,0.1147041052442287,0.6834060528511045,17134.458342494923,2125.0916718279964,1343.1612763075882,-781.9303955204082
299092,1,0.14452648182503924,0.1335546710352033,0.5458984351489358,10225.593569332148,806.7664089276922,745.5202741116125,-61.24613481607969
2994794,1,0.2213714556357462,0.22415698218276783,0.6690150739317187,15475.25606955484,2291.898434854476,2320.737491430357,28.83905657588093
3055753,0,0.08918459702410306,0.14575646325823677,0.5571381622273889,16446.47319920658,817.1947036978944,1335.5603296853685,518.3656259874741
3067523,1,0.13065740905544782,0.10442171825111202,0.5439451857543078,12808.796889464576,910.327197633991,727.5357045180707,-182.79149311592028
3094753,1,0.04492952212675517,0.03270781814823033,0.5277257827026246,17099.08776080268,405.4273600290299,295.1432318094923,-110.28412821953759
3107923,1,0.27602893489404917,0.33432639588564655,0.6334551330985296,10091.290958569189,1764.4818586534957,2137.1413856871995,372.65952703370385
3146105,1,0.2274219358133121,0.17531965834893104,0.6330130321813934,7250.839728036406,1043.8384946388067,804.6954995659038,-239.14299507290286
3147017,1,0.07201672414502579,0.07718460905635204,0.5528687574703373,17761.248770393162,707.1782718699833,757.925038877256,50.74676700727275
3151584,1,0.1679029694439148,0.13542952357593463,0.5827630504221079,13992.248561730901,1369.1085930801516,1104.314742607925,-264.7938504722267
3153406,1,0.09934669973934149,0.039992162441727236,0.5607829186229668,11694.95706866682,651.5486557053314,262.2818850150295,-389.2667706903019
3155832,1,0.1607457983725117,0.20406417841929783,0.5500084458469298,13057.802746401034,1154.4605378258525,1465.5688892283936,311.1083514025411
3160031,1,0.13067254237523274,0.14088242640386994,0.6072748393877369,17554.631017737407,1393.0327735301753,1501.8750965408713,108.84232301069596
3164246,1,0.25115961432044104,0.2759215255742325,0.6941763023745171,14672.047785039857,2558.0576277190944,2810.2573937167017,252.1997659976073
317338,1,0.15321738996383963,0.12332789432585149,0.622282341559038,10336.534483972577,985.5314660382955,793.2749704655427,-192.2564955727529
3195199,1,0.1761966275277675,0.22790323357898368,0.5790685247274082,10231.980763710964,1043.968190677588,1350.3307625540563,306.36257187646834
3195362,1,0.23233424641480213,0.35840084093270946,0.6507103642592511,15396.924333910058,2327.7424662828944,3590.795891110683,1263.0534248277886
3197777,1,0.3636225141284532,0.3100087381171774,0.6511762419645971,12049.480137207067,2853.1041297090555,2432.432472142135,-420.67165756692066
3197913,1,0.09534394740494409,0.058012063264222785,0.5553010864598114,13648.94156733933,722.6377186939034,439.6892114811946,-282.94850721270876
3215500,0,0.2094486371048559,0.20712345286938097,0.7480667314864593,18271.89747677373,2862.869352826601,2831.0873427861907,-31.782010040410114
3217738,1,0.0633926313860225,0.06278910426916685,0.5449287852915143,19574.72086292858,676.198350122789,669.7606296535589,-6.437720469230044
3217840,0,0.21932498916466292,0.22678586152618596,0.5701026976737861,12890.952020557052,1611.855867917256,1666.6870613052286,54.83119338797246
3234869,1,0.1428166792749985,0.15491883117329558,0.5812263963858014,9710.868163959676,806.0877447438831,874.394866711492,68.30712196760885
3235946,1,0.07961794899220546,0.07082566356687206,0.5466494238744511,18686.89193012041,813.3115772883147,723.4968104202679,-89.81476686804672
3238911,0,0.10359135269703441,0.10868146286433177,0.5663399642212549,7377.271935330185,432.80922170498224,454.0759255614679,21.266703856485663
3254726,1,0.07020655589930093,0.07635810265469263,0.5390855188685542,16158.262395305912,611.547212146074,665.1313998399114,53.58418769383741
3255652,1,0.10044286742671575,0.04498499610830898,0.5749264670902714,10039.184814330714,579.7354449159761,259.6440882417239,-320.0913566742522
3287411,1,0.13429040906514053,0.07841620748962064,0.5721205674679363,15734.697511236285,1208.9016094980445,705.9139971712453,-502.9876123267992
3288652,1,0.04612215179263182,0.025074115680626344,0.5388500034058105,20889.395814133277,519.1625174958344,282.24053984435636,-236.92197765147807
3289642,1,0.049635471577380734,0.04487326712981687,0.5291333708917746,17191.10706237638,451.503529338174,408.1846679035045,-43.31886143466954
3292762,1,0.30936088217309526,0.24207283632352952,0.7295611229652015,14330.12062017787,3234.2748720472405,2530.798613666762,-703.4762583804786
3294517,1,0.059474115796961366,0.06851947319136042,0.549939106231338,10828.784086242069,354.1785797195387,408.04523737512955,53.86665765559087
3301091,1,0.18749261900208788,0.21147665974265567,0.7078558511625309,17767.682182225708,2358.0867559291632,2659.7330240596893,301.6462681305261
3345981,1,0.11229156698918126,0.13177398647062358,0.5520617842531982,12973.3464718135,804.242174375947,943.7769927596735,139.53481838372647
3349273,0,0.1861850949501264,0.17672246431953548,0.586985043179979,10891.475197537116,1190.3060819173463,1129.8102253959266,-60.49585652141968
3373165,1,0.044141212750380444,0.0248115243223006,0.5421069552596011,16696.717259306803,399.54006249064554,224.57919392200463,-174.9608685686409
3374804,0,0.1472237879836312,0.11306235941194016,0.5963175893349366,9460.950588924712,830.5970451168464,637.8674460674622,-192.7295990493842
3374957,1,0.13202305594730987,0.18173626904383783,0.569719161391853,15496.316079532866,1165.5719131394371,1604.4674112133043,438.8954980738672
3381366,1,0.031212209853400074,0.02056044075710991,0.5284934538399496,18974.67152834555,312.99571865864004,206.1798879648691,-106.81583069377095
347306,1,0.2274136478271438,0.19500442571580082,0.6670097237389858,1666.4682432402806,252.78175907578347,216.7572713026921,-36.02448777309138
3485361,1,0.16074543837361668,0.19265999781929266,0.5798294492186825,5890.932900881129,549.0640416596297,658.0757633876252,109.01172172799556
3538412,0,0.08180126056689656,0.08167929173115694,0.5669469969432525,13856.634739154744,642.62885864897,641.6706742254182,-0.9581844235517565
3544858,0,0.20619209205096417,0.1559239261339218,0.6182456877991703,4483.494435221016,571.5440869420073,432.20570249899947,-139.33838444300784
358967,1,0.17119000264737405,0.19072942384655697,0.5889448130260012,11072.311171065194,1116.3266232495184,1243.7428026420976,127.41617939257912
3595915,1,0.030539148734061473,0.03396966332792122,0.5321195372769547,18814.18012092135,305.73941437089604,340.08364354542033,34.34422917452429
362523,1,0.13734011345847513,0.1576670845934979,0.6009105735042921,7752.775578830285,639.8297952579063,734.5275601863393,94.697764928433
3628171,1,0.03566508638383541,0.02708903670364659,0.5160382865501086,15814.068185163618,291.0508096795795,221.06454422074816,-69.98626545883135
3632060,1,0.16456370780028784,0.20266211290484845,0.6593871968002182,12550.77339277456,1361.8995066471703,1677.1950223444314,315.2955156972612
3640261,1,0.041786934661386964,0.036570303172199975,0.5330489219936704,15707.681102430248,349.88043601846095,306.20177629444584,-43.67865972401512
364377,0,0.21492838640620338,0.5482031364306266,0.6224891288221943,12192.10941106996,1631.1894384593636,4160.5633449734305,2529.373906514067
3667487,1,0.07493124237674387,0.07078525382854127,0.5330635249088483,11271.828215991134,450.23189898557564,425.3203102006945,-24.911588784881133
369966,1,0.11190742387846596,0.14339208179184143,0.5990777706400839,17854.32580474291,1196.9763201283615,1533.7403047106602,336.7639845822987
371615,1,0.0716511890681641,0.07694013251347556,0.53281685198858,11813.553782510622,451.00558203266326,484.29662783263285,33.291045799969595
372465,1,0.13397411450286126,0.14619859721699968,0.5987138020012168,10014.274323322856,803.2664888219598,876.5606273493019,73.29413852734206
373881,1,0.04562792438169775,0.004258593749917668,0.5207176893637607,5789.738995686543,137.5599567113028,12.838891530307688,-124.7210651809951
374254,1,0.1288623999582568,0.2511799607465429,0.6072237397582546,16991.6929539043,1329.5712307819736,2591.6143860872617,1262.043155305288
3811031,1,0.21761746209621063,0.27051701464966615,0.6954849148554229,16212.279025722604,2453.7229523659844,3050.186329063753,596.4633766977686
384327,1,0.1790824873657328,0.16545794799274216,0.6660038214395386,8242.36964276986,983.0643029279624,908.2730796294496,-74.79122329851282
3847245,1,0.1615534257264338,0.19059847028579038,0.6399300036462451,13096.708417039405,1353.9754911753344,1597.4013318632155,243.4258406878812
3847287,1,0.2208272301588433,0.42175516440534744,0.6043328446601954,12880.534801100777,1718.9479194531411,3282.9971278981643,1564.0492084450232
386131,1,0.09607474270889733,0.08986907290870172,0.5306350228356908,11286.392382884897,575.3873183893011,538.2218407157048,-37.16547767359623
388774,1,0.15250191972130678,0.5492245107822313,0.6182287272264879,13509.078200592241,1273.6503167850371,4586.958468603217,3313.30815181818
390985,1,0.07738622574542343,0.07103039745212754,0.5614272453309368,7694.036215552108,334.2807567446797,306.8258567136125,-27.45490003106721
3918374,0,0.14290572337946827,0.1891975357226903,0.5948944223015669,15030.789550907684,1277.8248035708198,1691.7538234557828,413.92901988496305
3918702,1,0.1396010701533155,0.1050297237954108,0.5911763796462228,13993.07826843535,1154.8327308892917,868.8455082901212,-285.98722259917054
393966,0,0.12567159223825827,0.7760086115329432,0.5812292635266552,7680.967975387907,561.0486785830159,3464.4154523336747,2903.366773750659
402800,1,0.10316489327578106,0.09562261439319204,0.5702877956134705,16030.253757366234,943.1188130018082,874.1683698693685,-68.95044313243977
4074980,0,0.11944774989076143,0.07429896276083575,0.583535975383102,14448.146517636167,1007.0655644779082,626.4155410318978,-380.65002344601044
411233,1,0.13750877664698313,0.12115045580337519,0.6045070138132403,16263.123529575507,1351.872467747368,1191.0509979743938,-160.8214697729743
4114627,1,0.1718012472135687,0.180127182518828,0.5963503242209485,14758.801191019178,1512.0942246350392,1585.3742438081085,73.28001917306938
4115514,1,0.04659460865755499,0.03734944245457842,0.5306826926049958,12658.719996112563,313.01156657698937,250.90472546739852,-62.106841109590846
412286,0,0.11817098249743725,0.005888245404457241,0.556030186414243,5616.162732198224,369.01914590982824,18.38755373052268,-350.6315921793056
4124670,1,0.037907130384272555,0.026151815070377445,0.5343100485037082,21233.74030265634,430.07158780544927,296.70282390930026,-133.368763896149
4175547,1,0.09994068559637495,0.08836438904501806,0.556579225609093,13409.359406874642,745.8944020667705,659.4962075497302,-86.39819451704022
4186674,1,0.20006167925976015,0.21341530702864545,0.6243217606071225,11897.487527233909,1486.0302168893854,1585.2190992534659,99.18888236408043
4194856,1,0.12753234798855537,0.06447890846293573,0.5726203383699987,13966.776693409613,1019.9604087320624,515.6804125989662,-504.27999613309623
4195013,1,0.24021134914100864,0.24919198109466784,0.6956831750011849,14788.87305731935,2471.38327736567,2563.779343204426,92.39606583875593
421980,1,0.09405491576072568,0.006857515097808161,0.5387663653368601,3472.8128888464944,175.98001839432686,12.83064923604524,-163.14936915828162
4234640,1,0.14197587374234075,0.11559299988800789,0.5960591505982687,12604.420751333779,1066.6619463097413,868.4479340770803,-198.21401223266105
4255534,1,0.17748424288886208,0.15328996513177043,0.5901301162815774,13822.145750310963,1447.714916383185,1250.3654715539192,-197.34944482926585
426198,0,0.1164070127302948,0.1597293208555102,0.5581829097782188,13706.793005597878,890.618134739558,1222.0726781568583,331.45454341730033
4274633,1,0.1680288185241017,0.20669238480182509,0.5822510853707625,13487.877535461983,1319.5859855926099,1623.223782139972,303.6377965473621
4275069,0,0.10124156687718122,0.12054590615071352,0.5568243915627998,12910.034191346675,727.7873482505556,866.558944966921,138.77159671636537
4279227,1,0.03851252825007499,0.05640443477688803,0.5328055921812523,15885.04719176768,325.9562506929398,477.3869418010252,151.4306911080854
4307826,1,0.11722688405770242,0.12479796100765564,0.5438425277023383,12872.561627994142,820.6639701653498,873.6664031662783,53.00243300092848
432774,1,0.12484718892627347,0.07115553565792314,0.5763992562787434,5946.581455007228,427.9268649884613,243.8930789114612,-184.03378607700012
435880,1,0.18062195095515143,0.1931020897788366,0.6363560205199436,14872.32880548662,1709.4234789452462,1827.5367105479809,118.11323160273469
4384751,1,0.10172346718193093,0.1442476411763383,0.5417258579365449,7501.389141382084,413.3732943336064,586.1786300133765,172.8053356797701
440579,0,0.1850676448482681,0.45817976829437074,0.6096424720302064,13435.072515937012,1515.8133530696514,3752.763004340277,2236.9496512706255
4426061,1,0.344513631038408,0.24021263162010117,0.7589541962425563,11133.410904428958,2911.0536833110245,2029.7364256614035,-881.3172576496211
443197,1,0.05682085570341481,0.04488101216489534,0.5240582798062523,14510.606047057381,432.0886994360337,341.2933144992567,-90.795384936777
444732,1,0.20365684942750067,0.07497532660322065,0.6065562352260053,14429.889589552477,1782.5146199081614,656.2245079324275,-1126.290111975734
445312,1,0.10605208330330072,0.07221766685730868,0.579424529765794,16223.02496040746,996.8915565809082,678.8474123618016,-318.04414421910656
447472,1,0.11279628076338817,0.017687723751436586,0.5911167162485879,11294.610127436903,753.0767942282965,118.09089989296072,-634.9858943353358
449926,1,0.07018723594503483,0.04289820362180681,0.5234480791942969,5817.973569871143,213.74870597115952,130.64249345606518,-83.10621251509434
451896,1,0.059248653703947995,0.04855519733900187,0.5434849903680915,4677.602223303599,150.62231844450878,123.43734310445225,-27.184975340056525
4527740,1,0.19155284483413287,0.16785316825882032,0.6903446565955373,14046.324707418426,1857.4506231213334,1627.6394759117657,-229.8111472095677
454807,1,0.16210077614415774,0.17790758558123337,0.5790700111234498,3278.814511934157,307.7747712072911,337.78657789775866,30.01180669046755
459191,1,0.10115666130721512,0.046445975382165015,0.5530576766740839,3897.735226020214,218.06062168203422,100.12230668333619,-117.93831499869803
461751,1,0.16285060089671313,0.1658405867481504,0.6004110134516585,5448.748001838168,532.7638370817941,542.5455408413173,9.781703759523225
471062,1,0.14532379091361913,0.15842322458401928,0.5587461096980965,3256.932774994413,264.46001927318014,288.29834924766413,23.838329974483997
4714598,0,0.09164400584490573,0.15465017066282166,0.5577562248998887,13404.026621693,685.1470182729256,1156.1924026362417,471.0453843633161
475839,1,0.23489273784458686,0.159185529985728,0.5835264906251304,9025.112495969539,1237.0372876524657,838.3334370147843,-398.7038506376814
4767447,1,0.17440133779727704,0.3161950714817359,0.6219526026001608,6114.69472875298,663.2570601442897,1202.5057616637393,539.2487015194497
4777121,1,0.13730698214700265,0.17458565205562487,0.5861231436123957,7052.072348815203,567.5423202581846,721.629333789858,154.0870135316734
4785078,1,0.13649218697323992,0.11671625677748698,0.5727605421067603,15403.845907934998,1204.2316835120178,1029.7542849095855,-174.47739860243223
4787018,1,0.20210756097367033,0.1444194192790283,0.6196930491001187,5672.323882852464,710.4282233989425,507.64865484707553,-202.77956855186693
482355,1,0.15465520251253184,0.12608868141667695,0.5684378770722412,1975.9101294044394,173.70596429637408,141.62055744983687,-32.08540684653721
482435,1,0.14804468485741962,0.3441534427376687,0.5660148643233337,11225.898826207038,940.6797176794333,2186.759785835366,1246.0800681559326
483971,1,0.10683120841366917,0.012112326782147824,0.5503020052418459,11783.896061157446,692.768511550408,78.54482525171032,-614.2236862986977
488570,1,0.17740300681341128,0.058630691282084924,0.6038758372653389,10796.650156663904,1156.6385374758877,382.2625006972788,-774.3760367786089
4904708,1,0.15169849120977438,0.17606989439312126,0.586207111063166,13020.980326468638,1157.9132576184813,1343.939965120397,186.02670750191555
4934885,1,0.15263106467838114,0.12750109520183517,0.5757604896607932,13642.548295897694,1198.8926358936887,1001.5007392365495,-197.39189665713923
493535,1,0.12510458013331305,0.030610557809897652,0.5714598455896461,3948.4425964503416,282.28302170523574,69.06894012555672,-213.21408157967903
493960,1,0.07452922924277326,0.004272489855226431,0.5372798354615098,13026.210929564792,521.6092419363716,29.90196218595123,-491.7072797504204
496729,1,0.04887290718774491,0.008753084516297015,0.539613255760234,13335.736499745866,351.69629164463043,62.98842327934245,-288.707868365288
5029330,0,0.15076058881189788,0.13023687963804198,0.5502013852495035,9632.24848074911,798.9823431963441,690.2133248737414,-108.76901832260273
5037774,1,0.2549003634008519,0.23459885832009342,0.6910490836689587,14642.342263991539,2579.229006475294,2373.8066599521785,-205.42234652311572
5038368,1,0.05939576958776657,0.030228140694594705,0.5175295736692187,16659.35498319377,512.0930342114252,260.61822911463906,-251.47480509678616
505254,1,0.11341661162992277,0.06433241901067448,0.5644129958258575,12742.04525192355,815.6668579890407,462.66434279039146,-353.0025151986493
5065421,1,0.20311809561165692,0.24710750964757777,0.5936540314335118,12264.856436505677,1478.9194018719693,1799.2099092184199,320.29050734645057
510469,1,0.06212949326399836,0.008430395448759691,0.5318818935493709,4980.7459452664025,164.59150173562114,22.333538779086535,-142.2579629565346
5146740,1,0.10439910375918762,0.05426287929341192,0.5670797406550542,15908.31013257923,941.81358687533,489.5206485622135,-452.29293831311645
5146866,0,0.1957467165753252,0.19757791922076604,0.5939329912954724,15076.360980384034,1752.7842543147697,1769.1814803808998,16.397226066130088
516611,1,0.12595983568175612,0.0806261976211392,0.547490608916772,2850.715522138973,196.5905510529746,125.83652982600337,-70.75402122697123
5176292,0,0.12387316235673876,0.09653340467761751,0.5705678991778601,8812.215153081277,622.8301832919045,485.3667815148124,-137.46340177709214
5185241,1,0.09986028910780534,0.09952017176683814,0.5587392868043524,10392.148539658476,579.8389348134416,577.8640429073597,-1.9748919060818935
5204812,1,0.1669086332849593,0.1854463733261438,0.6548912938912509,13753.189676367343,1503.3200526762776,1670.2865887189873,166.96653604270978
5384625,1,0.08641256720758933,0.0859952676918477,0.5448467513040034,12871.953140047954,606.0322328178908,603.1056103895676,-2.926622428323185
538731,1,0.14072038754851454,0.08127130679437997,0.5868735462311325,4248.8161934154705,350.8887949343236,202.65145229212897,-148.23734264219462
542534,0,0.16863362304593532,0.07598086512876444,0.6231604592266623,7112.6258524404075,747.4360203262266,336.77053500367356,-410.6654853225531
5445356,1,0.10834024387181583,0.06570631290140397,0.5588268193611888,12435.078384794091,752.8623461279182,456.59680206087194,-296.2655440670462
5454811,0,0.25496898228663634,0.3461091146742085,0.7477091990633682,16459.34702136129,3137.853591548814,4259.497444780632,1121.6438532318175
5545392,1,0.11602104925680558,0.09414070515167401,0.5618163376512848,13273.818309632072,865.2209405043052,702.0494123508543,-163.17152815345094
5554850,1,0.11117495669491165,0.11018250058924556,0.5427124169710263,11058.25560656985,667.2112359938824,661.255057690631,-5.956178303251363
557710,0,0.3373718671513472,0.07954181996874103,0.7643143580191047,12171.13717529576,3138.427062146996,739.9437376630245,-2398.4833244839715
557861,0,0.3328779937593096,0.3592860849013078,0.7601644785714335,14874.749141775004,3763.9366673163827,4062.5397123559746,298.60304503959196
5610267,1,0.059660420113795354,0.04892911402009969,0.5415618430793906,19157.210696015838,618.9657816971484,507.6304734266691,-111.33530827047929
5625384,1,0.39871504437456173,0.44799516609557055,0.77070666106573,11548.97296686706,3548.910934128887,3987.546910569732,438.63597644084484
5629318,1,0.16644486469305414,0.1851521551535438,0.6273881725262755,20925.118133962213,2185.116749950601,2430.7092697726493,245.59251982204842
5636597,1,0.07977254731874306,0.07967663408160491,0.5492824938855492,15247.89226816371,668.1270160714972,667.3237043172064,-0.803311754290803
566043,0,0.25206039743924274,0.17260947972435012,0.7161971742744498,13696.194138601873,2472.5046852597197,1693.1566865499756,-779.3479987097442
5695122,1,0.1046882284619883,0.08691661797435317,0.5896002789444564,8770.259343788475,541.3373181188498,449.44125586460746,-91.89606225424234
574813,1,0.07968758464136749,0.022210279652863086,0.5364538378312748,7570.303380289816,323.6207084215453,90.19857318863816,-233.42213523290715
5764830,0,0.15529128227846703,0.07505879953627652,0.548708282412731,10917.958323233439,930.3150009910696,449.6603166671263,-480.6546843239433
5769535,1,0.08948406542244215,0.07796211281695196,0.5249600438347183,12730.823507358116,598.0375496003717,521.0343393609892,-77.0032102393825
5772046,0,0.2714711162975853,0.20962869844199886,0.6681860073315244,14641.88355973837,2655.9381320318257,2050.9027308451737,-605.035401186652
577364,0,0.22620445400286218,0.1797786338934148,0.7091855200087871,6618.379524535719,1061.7265543427118,843.8195894484021,-217.90696489430968
5782687,0,0.0548194905090233,0.04569806957639521,0.5526852020565096,21708.839730055886,657.7327152374955,548.2924978780494,-109.44021735944614
5783234,1,0.19812961461371964,0.214338191227786,0.6866478298931129,15072.752533889807,2050.5766867908665,2218.3301515905027,167.75346479963628
5784936,1,0.043060142997505164,0.04046892437011268,0.529739247803897,15437.771318575145,352.1455637756475,330.95459503079326,-21.190968744854217
5789759,1,0.12560363714455422,0.12645930652619644,0.5553331388743382,13241.121120306747,923.5928540294273,929.8847906664772,6.291936637049957
5791933,1,0.05240832784628188,0.03008284569794317,0.5199203918725811,5839.626232297318,159.11906028960814,91.33575397280292,-67.78330631680522
580454,1,0.1355346667008645,0.22964267640390718,0.6077612285617319,19294.832622882008,1589.3677591682062,2692.93956217874,1103.5718030105336
5854777,1,0.11511401891780018,0.1086667571073209,0.5357012572971429,8042.5321028154785,495.956612808163,468.17926510131235,-27.777347706850662
585531,1,0.16642791731603937,0.16184911842150135,0.6489718098523819,6317.640894942069,682.3496088876877,663.5766669122714,-18.772941975416302
591503,1,0.05231982008020373,0.04436527266443642,0.5554404845584616,16685.480399699343,484.8891743143153,411.1680888334636,-73.72108548085168
5937653,0,0.08799529732537999,0.1031599751253855,0.5354496541974454,12076.71521349647,569.0192129534915,667.081192272057,98.06197931856548
5954621,1,0.1649202194971802,0.17860797969533976,0.6303652613241605,16087.453044068698,1672.4512526484316,1811.2584392939398,138.80718664550818
596124,1,0.2121290719278719,0.1556124550487525,0.7134250334161899,8544.51558532605,1293.1115250640576,948.5935012975247,-344.5180237665329
600015,1,0.09869372496409079,0.09486225628683416,0.6006167784254551,598.3508805909987,35.46850925535213,34.09155765797029,-1.37695159738184
605634,1,0.10571224734446412,0.05170957281680719,0.5360704593314143,11937.22429253513,676.4731059538542,330.89955241372854,-345.57355354012566
607664,1,0.04714841868357746,0.01638694312645189,0.5252924044909587,13729.9751403821,340.04626068562106,118.1867576856577,-221.85950299996335
6134737,1,0.10709254863655951,0.11697231121904808,0.5560785751497458,16357.625743329874,974.1272321183859,1063.9947896748681,89.86755755648221
614426,1,0.0924965499668051,0.012008955480771046,0.6263313812381167,7266.994188307043,421.0023489490452,54.65931937616625,-366.34302957287895
6176151,1,0.09747991845732638,0.053572266949894407,0.5613215951726791,11680.788903164426,639.1445401196189,351.25616090708047,-287.88837921253844
6187642,0,0.08618674936994918,0.0769675538826606,0.5469382820672729,14935.188358157608,704.0273444226781,628.7191820418332,-75.30816238084492
6207602,1,0.12120643631275106,0.2429631150672607,0.5625446132620175,14478.581364882844,987.2079948730146,1978.8976307722605,991.6896358992459
6245382,1,0.036794690397112854,0.028067152534487053,0.5477870586305619,22329.00732416432,450.0557731614835,343.30453383407274,-106.75123932741076
6255613,1,0.2123423160228492,0.19573516079338574,0.6856137952198895,13729.973492810625,1998.8757356774342,1842.5449569209707,-156.3307787564636
6274714,1,0.12018630810998979,0.18291638684530817,0.540672209576827,12276.16038109722,797.7220484958383,1214.0853406043511,416.36329210851284
627671,1,0.1862967030907808,0.16124164095441684,0.5886395734777514,4784.225205513108,524.6458474788107,454.0861752458486,-70.55967223296204
6305040,1,0.07451444423158383,0.07411376306593194,0.5536540324941993,8034.704453290164,331.4735201662383,329.691111429079,-1.782408737159301
6307142,0,0.07167783374181472,0.13845455413508392,0.5227171248922415,14024.789952762285,525.4700472992449,1015.0100430241665,489.5399957249216
6311157,1,0.04617152888436099,0.05058832133287562,0.521709703323282,17305.99829161016,416.86921686288514,456.74714279576125,39.87792593287611
6315572,1,0.039740393416402314,0.03936448183695209,0.5200480777505663,8356.594457261624,172.70502905289885,171.07138090125585,-1.6336481516430013
632405,1,0.15201197927759438,0.03868770284177115,0.6438323628535233,7307.260299434878,715.1632593310726,182.01212688526022,-533.1511324458124
632762,1,0.18930878503562884,0.20308798147056514,0.6061774787315837,12552.255442683225,1440.430583981826,1545.2750367304932,104.84445274866721
6329873,1,0.13709532181602704,0.14877801863753337,0.5614789796090945,13246.316962084991,1019.6503675350374,1106.5407584692725,86.89039093423514
635339,0,0.12243263002820422,0.08269319074792476,0.5493994975092908,10774.091934843038,724.7131033789227,489.4842076122048,-235.22889576671793
636969,1,0.044309789150988516,0.03865998589716141,0.53442391314421,11464.301342514515,271.4770737112481,236.86187730020737,-34.615196411040756
639772,0,0.0465721167679832,0.04267105963842212,0.5203749742021944,13444.492078819538,325.82678235774426,298.5342953391502,-27.292487018594045
6455158,1,0.11544970631062493,0.1588016971978537,0.5531738199933334,13566.458569959574,866.4049871022511,1191.7447589025164,325.33977180026534
646284,1,0.2707135020788837,0.39850646587575195,0.7563985154576702,13176.117007050638,2698.037786576666,3971.6729859104075,1273.6351993337416
646871,1,0.09755950389601072,0.01035151116441563,0.5562252612137022,14031.289516670884,761.4087750544926,80.78896592239538,-680.6198091320972
6519083,1,0.06446659006121092,0.01789204899660232,0.5288460492516796,17527.69904077558,597.5701162632525,165.84953212098947,-431.7205841422631
6524812,1,0.1012047488150579,0.0960072073133207,0.5552615280582539,11796.388898914573,662.8992947916996,628.8549773412566,-34.04431745044303
6531883,0,0.04964400200469899,0.03449837504371162,0.5332121184836949,8700.04429786173,230.29698886583523,160.03689413635612,-70.2600947294791
6542087,1,0.23398031992027726,0.18226539612694861,0.698138542427003,16130.506872447315,2634.929258386378,2052.550510273322,-582.3787481130562
6570769,1,0.0737282847312244,0.06315382923835511,0.5233685288390567,10231.975830601965,394.8219053379304,338.19470071997665,-56.62720461795374
657671,1,0.24381088807217638,0.2863704198297731,0.6860236206656606,12054.702672546526,2016.2699088681782,2368.2291831109214,351.9592742427433
6578655,1,0.09849988309982094,0.07714721350696656,0.5944888619037008,16770.479818869175,982.0303854393801,769.1471850686719,-212.8832003707082
6580950,0,0.17078814765010317,0.21332424677987813,0.5714147022781207,15026.73795922778,1466.4722585284344,1831.7084310503442,365.2361725219098
6582947,1,0.10806946039872782,0.11844971433676582,0.5641922543013005,15593.924601868292,950.7920298561357,1042.1172079013986,91.32517804526287
6583546,1,0.19762630541579412,0.19028952804469473,0.615967356944244,6413.037083094899,780.6676810260258,751.6857852988862,-28.981895727139545
6596206,0,0.12382148482573478,0.14398378386627037,0.5550044949350956,14242.697714845885,978.7792753835392,1138.1574355851853,159.3781602016461
6606098,1,0.23728932374541278,0.2209628115893484,0.7023716446308728,13965.788569288148,2327.612237904873,2167.462641214505,-160.14959669036807
6607215,0,0.14357168427969896,0.13110095928743068,0.5945101919187343,8627.384878250723,736.3889659629186,672.4257664787227,-63.96319948419591
6624628,1,0.17179353041726012,0.18323084175457197,0.6907925092650649,20000.516726503112,2373.5350008865876,2531.555263402941,158.02026251635334
662719,0,0.3231937176735218,0.39878960459654866,0.737292381242417,13044.039786538831,3108.241618535709,3835.2677612951725,727.0261427594633
6635975,1,0.09786676843731594,0.09257324605970267,0.562424747808725,17590.664605916274,968.2375437804856,915.866476597143,-52.371067183342575
6644857,1,0.2748619724523635,0.24168501688385013,0.7752158060942278,16757.467059704366,3570.6365990442055,3139.6462705500444,-430.9903284941611
664737,1,0.04559106838820173,0.03975597047102848,0.5336202479451336,6035.647732637488,146.83715265206024,128.04379698186463,-18.79335567019561
668390,1,0.2153699901399525,0.38953020630525986,0.6775284139933421,14303.23038473793,2087.1171915707696,3774.8768511690646,1687.759659598295
675283,1,0.11675862072696377,0.11041763312616751,0.5583026905044485,13188.077161388652,859.6865976746705,812.9982930125811,-46.68830466208931
675873,1,0.13649507349628495,0.17281471758767045,0.6329596604404499,13678.708193450093,1181.7839683313075,1496.242007169365,314.4580388380575
6785539,1,0.09736422630689141,0.08892434857129759,0.5641892225235587,7513.755574884294,412.7444726995869,376.9663125091423,-35.77816019044457
6808572,1,0.12284609296923715,0.096749410451458,0.5830709287319119,8840.689851380892,633.240804649674,498.7189502152492,-134.52185443442482
6816728,1,0.04887543304620298,0.03301712590270662,0.5278724841073639,17284.121340797978,445.93026584492645,301.24205175453056,-144.6882140903959
6825510,1,0.05145762916590358,0.03561606566037958,0.5406516913590965,12132.704254612563,337.5397700865012,233.62597168304953,-103.9137984034517
6844785,1,0.10778078884111113,0.10576177903093008,0.5508415614395464,13480.673997316735,800.3494758020701,785.3568833318127,-14.992592470257364
6845631,1,0.09531715871019061,0.24989617991527632,0.5299172245286907,14186.151639533024,716.5454160351076,1878.5910598469377,1162.0456438118301
686248,1,0.13235339587490288,0.07802679921528474,0.6232556560106458,17483.49350052805,1442.2134238129793,850.2335470999584,-591.9798767130209
689552,1,0.08646039828303,0.0868243547870815,0.5398508789623347,8019.207172316767,374.30228470384554,375.87791648099,1.5756317771444515
689567,1,0.08752568201168001,0.13025991489667954,0.5404133469610383,5307.423192794238,251.04136519947477,373.6117915889652,122.57042638949045
6907127,1,0.09730375820501551,0.10523570094521806,0.557855892242316,3149.192985848107,170.94283986537576,184.87764405662728,13.934804191251516
6907945,1,0.14002869731184944,0.09300830714688742,0.6698154768864215,16244.947596334341,1523.6686837897437,1012.0343019146128,-511.6343818751309
6908772,1,0.10472112813717703,0.11343089546343983,0.5392303909592915,12434.244704742703,702.1470622444341,760.5453783221321,58.39831607769804
6919005,1,0.03762428345049623,0.03466492253111634,0.5438404176233737,15262.600261047446,312.29731345095405,287.7333781438513,-24.563935307102724
6919519,1,0.12811161125788303,0.13984376774710472,0.6171377160665458,19897.819986306404,1573.1715354002847,1717.238840904333,144.06730550404836
6919919,1,0.08318289192748907,0.10869841006017032,0.5204239186778842,8170.101992833059,353.6867102972911,462.1765627268702,108.48985242957912
6927604,1,0.09309816221259495,0.0777710881071127,0.5479878952306217,12410.8973150761,633.1626025960205,528.9228421091447,-104.23976048687587
7044917,1,0.22656475984796492,0.3522862562206737,0.6382088497377028,10724.942644087507,1550.7798895330202,2411.312517765348,860.5326282323276
7077159,1,0.03859666438839173,0.045901671084704485,0.538692430166197,15483.473160753254,321.92820790838795,382.85802533608324,60.9298174276953
708974,0,0.16942553186887596,0.09621287814877522,0.7073233835390438,17845.5808476051,2138.5901469852206,1214.4563511319222,-924.1337958532984
7094057,0,0.20188874548139651,0.22341905472831686,0.7031659076100633,14269.977776869357,2025.7843529106524,2241.822961114089,216.03860820343675
7094080,0,0.23823477175182967,0.26987128187973847,0.687825053964116,14489.427626858464,2374.2933189658415,2689.588832209962,315.2955132441207
7094135,1,0.1035464141203964,0.06721637843707233,0.545545330516303,13687.64803025376,773.205145532684,501.9203234907494,-271.2848220419346
7101000,1,0.12330952234387223,0.07377239126009466,0.6012522582070932,17272.07608164062,1280.5539447781946,766.117043097355,-514.4369016808396
711378,1,0.09345616433854048,0.017171223619829853,0.5625672957726563,15021.486972238978,789.7604104441295,145.10709603595683,-644.6533144081727
713156,1,0.16333285671120995,0.004496122273938718,0.6464795812368745,7957.667042888259,840.2608600919225,23.13016281627865,-817.1306972756438
7214675,1,0.1756646637262427,0.17465245935716261,0.6462794483162118,18187.763663938513,2064.8288352889053,2052.9310026562753,-11.89783263263007
7256054,1,0.3068844574433399,0.2529200096286433,0.7380303990749042,11891.526485665774,2693.3125305437643,2219.7039134308166,-473.60861711294774
7275851,1,0.07894827642680777,0.03863029659045228,0.5372167305652134,9661.37953282836,409.76166478450756,200.5010794212605,-209.26058536324706
7286846,1,0.099957557017047,0.10493103609789184,0.5407323111210751,5477.912894772138,296.0827302690812,310.814595564084,14.73186529500282
7296519,1,0.1699841912399782,0.24616104422815496,0.5779584487924454,13442.744063542033,1320.6662523511075,1912.510695166186,591.8444428150785
7335082,1,0.2997117211449999,0.3269734735002696,0.7162510310612629,13692.034565946367,2939.2530308870605,3206.6072335568742,267.35420266981373
7340406,1,0.26855616346065136,0.26611756256441227,0.6248499386631433,7132.186709306259,1196.8330109460826,1185.9652728330107,-10.867738113071937
7345618,1,0.13661891570305681,0.1078649989889889,0.5762817161527798,13713.151767116182,1079.649921399845,852.418108290187,-227.231813109658
7379939,1,0.09594422354038616,0.08998745088649387,0.5576801274871188,15997.842241233408,855.9835356068145,802.8391238962084,-53.14441171060605
7384907,1,0.08598557553314744,0.11911981389972588,0.5338112946144596,14200.702447805728,651.8132561924007,902.987196324358,251.17394013195735
7424822,0,0.07769264310478487,0.13956883867728925,0.5281053552826203,14116.12953873487,579.1833959204332,1040.458281754673,461.27488583423974
7436810,1,0.15400206045497541,0.11946414004108778,0.712805840161498,18509.166898303556,2031.8172927854873,1576.143233967928,-455.6740588175594
7446098,1,0.06331951774445212,0.03225503103205368,0.5347669030654454,12656.888862300537,428.57722248158757,218.31770207988015,-210.25952040170742
7496164,1,0.03133778452457276,0.029073548472133212,0.530134302349062,21021.696851041514,349.23838013313934,324.0050031350625,-25.233376998076835
7524967,1,0.19795680539837213,0.18432401062998455,0.6527833622515387,14854.61453391163,1919.5565022723445,1787.3614014818463,-132.19510079049815
754350,1,0.060899849506197826,0.12008267341200045,0.5424623255737798,12156.673811795647,401.60634418675255,791.8896985822151,390.2833543954626
7604694,1,0.21552837108199188,0.30680685189664963,0.5799867672202138,13060.225850595316,1632.575289774562,2323.98770809364,691.4124183190779
7626761,1,0.3408174424515897,0.24449109887730816,0.7887453465778562,12568.69758644642,3378.694306671502,2423.762932632051,-954.9313740394509
768450,1,0.12474437186587321,0.14694091120617084,0.5806313841553872,6339.846532992622,459.19823720349996,540.9062259858879,81.70798878238793
768498,1,0.07084409234699436,0.10659489007754236,0.5313073126919218,13306.432924857942,500.85392671304953,753.6050995104328,252.75117279738322
7688738,1,0.19355590670047457,0.1493150798581826,0.6816679482576017,14938.88779860279,1971.0496706307777,1520.5293601817914,-450.52031044898627
7690777,1,0.11444634271016722,0.1144612475805977,0.5720759574717046,15284.293464524826,1000.6932782936494,1000.8236031541945,0.13032486054510173
7691294,0,0.444133501705583,0.3603235355476225,0.7736614003364598,11312.150529461518,3886.9561302165434,3153.470229063163,-733.4859011533804
7709944,1,0.07339208419742217,0.04084176647988811,0.5499750887794521,15389.856678766959,621.1933743692778,345.6862550271446,-275.50711934213314
7710123,1,0.17097297695027086,0.27966858679975604,0.6343921254229585,16650.96936638497,1806.029246720824,2954.2074786259996,1148.1782319051756
7719218,0,0.14292088253692234,0.08685583370737453,0.5894688550786503,14610.862440678873,1230.9273038222666,748.0587532688486,-482.868550553418
7719434,1,0.07161717351462059,0.03933014175746371,0.5362838269747352,5985.703887180138,229.89371864662613,126.25117831097337,-103.64254033565275
7719548,0,0.1686867943206864,0.16710207666109606,0.6026371729015636,17063.156843217163,1734.588189168195,1718.29270767208,-16.295481496114917
7724577,1,0.1910041735632919,0.1671553444747275,0.587487556649749,12922.524030099761,1450.069699974379,1269.0136329993009,-181.05606697507824
773236,1,0.22015583734217029,0.22967280525871467,0.6855568231210809,12814.761395821582,1934.1234341064817,2017.7323490062465,83.60891489976484
777838,1,0.07640015849648611,0.06384858056558156,0.5487668827828983,14693.72351085866,616.0472419762539,514.8384864062061,-101.20875557004774
779459,1,0.05019910770557463,0.01891708496888122,0.5282932913823917,3536.267692429785,93.78129524943779,35.34064272876189,-58.4406525206759
786520,1,0.15742097509201386,0.20998087118111744,0.5701594698685679,5334.696515215957,478.8160042294267,638.6836420292079,159.86763779978122
789774,1,0.08690553853580854,0.29682621698755385,0.565130212205385,15462.474271964416,759.4076552023496,2593.7599057880907,1834.352250585741
7904714,0,0.23828850857724493,0.2896509889161268,0.6777778309107537,7139.530634643032,1153.081807272426,1401.6256502330846,248.5438429606586
7914728,1,0.17436552572216701,0.19282072360443292,0.6095393212900108,9928.409729383875,1055.217638790218,1166.9039956665251,111.68635687630717
791573,1,0.08649374490602293,0.04771920894035114,0.5585121513323834,11118.99014235809,537.1340358835281,296.3406349805916,-240.79340090293653
7925284,1,0.09019655513469121,0.15254340641970898,0.5563166453705234,6124.238638987633,307.30109702626714,519.7178103631438,212.41671333687668
7946430,0,0.15005563709083966,0.11354734504755473,0.5911175483168517,14498.36386726439,1286.0124186448336,973.1276922766102,-312.88472636822337
7946962,1,0.21379992953438476,0.256267097112406,0.5982248510340135,5769.97806357206,737.9826811728897,884.5684834194062,146.58580224651655
7955554,1,0.3778622857755432,0.3947046628667838,0.7555455760147525,11366.456646517825,3245.034468254942,3389.67471483644,144.6402465814981
799313,0,0.16153164321892924,0.44919991972464857,0.5841748636219866,8070.95080594326,761.5969166201592,2117.908708107694,1356.311791487535
803516,1,0.19762109859669116,0.2739072258850624,0.6045532987413879,12577.23044805275,1502.6330019245127,2082.682669022356,580.0496670978434
805934,1,0.05439132229650827,0.03825760182552012,0.5312224793793177,4056.4517231735217,117.20668240223938,82.4404775855749,-34.766204816664484
8065387,1,0.2274974551126724,0.20697276386728694,0.6184190398168222,7023.805681809971,988.1704960621197,899.0183149116565,-89.1521811504632
807170,1,0.16974938649264987,0.08567901274596336,0.6769247740526166,13702.588532881226,1574.5310838409257,794.7261052820564,-779.8049785588693
8096251,0,0.3066533385431408,0.2431466030807499,0.6876008446787134,13568.240028967592,2860.9325349423143,2268.444331371791,-592.4882035705232
810107,0,0.19266715556844644,0.3427013232973906,0.655924577329523,15117.129098975165,1910.429042963569,3398.1223169965433,1487.6932740329744
811317,1,0.16532618914263505,0.041640936624559304,0.5558030845474736,12739.417454589578,1170.6098575339788,294.84312886206936,-875.7667286719095
8127985,1,0.13663585871678277,0.1421099988166942,0.5702427629438609,13069.637272894179,1018.3287552621128,1059.1267882706215,40.798033008508696
814132,1,0.2334128746800581,0.2065998324233903,0.6034378771447434,6136.7810937862805,864.3666578283304,765.0735072111086,-99.29315061722184
8145843,1,0.053257478054081424,0.06064259472584288,0.5370590451786116,20704.61875567808,592.2020010105956,674.3215648824091,82.11956387181351
823416,1,0.1277230965842766,0.10179145959550197,0.5996680542566987,16308.850120671985,1249.1186549116696,995.5099311856316,-253.60872372603808
830066,1,0.06179048094246853,0.05351472444284296,0.5086593708960336,2568.877423392305,80.74060648275318,69.92681140150938,-10.813795081243796
8365408,1,0.2935949524429415,0.2660396834793052,0.7335955582290922,15406.583739837282,3318.2692822485205,3006.834082817085,-311.43519943143565
837638,1,0.15480495781063297,0.2116873615938813,0.5801855968676608,10829.44527418056,972.6531990999567,1330.050357399959,357.3971583000023
8386337,1,0.2720462634058113,0.26030272425104106,0.6132283237811667,14185.922788278656,2366.58748061309,2264.4279714405216,-102.1595091725685
842347,1,0.3161907842411879,0.24926996037240132,0.7454932047726799,4275.980490430605,1007.9259158694801,794.6014420061446,-213.32447386333558
849283,1,0.07970689031175086,0.06247647687262607,0.5391194904493835,8810.258836035571,378.59037315701244,296.74966116769826,-81.84071198931417
853033,1,0.05166815460905153,0.030064376071771495,0.5404482639657987,19618.483373287618,547.825832490055,318.76582344450503,-229.06000904554992
853314,1,0.2729141240219527,0.2024386759689684,0.7259203269538269,14715.025712908471,2915.251281799841,2162.437036629612,-752.8142451702288
8575023,1,0.11265301403072338,0.12089199617955486,0.5973303512265252,16106.44053919031,1083.8195281846172,1163.0856696376343,79.2661414530171
8581088,1,0.20041631178079983,0.18236638311602998,0.6881583740082778,16821.284686067975,2319.96068723646,2111.0199850670265,-208.94070216943373
8587616,1,0.06041101177657881,0.044397446551156114,0.5350325008771821,16941.513933056794,547.5811519344694,402.430024104587,-145.1511278298824
8589663,0,0.18339928505990935,0.1998403060713835,0.5933923585610729,14886.765147938822,1620.092922405821,1765.3278494073834,145.23492700156248
861308,1,0.08910641876451114,0.05078041972998321,0.5453998943896577,7241.139813775018,351.90948460679823,200.5479693053549,-151.36151530144332
8620219,1,0.10678751600532632,0.08846678922596955,0.5659034407680004,16047.872270664015,969.7957532416613,803.4152277686765,-166.3805254729848
8628412,1,0.10717676851562132,0.11275302698793664,0.5566429713770422,15248.652694543222,909.7223429003333,957.0539334335294,47.33159053319616
864379,1,0.11843791809177717,0.08183489376246006,0.567489083078671,15284.532598514197,1027.3074522794593,709.8199425755507,-317.4875097039086
8645018,1,0.05106695634981857,0.055810769019858764,0.5113802897376007,8578.137330327783,224.01492479683694,244.82456207480078,20.809637277963844
8649013,1,0.08590704063600096,0.040669647832458175,0.577667280113125,11436.7033389994,567.5542545720724,268.6884740572294,-298.865780514843
8658223,0,0.4285881319064706,0.3811464217818483,0.8171647681720354,11942.803762226302,4182.6937836943525,3719.6988212734364,-462.9949624209162
8659033,1,0.18217025195623457,0.21576038623673457,0.6646249912499271,17090.094059991356,2069.1814654053233,2450.715127061478,381.5336616561549
876146,1,0.21215135000077417,0.11516268470590027,0.6673243891222437,13924.285640640472,1971.3136132694165,1070.0934408410146,-901.2201724284018
878665,1,0.03314962152564583,0.023856790221340435,0.513464886159928,16273.525140470349,276.99438328353824,199.34456534813174,-77.6498179354065
879452,1,0.14430638126405335,0.12266173488956707,0.5876643800777815,3662.0160052977135,310.5525802666777,263.9725141484866,-46.5800661181911
8794630,0,0.14240073404065223,0.10624637363926469,0.5849459381443263,9329.862512281203,777.1470476338568,579.8358846379722,-197.31116299588462
8814672,1,0.08687846304682405,0.0790857442474286,0.542658084260962,15017.76730581687,708.0171497765176,644.5102878931048,-63.50686188341285
8814876,0,0.047382971789517635,0.07966278535024443,0.5223341031605925,15479.921778003769,383.1240713430744,644.1286712343159,261.0045998912415
8956156,0,0.16254625855727803,0.3423882559967487,0.6855095776611488,16552.726600364535,1844.420949189011,3885.097557592583,2040.6766084035721
8958805,1,0.21284302371643465,0.2093762890986905,0.7098041929696126,18920.27720847092,2858.416273020916,2811.859094530505,-46.557178490410934
8960373,1,0.17867440258938114,0.17335497913636758,0.5868418450357857,12287.839241060665,1288.4243781884757,1250.0659185801292,-38.35845960834649
8964954,0,0.11062550032636842,0.11957600645448169,0.5686059631468268,12798.602020106933,805.0617490920159,870.197817154979,65.13606806296309
8966389,1,0.0893367902723948,0.10630845402373114,0.5372945255210453,12568.350201246592,603.28292542822,717.8909712967992,114.60804586857921
8968730,1,0.3267486981246077,0.3879390884975711,0.7296864120638057,12060.9510639661,2875.6212238397047,3414.1402332847756,538.5190094450709
8971578,0,0.24714105238616027,0.3211726284052696,0.6609843248522896,5520.092604669035,901.7422438960284,1171.860861722103,270.11861782607457
8994742,1,0.25589409013300846,0.23265320085203656,0.6274693497057094,11166.29233879547,1792.9235271277294,1630.0860924626052,-162.8374346651242
8998831,1,0.0799024015262047,0.0641519123400696,0.5310468213191848,7025.351267411306,298.0991172818895,239.3373424983746,-58.76177478351491
8999439,1,0.1569858167197713,0.3997343952435477,0.6084592472100172,17400.709814565467,1662.1066115453496,4232.236994902392,2570.130383357043
9001509,1,0.34908376486306875,0.3626112827866467,0.7305206495314545,14199.901413280573,3621.1580199258046,3761.483308436055,140.32528851025018
9008219,1,0.07675502853621019,0.08296728177034647,0.5720085426772603,18328.738668769438,804.7146936986181,869.8451685850661,65.13047488644793
9045935,1,0.129494938249337,0.10372152918578584,0.5603909233403641,14527.66884514843,1054.2407930843244,844.4149915589586,-209.82580152536582
9078194,0,0.2810763544041293,0.32406111806961396,0.6075049750990577,10037.147804890476,1713.8960207944267,1976.000656231454,262.10463543702735
9187722,1,0.1323347536539498,0.1547931557207337,0.5768432998111511,13536.808768698367,1033.3514651744188,1208.72053520627,175.36907003185115
9197712,1,0.15453680740633163,0.1521626699030902,0.5694417476599276,3458.5434860455043,304.35082271272404,299.6751036107707,-4.675719101953348
9218516,1,0.3603217531405061,0.34003567594409767,0.7973996429328778,12987.650103213888,3731.6173070923087,3521.527641121991,-210.08966597031758
9236827,1,0.06607783846670076,0.07987333328523194,0.525272345751005,14643.029020330967,508.2428620127975,614.3519892504622,106.10912723766472
9255021,0,0.3924240817332448,0.388621126396556,0.7785102730468539,13505.545933825077,4126.027733826174,4086.0426770468443,-39.985056779329625
9294969,1,0.0553056373321871,0.04973544704638551,0.5505975532026065,17846.322476715126,543.4410175844176,488.7075397135616,-54.73347787085606
9564846,1,0.16806964893564202,0.09834577516207077,0.5913813907818192,12365.844876547046,1229.0816687644415,719.1958227890182,-509.8858459754233
9624736,1,0.21275450120636794,0.22008437187201432,0.727919055666388,16188.445795248164,2507.073123607986,2593.4474265776785,86.37430296969251
9685376,1,0.05737744140195722,0.015170370089470551,0.5300246956068304,14153.4345648452,430.426622064407,113.80310786836492,-316.6235141960421
9785225,1,0.03698712658433261,0.020392985409704627,0.5392571173977482,17377.04819667009,346.5951531419311,191.0964855564564,-155.49866758547472
9795450,0,0.3146032653996583,0.2685055091254378,0.7547370378956212,14868.600373388628,3530.4411626643396,3013.137516593687,-517.3036460706526
9808399,1,0.05322974438791685,0.01959581785992099,0.5334361116917689,16497.232000288415,468.43342346603043,172.44749437164836,-295.9859290943821
9815683,0,0.32270208073446643,0.3293694374989448,0.794045999323167,15090.671818440642,3866.8382163194224,3946.73106944278,79.89285312335778
9828058,1,0.3068153236149053,0.2708436681961215,0.7185777652833898,13198.661260335793,2909.917685862078,2568.7529908932042,-341.16469496887385
9838394,1,0.18278766642599528,0.24178791686093917,0.559617152550006,5816.836927613931,595.0107258301146,787.0684424248371,192.0577165947226
9845039,0,0.391266998925991,0.3913971623669112,0.7671184947588346,10095.150240010122,3030.0406812805786,3031.0486899352472,1.0080086546686289
9848529,1,0.14543428246239665,0.1600831194601615,0.6051459771213867,15087.286632058713,1327.8165711815413,1461.5606113407014,133.74404015916002
9854816,1,0.1971618531743987,0.10528843103962654,0.6049413979230434,10291.984983457429,1227.5391189069387,655.5308026809497,-572.008316225989
9876834,1,0.30868505950201164,0.3396250893404966,0.7262421482463817,13245.97261509952,2969.48347530929,3267.1198671682837,297.63639185899365
988592,1,0.4225665393931443,0.21295366544682098,0.7562550455244484,10872.177975861036,3474.4010138301396,1750.9347337104443,-1723.4662801196953
1008529,1,0.23364274004056404,0.17506163684544163,0.7545360300786981,17155.052380183202,3024.2961873144654,2266.0162295853056,-758.2799577291598
10091920,1,0.08067526636194124,0.045273609244807354,0.5425667417194711,9911.438156716657,433.8406601847784,243.46411743588433,-190.37654274889408
10124609,1,0.2527639580527135,0.3131882319217919,0.6898371258833765,11179.748760577551,1949.3676514692154,2415.372084028913,466.00443255969753
10129440,1,0.0581678419155631,0.04969599588323272,0.5278237773677468,14817.86407913688,454.94354617790236,388.6833661592525,-66.26018001864986
10139125,1,0.31865087349940885,0.19159653553595365,0.7364911664246186,15106.561945634945,3545.2616386571494,2131.6742053007047,-1413.5874333564448
10162486,1,0.036480605313976074,0.08734451292277867,0.5132335765407684,16905.797825204554,316.5284621164027,757.8554169209891,441.3269548045864
10163059,1,0.08919892357329283,0.08642994305618201,0.570817441294927,15313.423395696533,779.7028798616692,755.4987527603126,-24.204127101356562
10179952,0,0.21963729522715014,0.2312696464852097,0.5995075118951623,4414.161806488914,581.2312615351257,612.0142220944846,30.782960559358912
1038875,1,0.15252421403366576,0.12199448407265,0.6703644266585298,15983.094507613652,1634.2203840533327,1307.1096538782322,-327.11073017510057
1047612,1,0.3038273308618315,0.2730235987775189,0.7789811290159805,16091.567276777772,3808.483870098595,3422.358249177107,-386.125620921488
10484889,1,0.12334627074239221,0.11391735303160719,0.5877594851768612,10373.164196764657,752.0330416677139,694.5456314444614,-57.48741022325248
1051063,1,0.06421954292670125,0.03969937067268061,0.5221544864925575,13087.361275441846,438.85223590667965,271.29058834441116,-167.5616475622685
10537719,1,0.15138699796466795,0.1644814094602629,0.5739270988906118,12672.801767553683,1101.0776558446598,1196.3167722025921,95.23911635793229
10577866,0,0.19032975163710303,0.23910541468053034,0.6898550263800411,17529.55237503196,2301.6291020846197,2891.4658699498746,589.8367678652548
1059785,1,0.2605123214551122,0.203811622545658,0.6046646272411176,11347.04437801464,1787.415770981024,1398.3834100918373,-389.03236088918675
10614753,1,0.14857846939192257,0.064902124809857,0.6729807827365528,15311.494822690227,1531.0033283730552,668.7736756815485,-862.2296526915067
10645764,1,0.04678374872372344,0.05051704586381706,0.5180000276665657,17835.854592279004,432.23379935611075,466.7256314775008,34.491832121390075
1067922,1,0.049537327725342,0.020857616574468562,0.50855514003139,12300.455726942835,309.8787713331291,130.47398585708038,-179.40478547604874
10784990,1,0.05941185027109478,0.06713936633935892,0.5286733800535476,18065.518770639257,567.4282560129241,641.231898651879,73.8036426389549
10785282,1,0.12068139502810062,0.10791865218049007,0.5716073520510794,14677.32085886365,1012.4764170461535,905.4012863102082,-107.07513073594532
1081115,1,0.22682674599659586,0.2936724424078092,0.7230166212837575,12899.057548709314,2115.4390852959746,2738.857625516235,623.4185402202606
1089486,1,0.15223965246279123,0.1222952208466157,0.6679586534628322,14427.079304257555,1467.0867118344647,1178.5214332959836,-288.56527853848115
10975168,1,0.04454472077153304,0.12355831198295704,0.5211109610271398,15437.094367119465,358.3372926319322,993.9573137124565,635.6200210805243
11014569,1,0.2882437998926436,0.31398352451597245,0.7253152547595282,12671.161620874165,2649.1296679931675,2885.6928418447164,236.56317385154898
11074729,1,0.15697134443645078,0.08991954396142078,0.579272168403942,12254.211667020736,1114.2648188176124,638.2960196973918,-475.96879912022064
1118848,1,0.10402754892734915,0.1597633083967564,0.558892864721797,11827.386452207375,687.6472623041444,1056.0741146790544,368.42685237491
1121363,1,0.05642790600741617,0.04719921621555956,0.516259108238692,16831.87926399352,490.33655155333764,410.1428274179829,-80.19372413535473
11235820,1,0.21242193687289845,0.12756413097056768,0.6204374539735377,11879.613510568774,1565.6680279055286,940.218718971923,-625.4493089336056
11314930,1,0.07517213321034627,0.06085978845370717,0.5285500621891865,16954.578671598698,673.6433156896942,545.3854764425649,-128.25783924712925
11376905,1,0.12193035537266268,0.13001343372926705,0.5628269134080337,14685.517266194911,1007.8036902713321,1074.6136013196567,66.80991104832458
11395338,1,0.1687074796008313,0.1516078414815178,0.5936772913299431,10938.947566581863,1095.620917295465,984.5723660040233,-111.04855129144175
1140741,1,0.07896214426068218,0.03455575076051703,0.5427837420400284,14291.041516931731,612.5050094970314,268.047057813836,-344.45795168319546
1141330,1,0.07296957817493548,0.05580612193594312,0.5214361804960634,14942.946838385451,568.5638575403503,434.8297572201916,-133.73410032015875
1149480,1,0.3352204077835726,0.3615511322442547,0.7486483687455768,14400.019286122995,3613.8606850746182,3897.720401632886,283.8597165582678
11506121,1,0.10070695904224529,0.08859578083192254,0.5425922029839962,14477.756165140887,791.1052903981489,695.9657166659908,-95.13957373215806
11674939,1,0.13256864715266312,0.17231782417811625,0.5801182837244528,15074.02351042676,1159.2752557177437,1506.8705457842334,347.5952900664897
1167975,1,0.05177398805517,0.05893259472216773,0.5301634882456769,13769.443072704225,377.95301062521867,430.21123996599243,52.25822934077377
11698591,1,0.2570934561815223,0.2516001644836978,0.6153127683239626,12766.137907636503,2019.512201760015,1976.3614744861527,-43.15072727386223
11707764,1,0.15703630985734002,0.1655209378089434,0.5795619346157592,7422.935229602874,675.5781670920566,712.0794667291246,36.50129963706809
1172371,1,0.18945761087488552,0.3097400801803648,0.5972680635733141,13557.363999428318,1534.110372039962,2508.0832986698256,973.9729266298637
11744814,0,0.2933286070025996,0.35586017401250103,0.6197117324866251,4139.028820474237,752.3892618094818,912.7830264106717,160.3937646011899
11754985,1,0.15077267152383297,0.14822965974721436,0.5777762860712469,14014.680777189431,1220.8591234134979,1200.2674664702695,-20.591656943228372
1178520,1,0.10418300677504556,0.09493309814319321,0.5634662544799123,13951.081586935392,818.9788331375947,746.2656372677446,-72.7131958698501
1182518,0,0.1684766655551791,0.20665478326551912,0.5810727962963151,14759.279988090864,1444.8922905978168,1772.316078143869,327.42378754605215
11854781,1,0.18384368951256702,0.17933601629298276,0.7218464549534354,20613.24890642021,2735.5206816335617,2668.448304273688,-67.07237735987383
11905954,1,0.09980262508183324,0.12532275607809373,0.5801651118486054,16895.17597365089,978.2644985440452,1228.4126096920704,250.14811114802524
11916895,1,0.09064022237957434,0.09306065998903142,0.5475819558838854,8699.650106030505,431.78930092552986,443.3197124347237,11.530411509193868
11936354,1,0.13663669338021373,0.16034237093074227,0.5750734359087851,14449.841163860223,1135.412637267662,1332.400175534305,196.987538266643
11964734,0,0.08040299142327594,0.09136484367994624,0.583247952217779,15981.679484081642,749.4589431995914,851.6374574857637,102.17851428617223
1214210,1,0.09747995234254814,0.1072214324438391,0.57057460558725,15685.910755569123,872.443852226771,959.6299271244617,87.18607489769067
1215812,1,0.11541315823570625,0.13972309279699702,0.5616381986949001,12185.290273198352,789.8558562872219,956.2263505421324,166.37049425491057
1217481,1,0.06769610161119331,0.03190840059567579,0.5665518747504532,17054.814555747,654.109327800531,308.31291563436963,-345.79641216616136
1223224,1,0.09295426552185031,0.019232849262207245,0.5820214633460669,17176.14262310535,929.2529785075664,192.26855660423678,-736.9844219033296
12295673,1,0.29872202854340907,0.29344258315440613,0.6089244752006672,10939.845600082137,1989.9486645962063,1954.7794293279464,-35.169235268259854
12297391,1,0.22216001047967399,0.2934867802595161,0.7050874465222642,14046.608049273482,2200.292072102898,2906.7186055570546,706.4265334541565
12317080,1,0.3326868154988098,0.3225482980025268,0.786931198256741,13109.601188086528,3432.1150169104353,3327.5224796437265,-104.59253726670886
12327386,1,0.09459050359826239,0.10235368060790864,0.5411499990048754,15876.944939652953,812.7035153751483,879.4032474435475,66.69973206839916
12347431,1,0.0604873325346862,0.06508982020945571,0.5399260029861593,16350.213411258486,533.9764480091126,574.6067736920946,40.63032568298206
12386121,1,0.10362483621278386,0.10711727616913254,0.547594944265237,12799.335888523237,726.2911014220887,750.7690948766547,24.47799345456599
12396097,1,0.10485067534503519,0.09331228210957275,0.553451083811208,3634.61504413026,210.91569298445222,187.70527304985225,-23.21041993459997
12399135,1,0.042167180495948996,0.04544348826946909,0.5241765971674945,5737.919010793688,126.82550611233131,136.67960085305913,9.854094740727817
1241281,1,0.056256894605887654,0.05797310659374572,0.5305187527038574,5648.277397702204,168.57474555173482,173.71740408617396,5.142658534439136
12456903,1,0.024258478147580094,0.025369664503891557,0.5288423898806545,19334.862432903938,248.0452401462105,259.4072260433334,11.361985897122935
12485721,1,0.2989299509021002,0.22397289872474618,0.7287750850235146,13746.622521549933,2994.738837489517,2243.804397424772,-750.9344400647451
12485867,1,0.07471939043742391,0.09749208486197344,0.5636550686622803,16512.939362028097,695.4583456265899,907.4175211129136,211.95917548632372
12498289,1,0.12735984081722254,0.12657945005365567,0.6396237293416503,14343.040006814726,1168.418123065081,1161.2587021253776,-7.159420939703523
12506900,1,0.13248869722197423,0.13321781690328777,0.5789441393437657,15207.097293901803,1166.438420418109,1172.8576337336585,6.419213315549541
12519257,1,0.21703708640357713,0.30299718272391457,0.5841932982162554,14282.855822846497,1810.9463043349215,2528.1929340750785,717.246629740157
12528671,1,0.2037453698389917,0.17371815388950454,0.5931104775496799,5175.9999072195005,625.4860152010393,533.3042705721045,-92.18174462893478
1257478,1,0.056689941924235,0.007946793304764265,0.5186355872940931,12270.665694569649,360.7750120063956,50.573423655476084,-310.20158835091956
12597629,1,0.09484328072065935,0.09169911363071072,0.5811058023938906,18047.971531713978,994.695555482445,961.720219683197,-32.975335799248
1261974,1,0.3094080116708136,0.28840463434894814,0.7153743874968644,11540.634558807636,2554.433676158472,2381.0324314579384,-173.40124470053343
12676598,1,0.05132330814197771,0.02887576621538693,0.513787372677075,13895.377794058642,366.41093611275204,206.15188133788908,-160.25905477486296
1271078,0,0.06379735066567507,0.03103228362754343,0.5334512850121993,3838.618145864476,130.63884184505625,63.54529695369877,-67.09354489135748
127531,1,0.186921426524264,0.18190573882046632,0.5765170907432479,11442.395965783262,1233.0714592903848,1199.9842874702842,-33.08717182010059
12825457,1,0.18275309581737675,0.16734765989651243,0.5960188723688747,16742.258822752934,1823.6387237570764,1669.9124660650018,-153.72625769207457
12826184,1,0.05757519695269445,0.09380249911558373,0.5533765438357481,18836.439029062407,600.1433290936171,977.763812823448,377.6204837298309
1298010,1,0.11792923836738609,0.1271427133184494,0.5562873267242515,13194.459874908842,865.590091670992,933.2161760747122,67.62608440372014
1318140,1,0.125769781325408,0.07372203525051949,0.5669498488247134,2923.886465782958,208.48818790543365,122.20879591349207,-86.27939199194158
1323053,1,0.09963108677473524,0.09703901603586457,0.5792991184453956,8845.818703576682,510.54704799077865,497.26430555812976,-13.282742432648888
1335270,1,0.17465268611943247,0.12430923294815403,0.6030467488790813,14040.616572565408,1478.8101727696146,1052.544695059599,-426.2654777100156
1338650,1,0.07637491634893205,0.0721044762783083,0.5267258534571725,11738.308196442598,472.2162098188866,445.81263229880665,-26.403577520079978
1341831,1,0.11417141835475995,0.035865327072961084,0.5517886664379694,11120.368929693675,700.5665028492101,220.07300183461288,-480.4935010145972
1341973,1,0.12534162984772138,0.123700488936582,0.5607590498537863,12527.510010759695,880.5142468421234,868.9853720772965,-11.528874764826924
1351833,0,0.11454559041285252,0.18570134236049674,0.5634120633967982,7466.200317842022,481.84144714896667,781.1614852914283,299.32003814246167
1357119,1,0.09297519575775737,0.09467008253912329,0.5715646706043856,19328.288969694157,1027.131120432649,1045.8551569303684,18.724036497719453
1362288,1,0.2814369969748752,0.3310133632918271,0.6885492699711181,6557.903585327611,1270.811796567932,1494.670890517048,223.85909394911596
1362301,1,0.14461006072092916,0.20174037678531315,0.5828988899669859,9132.084383324855,769.7711895690385,1073.88053810326,304.10934853422157
1362317,1,0.20938780073701302,0.1381474556653269,0.6080942864882161,13167.543558236612,1676.5907353989383,1106.1615981072782,-570.42913729166
1362347,1,0.0791533127293837,0.1693271546189958,0.5283189566097416,11181.5175857885,467.5908894334622,1000.2845377328291,532.6936482993669
1364646,1,0.11918948648007643,0.004999329227342422,0.5751276035836463,5301.749740503095,363.430511025989,15.243867806947312,-348.1866432190417
1370589,1,0.14792070179229838,0.12907460378272465,0.5430920043852914,11391.837611978815,915.1581530895363,798.5608138502773,-116.59733923925899
1372054,1,0.2910787003262969,0.4796647651207312,0.7293229199299913,14867.940350041546,3156.320523129431,5201.259111970293,2044.938588840862
1372174,1,0.1082605548942513,0.04148071498445151,0.5500874881667809,12453.44671960508,741.6373317540623,284.16302512368645,-457.47430663037585
1373628,1,0.28038587662795406,0.30536724990775377,0.6031277166081006,10405.784057677862,1759.7064660941471,1916.4899839412524,156.78351784710526
1375151,1,0.07730321997034174,0.0792283760202495,0.516524539691147,5878.767172911075,234.7333538922268,240.57914319484746,5.845789302620659
1377262,1,0.1292329401571051,0.09217600336021244,0.5823095182897509,11871.40393231198,893.3655402338194,637.1971800562892,-256.1683601775302
1380471,1,0.08439133533900728,0.06749432021567145,0.5242387949583063,10405.16979981807,460.33732241710675,368.1675911588968,-92.16973125820994
1387538,0,0.36658513258474584,0.3742540658247143,0.7788801052370656,13736.17570266662,3922.0334719049342,4004.0821154188875,82.04864351395327
139079,0,0.23180868398266646,0.13252792683858142,0.6880943253448911,4593.170355730029,732.6393331869066,418.85907930404255,-313.78025388286403
1394001,1,0.1060985925948848,0.045200165331768974,0.5491168255023129,11967.178195805689,697.2140528145703,297.02741278747783,-400.1866400270925
1398838,1,0.12659962553014092,0.20318480720206047,0.5723547353160892,5496.1637065246705,398.2514459647782,639.1696889105733,240.9182429457951
1404244,1,0.274072170503918,0.2646859404258456,0.6336046690334981,11258.57766878585,1955.0903688463395,1888.133815060982,-66.95655378535753
1424910,1,0.06169110317127403,0.006441357377043732,0.5432780975821261,4542.999541496949,152.2605611741724,15.897992393314164,-136.36256878085825
1425176,1,0.1682949949055263,0.1365379827765418,0.5583296016648744,9600.292944812834,902.0826699799148,731.8610284630038,-170.22164151691106
1431662,1,0.13423939780783534,0.1402763938497191,0.5692918737568109,2619.2856243699425,200.1694699876547,209.17146431834522,9.001994330690508
1436935,1,0.14015082853810876,0.27026442116307764,0.5495606937650739,4888.669536200553,376.5321061272125,726.0979672632825,349.56586113607
1437929,1,0.05628898586139613,0.15060367254653645,0.5306503194394419,14775.831334554718,441.3506588207727,1180.853218121794,739.5025593010214
1444347,1,0.30349227257647937,0.3105197698021706,0.759156792341183,14957.536250911267,3446.1897300315222,3525.9877708890513,79.79804085752903
1448539,1,0.22518428241164426,0.24769664012735954,0.5952389355324132,12106.99875445322,1622.8033782089494,1785.039968441865,162.23659023291566
1455918,1,0.06605001288723272,0.049377985555650705,0.5206941370891777,11554.296257396814,397.3736753304251,297.0705188833407,-100.3031564470844
1463202,1,0.12361020402045185,0.03962862172232156,0.5627755676955831,13810.862487706188,960.7499246345105,308.0101326164836,-652.739792018027
1466591,1,0.27256198269600573,0.21038075244509863,0.6013593772414634,12640.237585035391,2071.832322774131,1599.1725577203385,-472.6597650537926
1469200,0,0.12491058834695337,0.09561125685107076,0.5584294044622933,11220.245892802566,782.6541760233806,599.0729083869513,-183.5812676364293
1469461,1,0.04956653999059474,0.07420933798079647,0.5223787653980796,11470.278096713262,296.9942669838294,444.64971614205757,147.65544915822818
1474845,0,0.15270838430176986,0.34643164723068404,0.5670026868917635,3960.7971563705905,342.94983690430325,778.0101757967145,435.06033889241127
1475118,1,0.1033527747359,0.10363729481533784,0.550886398749956,13980.031024890235,795.9619839154695,798.1531894004876,2.191205485018031
1477857,1,0.1052594713336916,0.07103011210821548,0.5228402129707918,9074.01636532062,499.3783677771539,336.98536576513595,-162.39300201201797
1477911,1,0.23116724157388324,0.18433866458725354,0.6070986073983589,12499.515316344281,1754.1983593059163,1398.8425902129939,-355.3557690929224
1486792,1,0.09739181893914568,0.03364053515614569,0.5511507223714097,15011.565294710328,805.7843673527643,278.32951097402577,-527.4548563787386
1487157,1,0.14797727472137145,0.07723271016716757,0.5836281534344263,15863.08302708263,1369.9946006680027,715.031386563947,-654.9632141040557
1487449,1,0.10431320950280856,0.18082833577912788,0.5712238901373847,14536.416760851384,866.1697975092242,1501.5168618843052,635.347064375081
1495233,1,0.12993563577805214,0.17855946559269684,0.555954087856346,4228.060457981143,305.42767936884985,419.7232181822396,114.29553881338973
1495625,1,0.15725881744113723,0.16428607525079494,0.5477858830559988,13695.066858069107,1179.7500331019087,1232.4682702631571,52.71823716124845
1498275,1,0.1873971134115667,0.25129782931116784,0.6539125315667533,15194.405003293947,1861.9424584702942,2496.8479481765803,634.9054897062861
1506555,0,0.1286246106312788,0.07404115910471723,0.5790203984392865,6952.629991113179,517.8059713498203,298.06857429476617,-219.73739705505415
1508386,1,0.3491277161862604,0.34332067717701603,0.7588556430921807,14209.271677172474,3764.5694490665555,3701.953390156824,-62.61605890973169
1517998,1,0.10873736059134034,0.15482263753993505,0.542210812383793,11551.183371510217,681.0412836873107,969.6815081830274,288.64022449571667
1520272,1,0.2542254081330994,0.5233788191155634,0.7678247176396702,17087.530494352843,3335.4953885161276,6866.849582135412,3531.354193619284
1525683,1,0.1300137369362996,0.2936975875319499,0.6060284707710456,16024.43774604203,1262.5979183215495,2852.175249878294,1589.5773315567444
1530078,1,0.16962023418040473,0.15674740582484545,0.5601853939117075,9664.49053521885,918.3080777472601,848.6157894451981,-69.69228830206202
1531025,1,0.1191075452526646,0.16348584709982938,0.6763637874034458,20086.5995688568,1618.177072209457,2221.0939604749055,602.9168882654485
1531355,1,0.10814552709023152,0.11377833797940383,0.5734304360892765,7073.041870967882,438.62717129026043,461.47327480658237,22.846103516321932
1531886,1,0.25659135668161015,0.4089361996308405,0.7763536423463486,17937.686271381575,3573.288172540046,5694.840638289843,2121.5524657497967
1536020,1,0.2718535477653624,0.27290929440853157,0.6276670337303787,11644.325312845145,1986.9120989553246,1994.628296871398,7.716197916073497
1538147,1,0.10112105910525529,0.10985604989857882,0.5549375142216452,13662.156886874007,766.6638085166614,832.8893936541431,66.22558513748163
1551060,1,0.050755439608760396,0.21691822507363362,0.5163343193970682,7782.170124428417,203.94558431157893,871.6211405414969,667.6755562299179
1556973,1,0.06459405265157772,0.0014123777107987558,0.5344256048933788,12877.793225365058,444.55063827184387,9.720297566763318,-434.8303407050806
1557145,1,0.08828620719922031,0.05448206705044452,0.5412811649823854,13013.249685639137,621.8727655875146,383.76225218432023,-238.11051340319432
1560726,1,0.2117084138633493,0.11873760707102149,0.6222639348832532,14590.285758484715,1922.1025159046994,1078.019758964451,-844.0827569402484
1563246,1,0.24667956209253583,0.27114446697754124,0.5821732047292453,4401.944652937782,632.1642893583287,694.860359838002,62.69607047967327
1563668,1,0.1698914540293546,0.1631888500170694,0.6000422958613073,12412.465840133567,1265.35231412452,1215.4312892792093,-49.92102484531074
1569143,1,0.13394399743136248,0.24033377630416836,0.5715174376414961,11372.27417966589,870.5627158460716,1562.0380832378357,691.4753673917642
1571825,1,0.14273301449468406,0.10842609816285483,0.5897842586638056,15332.29198818043,1290.6981766327099,980.469498900747,-310.2286777319629
1576618,1,0.3033508716598755,0.2650741005853218,0.7380316893537051,14442.101621924625,3233.334629143957,2825.3529123617654,-407.9817167821916
1579380,1,0.16561174775601184,0.17669986709508465,0.5789533095201721,13105.990526318526,1256.621630376047,1340.7555809590547,84.13395058300762
1598809,1,0.20326313528949624,0.16879144814295186,0.6696673129481455,13385.408536936151,1822.0041095948643,1513.0078149336655,-308.9962946611988
1610429,1,0.07846921645395397,0.05379796550307578,0.5317762242836133,8334.344049146897,347.7760389502757,238.43290645347733,-109.34313249679835
1627616,1,0.27025726341826695,0.21217142947655934,0.6082439435380823,14170.910313991446,2329.447449370236,1828.7841332075063,-500.66331616272964
1627779,1,0.1699338571578648,0.12271393488308924,0.5913146685309607,13624.137694727866,1369.0130622255815,988.6021689955707,-380.41089323001086
1635839,0,0.22992819365142422,0.25100569258060157,0.6216369618140298,14092.5493117092,2014.274337926189,2198.9227036897746,184.64836576358562
1638218,1,0.17456180744202437,0.18106721159951256,0.6131849810726676,16959.733905718796,1815.3475065459872,1883.0001585746522,67.65265202866499
1675561,1,0.19824814626788145,0.17933905005529394,0.608245006964128,14237.94696219184,1716.8606959565786,1553.1048944794452,-163.75580147713345
1681948,1,0.18867367972600652,0.2384504574124274,0.5613744095581035,9843.644974076336,1042.605166636715,1317.670166003641,275.06499936692603
1684701,0,0.27810879363819335,0.28895501609510266,0.719667950568021,15459.519677809134,3094.1608020840454,3214.832845343895,120.67204325984949
1690873,0,0.12011667416985346,0.09722733969667696,0.5702439315929476,14998.81770846788,1027.3560859176146,831.5839565597108,-195.77212935790374
1692488,1,0.12678559191579036,0.1465437739225085,0.573011653786301,13848.962006203656,1006.121850687567,1162.9152082484525,156.7933575608855
1695463,1,0.3486267856761241,0.3498326539901417,0.7764314079852838,13519.27370868802,3659.4617115754813,3672.1194564925604,12.657744917079071
178446,1,0.2852314552806351,0.22125536794425996,0.6892498496489992,1704.2001150659516,335.0384787541615,259.89090796210616,-75.14757079205532
182089,1,0.1083139261936978,0.09058501671571256,0.5792757587199431,13885.628631402771,871.2347698241051,728.6303706385129,-142.60439918559223
1864775,1,0.10289797561192686,0.21399690952200207,0.5690699946378339,6214.549341875187,363.90008611578065,756.8029724633493,392.90288634756865
1865625,1,0.26898338974599884,0.2802298395472593,0.7163825000496165,16282.982155797592,3137.6491360811933,3268.8372125502538,131.18807646906043
187671,0,0.24972431581216775,0.07720347756363774,0.7031081295829683,11488.090952067445,2017.1157322194317,623.6010645146627,-1393.5146677047692
1904626,1,0.2224989552392858,0.19999727067446915,0.6735380635669186,9900.519328587514,1483.7068303987028,1333.657123206187,-150.04970719251583
1954588,1,0.08859101117972928,0.04149777635978494,0.5664805913362952,19004.164299921536,953.7256653629815,446.74390598756264,-506.9817593754189
2044729,0,0.2194523070760809,0.0406835127249709,0.7207151831584941,14912.505834713207,2358.600839819066,437.2529437416186,-1921.3478960774476
2080810,1,0.03986247752205443,0.039062590899658516,0.5361303002868579,16753.743963837573,358.0523382942209,350.8676048475687,-7.18473344665216
2081461,1,0.1013052047002895,0.18833363367520095,0.5577829315115448,10928.019962561393,617.5021280049465,1147.9806976690143,530.4785696640678
2084926,1,0.037903573286683555,0.041979581156734044,0.5182925670459284,10014.349731480732,196.7333054778785,217.88926603504848,21.155960557169976
2094012,1,0.12023848682698064,0.05570546461536999,0.5712032163253334,8889.92238434565,610.5652957802628,282.86968987228084,-327.6956059079819
2185087,1,0.11586301776754462,0.12178068420163998,0.5471227973680898,13151.364151325197,833.6820491849214,876.2620921893889,42.580043004467484
2185655,1,0.11384870428736857,0.06820766789365393,0.6121636342309537,16780.65635872015,1169.5116779171474,700.6637855427323,-468.8478923744151
219178,1,0.15600129583943456,0.17809519713949737,0.6352366347059212,5898.580788556368,584.5360146108895,667.3217436886632,82.78572907777368
2227040,1,0.0948495180869701,0.11134786304959457,0.5537428510215725,8813.078828739008,462.8826639742858,543.3975471438972,80.51488316961144
2276704,0,0.2038010349665246,0.08937522406602455,0.5946418238138234,11559.471098930251,1400.8763403252087,614.3424974555371,-786.5338428696716
2296933,1,0.04114390390825217,0.039629180194582954,0.5220070479240689,10607.67929752464,227.82545428841556,219.43799988064583,-8.387454407769724
2300638,1,0.1858163402664962,0.17698046875332601,0.7181272044299251,19257.271875160288,2569.6859100712277,2447.493133601574,-122.19277646965384
2306410,1,0.16579002947597277,0.12281206644102059,0.5822360374593644,15890.724014154188,1533.9145830298987,1136.275928542614,-397.6386544872846
2306895,1,0.041353025789894804,0.042140329529935704,0.5346419962879627,8694.547259715604,192.22830408411014,195.88806198226425,3.659757898154112
2311047,1,0.09112939970189468,0.1701443964716751,0.5395010555243314,13186.440320271438,648.3035231183968,1210.4239908555758,562.120467737179
2365968,1,0.1619830035097218,0.0743451080817553,0.632201841030552,15843.723021695452,1622.491555651442,744.6726351101534,-877.8189205412887
2372162,1,0.12988618117021902,0.06627533268831291,0.5848192487341379,6042.040910018701,458.9530583135047,234.18400906085324,-224.76904925265146
2376224,1,0.08825469237997834,0.12289521864749776,0.561407466514323,15970.6044691992,791.2930363556682,1101.8805696866687,310.5875333310005
2383402,1,0.11382495055744035,0.11706258505044938,0.5652771681546501,14938.208843542265,961.1638792584241,988.5032043684408,27.339325110016716
254979,1,0.1289457896216343,0.10036867751524503,0.5591131686541795,10805.416896668237,779.0196541465333,606.372435071371,-172.6472190751623
2634719,1,0.2587352627085806,0.39243279227467004,0.7026404190957776,12460.888655325965,2265.362809298883,3435.9547417765602,1170.5919324776773
263697,0,0.21805728195713872,0.3415421616918675,0.6260458947102799,10647.697408045244,1453.5583390971226,2276.7020336337782,823.1436945366556
2826368,1,0.1608873836502584,0.19379061431583,0.5863151851737197,13747.75109803125,1296.8352063507434,1562.0521982719376,265.2169919211942
2826859,1,0.08855920940308022,0.052255244820781685,0.5335549521073342,14468.838889662806,683.6700686057852,403.4063430831998,-280.26372552258545
2837836,1,0.24979707977131316,0.2047106138142292,0.6942287812857489,15618.681239959606,2708.534259159714,2219.664502231418,-488.8697569282963
299146,1,0.20623233740964764,0.19121154750539435,0.6419501888268723,10846.206450029376,1435.9389027252219,1331.3532841743527,-104.58561855086919
3014877,1,0.08645834670792166,0.06247040850666959,0.5571174418315876,15546.001841981502,748.8113121739706,541.0530081491506,-207.75830402481995
3094822,1,0.047960990299233064,0.041067085953621844,0.5300330480405527,15598.976003156411,396.54016312392224,339.54154952746563,-56.99861359645661
3098666,1,0.10528740758149993,0.12299115673823684,0.556898775439693,5671.08509890371,332.5208329061188,388.4331737109991,55.91234080488027
3098747,1,0.08388586523653588,0.06879900939648906,0.5641904174466058,16464.686216975453,779.2341052292828,639.089009531781,-140.1450956975018
3105242,1,0.0746602158607798,0.055370597091173306,0.5423554351698009,17852.496558402396,722.889965031545,536.1201884234142,-186.76977660813077
3106804,1,0.04492139177509786,0.035886235294116664,0.5353192364385931,18979.086078648914,456.39549472105585,364.59948063795065,-91.7960140831052
3153465,1,0.09703662443409546,0.2238381026628668,0.552073196178556,13736.432237536868,735.8787987820774,1697.479844026122,961.6010452440446
3155261,1,0.0846499983079112,0.08341680383617289,0.5615505283586975,15255.804970198213,725.1885226664164,714.623862359309,-10.564660307107374
3159207,1,0.1945209363553121,0.20994257847395995,0.6124925007734393,13537.589064386342,1612.9037586916681,1740.7749534556635,127.87119476399539
3160159,1,0.19459306110817198,0.19449992481786668,0.5713760345921652,12136.173709873841,1349.3703238346259,1348.7244871049177,-0.6458367297082077
3188240,1,0.09548572358486247,0.06712631929073454,0.5410391151545104,7449.838169569159,384.8698995122566,270.56295737332937,-114.30694213892724
3195580,1,0.06140390135960652,0.05722794117666969,0.5377212115910042,13925.914221637708,459.80834571417614,428.5376723372629,-31.270673376913237
3196042,0,0.07093125132774068,0.061180852389568156,0.5339103519009752,13910.630980699552,526.8085231837408,454.3920189078308,-72.41650427591003
3196319,1,0.08334809342684214,0.10330545490408025,0.5475052461046342,7139.788789217064,325.81368311351866,403.82844242932947,78.0147593158108
321420,1,0.10320163388062027,0.13589266300225603,0.5301430737136403,6230.456183846265,340.87842217037786,448.8579764378969,107.97955426751906
3217888,1,0.03677892253453986,0.048234244097057205,0.5326784859524887,19390.08583497513,379.8777791653948,498.19614781004043,118.3183686446456
3236339,1,0.22557412871815474,0.18539949908857067,0.6861222013534276,15530.427094539526,2403.6662199098037,1975.5745735549401,-428.09164635486354
3239337,0,0.052771855881340334,0.02829674873316106,0.5398391302245343,20212.41683316138,575.8176527690382,308.7586586524692,-267.058994116569
3285217,1,0.0767500355740332,0.06913396482001048,0.5359342985409193,16007.061846914754,658.4180984367998,593.0818574055273,-65.3362410312725
3287178,1,0.07952063119340506,0.08102757670446328,0.5496925981325607,13919.588637713443,608.4516995044412,619.9820853112883,11.530385806847107
3292252,1,0.23936368919631626,0.21772096610184535,0.70453226652801,14916.207105699685,2515.4608501317157,2288.0185725783626,-227.44227755335305
3295625,1,0.09701197469133419,0.10430722047364886,0.5434246176313379,16046.148536994493,845.9320146949411,909.5456250967865,63.613610401845335
3298482,1,0.06401750670427984,0.05319126067802479,0.5270320499859454,13617.775518644423,459.45391115096527,381.7538985150009,-77.70001263596436
331651,1,0.20281067667900096,0.08802975865699807,0.6076097309953906,4537.16708438855,559.1139233214172,242.68280416840497,-316.4311191530123
3334959,1,0.2570497787039596,0.2896546731808664,0.597337301731326,10725.339875423955,1646.826828917413,1855.7148320478518,208.88800313043885
3345295,1,0.05535986088369068,0.0526975996519439,0.5358537655124839,18065.861224936543,535.9199778310528,510.1475326420055,-25.772445189047346
3345401,1,0.047064806702453936,0.016216391670330208,0.5405490286612343,13489.049539807605,343.17269102947284,118.24170028950715,-224.9309907399657
3347066,1,0.10693964808468685,0.09497969734445422,0.5576086759088533,14894.134370466114,888.1443157242217,788.815746231759,-99.32856949246263
3348616,1,0.13134149541432824,0.16190302850205038,0.5822990632982578,16326.186829945018,1248.627254490183,1539.1672931272828,290.54003863709977
3359189,1,0.11407949225420594,0.1224655663381753,0.5692935616476585,11859.8361462746,770.2337431779591,826.854237402023,56.62049422406392
3367283,1,0.08194058617182626,0.07344338037849117,0.555039120243635,17411.844212595726,791.8946945056339,709.7755335350942,-82.11916097053972
3371710,1,0.37134186317509327,0.3641462168814165,0.7602302866293428,11385.296395578649,3214.1298683872337,3151.8483322385578,-62.28153614867597
3371766,1,0.16457952571562107,0.21891441013081553,0.570778660688246,5644.672694770959,530.2519801829301,705.3113013766895,175.0593211937594
3381531,1,0.0451583073635639,0.045022144523310485,0.5412860957772695,18267.784178637638,446.5297496030516,445.18335815232473,-1.3463914507268555
3495621,1,0.11360168371059856,0.040194668513619074,0.5599854456737949,11576.211181845123,736.4240254375305,260.5623316581613,-475.8616937793692
350405,1,0.07699984405911842,0.057455045285489136,0.5770645664267762,9038.031131680042,401.5948054453491,299.658369639871,-101.93643580547808
350671,1,0.0689690217644116,0.013482747813156691,0.5342827644021978,5421.523656210807,199.7775062128821,39.054486581097485,-160.7230196317846
353851,0,0.14880212267379261,0.15412131374723959,0.5705813415773018,5806.770877285945,493.0164183855529,510.64014904622513,17.62373066067221
359176,1,0.30845143472657033,0.40717165419598944,0.6646157482192128,4367.925595045806,895.4320898171393,1182.0161107508372,286.58402093369796
3594918,0,0.3749869929214695,0.2731390853390423,0.7857772070286978,10583.469633625165,3118.485283412086,2271.4927025024112,-846.9925809096749
3605788,1,0.18172622905516755,0.08417873240603291,0.5787601205870552,12360.694149534636,1300.0470606266858,602.2042838875025,-697.8427767391834
3625197,0,0.10964035769699469,0.09049104872567428,0.5633988285165077,12536.62229407071,774.4028184068129,639.1489835103962,-135.25383489641672
3633536,1,0.23266013753700795,0.31981504000697597,0.6907776519719462,14579.68859663259,2343.195407217366,3220.960585842442,877.7651786250758
3633738,1,0.0276196664153583,0.03502968292750744,0.5212884393532575,13551.843429360486,195.11690480601644,247.46436855409576,52.34746374807932
3642576,1,0.06467558416107967,0.05924206457730734,0.53084996917747,16360.39251638636,561.7018774817419,514.5122279234566,-47.18964955828528
3644035,1,0.16818713948134756,0.12164471653029771,0.5708238289396026,11648.120573042614,1118.2804590061467,808.8187352295171,-309.4617237766296
365335,1,0.040615892718154266,0.03817402079988362,0.5331119105772383,14516.391517222159,314.32075692734867,295.4234490435458,-18.897307883802853
3667396,1,0.3325230269348669,0.38928463291631454,0.7740494056314605,15419.907695857577,3968.9184978417397,4646.411993626317,677.4934957845771
368104,1,0.19263169666240915,0.034189520220484874,0.6144917355483325,14457.42046760028,1711.3333270688172,303.7385144997623,-1407.594812569055
3696682,1,0.2089311810485093,0.15869897777022696,0.7285978651559125,19076.594655510922,2903.9691973136582,2205.7834583479575,-698.1857389657007
3730091,1,0.05440107392343553,0.021743784296502235,0.5444612528400594,18439.68835692646,546.1702347333405,218.30098041678085,-327.8692543165597
3732279,1,0.1670853729222842,0.21190805052392184,0.5826678221620801,11121.731520798305,1082.759179031567,1373.222459886914,290.46328085534697
380363,1,0.16198948767715823,0.2077424897632345,0.5838675635194982,13635.965481406538,1289.695171694199,1653.9621789368407,364.26700724264174
3807977,1,0.3049643175303007,0.3417703467057955,0.7541015114948082,15136.669180860965,3481.0411574394043,3901.166709961078,420.12555252167385
3810709,0,0.3775616382142063,0.30980723303747293,0.7859168971608643,14096.280697703256,4182.818567537271,3432.2010383144084,-750.6175292228622
382001,1,0.1272964315889495,0.04402938304339291,0.5517669264300674,10421.553769919277,731.9886852015946,253.18078285368324,-478.8079023479114
3914675,1,0.049551384766980164,0.04279378227217893,0.5495068374007389,18571.353122279455,505.6761192050503,436.7142078322209,-68.96191137282943
3915139,1,0.3357031254750384,0.29341599547982034,0.7778320350846362,14824.963285861255,3871.10397934554,3383.4770709932595,-487.6269083522807
3923083,1,0.11665307547257402,0.0892559757840825,0.5557980526308113,14956.592919321603,969.718960671424,741.9711115237898,-227.74784914763427
3925023,1,0.25833425960076545,0.20527504368958163,0.6920760762892045,15377.911377778757,2749.3700380016335,2184.6775396411253,-564.6924983605081
3926304,0,0.05522786412208757,0.07914103639483717,0.5521924924028007,16846.80445644282,513.767088570559,736.2236527045187,222.45656413395966
3929726,1,0.040496526396850016,0.027724835855720914,0.5384241557836028,20307.20032947539,442.78445136091693,303.14022771103026,-139.64422364988667
395560,1,0.1963980635483754,0.2638401585021311,0.5832046859313211,12363.732167825956,1416.1452326940168,1902.4422945188323,486.2970618248155
4094730,0,0.21584084138374662,0.2468388169351481,0.688736167614124,15976.026739339712,2374.954500094729,2716.0335148801623,341.0790147854332
4144668,1,0.13618174426589552,0.1217931832343421,0.5611269821986716,6197.493033616478,473.582986915011,423.545606739976,-50.037380175035025
4155131,1,0.24664202281814535,0.015489436944254985,0.7048452766108172,13772.48354905208,2394.2700315119214,150.36324409311044,-2243.906787418811
4166919,0,0.09981479239789066,0.08181822804424532,0.5567344246047595,13180.751728938403,732.4587365731032,600.396739824351,-132.06199674875222
4167200,1,0.2289467321064712,0.2785839243511481,0.6379278455596205,15496.030452507055,2263.2184228412066,2753.8994075080677,490.68098466686115
4176638,1,0.07228979084319813,0.08805421554949852,0.5515342156284961,7574.851006403544,302.0115297433244,367.87197788599894,65.86044814267456
421145,1,0.09756132710720812,0.0757104886726465,0.5606695140114679,3277.5288090752756,179.27971757811727,139.12638777471562,-40.15332980340165
4289440,1,0.05200892584808361,0.030333386987893327,0.5281753094471048,14919.812730785565,409.8447268634613,239.03548289403668,-170.8092439694246
4297539,0,0.2150628130940485,0.4091151855786932,0.6944838329220078,14304.255043506762,2136.4498719035983,4064.1804747582546,1927.7306028546564
4305692,1,0.08065901522750134,0.05555219293448595,0.5578412283130543,8906.123669606111,400.7303587976914,275.99456978052604,-124.73578901716536
4310077,1,0.17869031349761116,0.17044106697369302,0.5883000449089673,13285.70252055694,1396.6398073989835,1332.1638665892106,-64.47594080977296
443526,1,0.12087673294297106,0.11631521293515597,0.5846956378898078,11366.297425467143,803.3255561285252,773.0104945955643,-30.315061532960954
444021,1,0.1710018921377436,0.03327603978139983,0.5878716573900009,10349.600244222522,1040.4159791748582,202.45930076808253,-837.9566784067756
446507,1,0.12354085195150186,0.3030366046151452,0.5956102992279184,6143.487474730024,452.0513473942387,1108.8486380183672,656.7972906241284
446889,1,0.23244101349854693,0.48133775079351143,0.6554999427408652,4662.710687807426,710.4342451817389,1471.1638729995555,760.7296278178165
451762,1,0.10850139448287185,0.08369708567021347,0.5655887072545797,13666.165420641528,838.6538069787025,646.9306672498835,-191.72313972881898
4525356,1,0.035103306077973344,0.03642203729875107,0.5278930735835025,18043.709633497547,334.3642326247789,346.925344438414,12.561111813635137
457103,0,0.17085852096360415,0.17273449669793103,0.662275490730518,4644.050778136172,525.4994736534347,531.2693015520701,5.769827898635413
459777,1,0.16775535535025388,0.8968427344323984,0.6270820734805644,14297.93246853862,1504.0906809910882,8041.07145407024,6536.980773079152
460353,1,0.11807082455304704,0.006966333374700458,0.5515536469586007,13315.686989281508,867.1494129206486,51.16295171943158,-815.986461201217
468804,1,0.24664789517550845,0.7332829109010784,0.6268872133835658,11744.314239281883,1815.9107027355558,5398.693084694013,3582.7823819584573
474047,1,0.07354427072932969,0.09549770486218956,0.543347177523833,14733.664472611445,588.7582920271312,764.5063993373864,175.74810731025514
4767649,1,0.0255811986571516,0.03133245898134171,0.5242524376720435,22027.368597178964,295.40916701512174,361.8241557897445,66.41498877462277
477339,1,0.1376931120521771,0.15594195017201265,0.560571874881572,10458.403383194835,807.2515894858058,914.2388117146425,106.98722222883669
4775690,1,0.10344434472688872,0.10059197669759358,0.5523471729616671,7551.329082386258,431.4617348688554,419.56463540292157,-11.89709946593382
478574,0,0.1326072893613848,0.34057204158216325,0.5363160572486958,9874.368198144546,702.2593252226307,1803.5953623891046,1101.336037166474
4785781,1,0.4030501296686906,0.41659484685656994,0.7720935712796411,10624.01048104592,3306.111468177066,3417.21512881817,111.10366064110394
480299,1,0.21577846996063244,0.05462649773065092,0.631580579908985,14156.202446768073,1929.2283790275546,488.40363771271217,-1440.8247413148424
4804956,1,0.14803204375388926,0.1640610184665751,0.5390753939812403,12865.860594548685,1026.701237465572,1137.8728983809574,111.17166091538547
490678,1,0.050849157370682484,0.04570550863683881,0.5149109268887085,14763.80958865243,386.5576781252435,347.45541931784703,-39.10225880739648
491596,1,0.1395607554266325,0.06345139141845543,0.6058875196614051,5488.5198188612585,464.09891717757995,211.00288516420875,-253.0960320133712
495356,1,0.0953222693425942,0.07372058672797271,0.5579727061162504,5380.636951352377,286.18114590549834,221.32752537406947,-64.85362053142887
495585,1,0.11379040335384759,0.08802350818357531,0.6027806507433776,5560.423419830984,381.3930754466913,295.0297697192022,-86.36330572748909
499575,1,0.07818111818846467,0.0659710590650528,0.5291059965077558,2337.765917549731,96.70425509186688,81.60131592296388,-15.102939168903006
5027227,1,0.2545966298591731,0.241859660793179,0.691261172566988,13824.099234867723,2432.941446431222,2311.226167011733,-121.71527941948898
504547,1,0.13752118250226367,0.1522215675022386,0.5868823581563533,14292.117278895217,1153.4990045189732,1276.8027687462593,123.30376422728614
504692,1,0.051188783744886515,0.0466544056600913,0.5335516948869382,15808.690307270168,431.7647732310413,393.51841177649743,-38.24636145454389
511038,1,0.08237148894190757,0.5998708493711811,0.5486495453192138,5145.895961145701,232.5588876134261,1693.6114574773433,1461.0525698639171
5124646,1,0.18529076049144955,0.2145406072255154,0.6784233670882353,16347.658076927091,2054.991866733219,2379.391189086221,324.39932235300193
517031,1,0.0719620618446817,0.0003106362659481212,0.5481753402184308,14714.904661669527,580.4710242235448,2.505700181924532,-577.9653240416202
523979,1,0.18003940410667216,0.05405677792879841,0.6584791946035655,5670.150999737074,672.2088856313952,201.83051945012923,-470.37836618126596
5344978,1,0.2084097212325555,0.2763490646711382,0.6085308016536437,7119.22951220962,902.8872751673601,1197.2188846102465,294.33160944288636
537320,1,0.10742184199115747,0.05548673034752621,0.6291671855472348,8287.385600806378,560.1137127896847,289.3161946345257,-270.79751815515897
542849,0,0.2945806937696858,0.04717510926576472,0.7353898562075819,13456.565280590854,2915.1179943350016,466.83646557255264,-2448.281528762449
559361,1,0.18871888294960876,0.21446285357255693,0.6530260710159642,16432.13130304935,2025.068759601646,2301.3172718957517,276.2485122941057
5616542,1,0.1196261441570662,0.11691347428488164,0.5506010337726032,12816.688273364989,844.1875610440861,825.0445703587844,-19.142990685301697
5645050,1,0.057103359014929814,0.059745297368638206,0.5391701216029054,17614.502604028792,542.3227927594411,567.4138453874803,25.091052628039165
5648017,0,0.15921753041483425,0.16053392020162272,0.5544022501681015,4352.911955809707,384.23396346929184,387.4107597927267,3.1767963234348713
5649163,1,0.06874977213498526,0.07042641816136924,0.5445405577208975,15827.525628424206,592.5356983648144,606.9862571565353,14.450558791720937
5650762,1,0.2545997747329284,0.25148062233663915,0.668418219347287,3283.9010974306593,558.8514254393885,552.0048256548544,-6.846599784534192
5686064,0,0.3837905878214751,0.3986353935887373,0.7565499405617823,10253.120831463537,2977.0628051160415,3092.213933104218,115.15112798817654
573268,1,0.06309406915970725,0.048698964358361976,0.6069318059324762,6534.9251480895455,250.24709924470906,193.15245837217614,-57.09464087253292
5759660,1,0.13216756047606035,0.027647730208922947,0.6620100008699824,8616.9625081525,753.95187850146,157.71690157733303,-596.234976924127
5761666,1,0.13306090695927203,0.18717410308724833,0.5682560344456263,15665.398312889196,1184.5024885380012,1666.2158402736245,481.7133517356233
5764690,1,0.22508017124587817,0.16332488705978046,0.6013260009460715,9677.522979671206,1309.8194375310575,950.4440596402947,-359.3753778907628
5785002,1,0.29509056168232745,0.25195967607754033,0.6920798737641956,12718.356919728072,2597.4221958817866,2217.779014618285,-379.64318126350145
5785020,0,0.19340055010420723,0.1318535018203843,0.7031474453508243,18736.234406605436,2547.923705590982,1737.0822511741785,-810.8414544168036
5799749,0,0.10815636698412107,0.10173353661566056,0.5644481265069705,13491.33683799872,823.6280182184312,774.7171385796491,-48.910879638782035
5800224,1,0.0772502844927934,0.09910868202117556,0.5688131267950548,8086.275681785827,355.3188445965863,455.8582873379548,100.53944274136848
581861,1,0.07217297352566845,0.0037959401673175273,0.5584846596990819,18288.66816613009,737.1704657514728,38.77150745508608,-698.3989582963867
582014,1,0.20755696125277995,0.14669408955164615,0.7005329869300858,8195.072080782764,1191.5675618928337,842.1587865620328,-349.40877533080095
5825591,1,0.045425967066828415,0.08066392693568146,0.5646828969013062,19125.82775110937,490.6017080781393,871.1726549864414,380.5709469083021
583298,1,0.3077233560008498,0.15975809110873707,0.6652707449077296,9387.620128408764,1921.8274557395118,997.7386499335375,-924.0888058059743
586570,1,0.12410996644325475,0.15060631023595683,0.565022195169255,5108.341910836548,358.2218925227505,434.69899335812045,76.47710083536992
5875453,1,0.2498071517477143,0.20813560748850551,0.7563412010764582,16588.359021343065,3134.1952837575477,2611.364946153728,-522.8303376038198
59006,1,0.16271549677605218,0.13296703557469405,0.6084490274151774,3939.8869835166315,390.064908795928,318.751290638848,-71.31361815707999
592571,0,0.2044918453048965,0.2088876400324704,0.6884807481841968,6552.7208548991475,922.5490417981632,942.3803275289864,19.831285730823197
5947000,1,0.3749216842211844,0.019332593812513597,0.7345380670895757,11275.603524627779,3105.236367367925,160.11950204180087,-2945.1168653261243
5966562,1,0.11194813168333839,0.11048801185829375,0.5759062843904389,16935.456653039437,1091.8565386078744,1077.6156454893048,-14.240893118569602
598576,1,0.04037421956703156,0.08315292839185524,0.5117662876871567,13299.858138855687,274.8038562406474,565.9736739145171,291.1698176738697
6064734,1,0.08345069847990863,0.07900346063220108,0.5377227753751636,12593.416109732398,565.108657885157,534.9930008901571,-30.11565699499988
608370,1,0.15358402126611578,0.02692678661669837,0.5926635229881598,12270.250301446495,1116.8829334916459,195.8150866088614,-921.0678468827845
609115,1,0.16675390314575894,0.1713769739842961,0.6467626025950418,4162.857256141904,448.96493932154647,461.4120046036633,12.447065282116853
613031,1,0.0444851876102073,0.006667816474487986,0.5393332831258836,6617.013025012466,158.75764139566445,23.795939134265335,-134.96170226139913
6155569,1,0.09409952420771185,0.04293900610274192,0.5219291379376867,11482.516969581324,563.9441117956245,257.3360477843219,-306.6080640113026
6158134,1,0.15730489236218761,0.17188116394937036,0.5855569370107109,13551.395181980457,1248.2321679177187,1363.896536712647,115.66436879492835
616057,1,0.04724429205746767,0.0510471360503854,0.5286887221426486,14137.280640431689,353.1142720950888,381.5375679043879,28.423295809299134
6165729,1,0.19591415440521306,0.1943390595174803,0.5966370538924108,12640.012612777111,1477.4865732009112,1465.607995283926,-11.87857791698525
616933,1,0.038375038846197716,0.06148782761072549,0.5210702934183095,7063.703664698891,141.2464736486221,226.31739493834752,85.07092128972542
6179427,1,0.07958935809223498,0.10039326294413385,0.5440381638349324,16521.893289554064,715.3921676519055,902.3889087284738,186.99674107656824
622380,1,0.08515132242825812,0.006523956404051502,0.5530302872082127,8312.783277784589,391.45944114049144,29.99206888544354,-361.4673722550479
624444,1,0.03600144571689702,0.07759643724225747,0.5250484025045431,14836.40458153712,280.44516076971144,604.4630954180847,324.0179346483732
626787,1,0.17853546058767966,0.17110568686914382,0.7092552835007959,9744.30532685146,1233.8942818397989,1182.5456294405028,-51.34865239929604
6295968,1,0.15820733934242465,0.180138314989159,0.5891122171972347,11149.321946209508,1039.137726608723,1183.184799712794,144.04707310407116
6299171,1,0.0848822901416076,0.08955044732922537,0.5354362523736145,16769.24762482143,762.1464630811382,804.061207413722,41.91474433258372
6310602,1,0.14189967944208023,0.1364922466255426,0.5773778302327722,11576.10349709292,948.4270227052629,912.2849015473298,-36.14212115793305
6324888,1,0.13882691209012818,0.1780229644402668,0.6802116967362637,16954.79644388414,1601.0700720611374,2053.112297995017,452.04222593387954
6326106,1,0.14894598103270135,0.14602427232771528,0.5569910445872597,3176.290495585924,263.5100703105149,258.3410844745782,-5.168985835936667
6329967,1,0.06298848545046515,0.05739556019131346,0.539626937119107,15237.26566869206,517.9189794993886,471.931492708423,-45.98748679096559
635927,1,0.17289564426330006,0.14622167624104238,0.5988074896205718,11343.23192435424,1174.3784890929987,993.1979024011266,-181.18058669187212
6416033,1,0.03922444326827966,0.0693002692472858,0.5474337454469596,20361.9637749408,437.2280477443508,772.478049564872,335.25000182052116
6474687,1,0.06559811662978733,0.038746216594685585,0.6313748678961959,12258.175098248874,507.6968652741311,299.87648604871487,-207.82037922541622
648957,1,0.191567541166992,0.07535360820590215,0.7600221498066775,18255.105570715175,2657.862582595503,1045.4774044390035,-1612.3851781564997
649327,1,0.14159569604702155,0.14549773940920002,0.6359996719261024,13129.410398371818,1182.3666406605905,1214.9498761024279,32.58323544183736
651642,1,0.05269512444868958,0.1472499035014757,0.545026277666623,4624.422712133449,132.81447248482309,371.13335363753833,238.31888115271525
6516495,1,0.24800029768032356,0.2482144769308258,0.6106978136920028,14446.98134053748,2188.042126296693,2189.931774119945,1.8896478232522895
6521624,1,0.106361969960607,0.08416725641700805,0.5420688524884891,12318.599892161646,710.2351716482419,562.0293214824371,-148.2058501658048
6531618,1,0.3632402383994464,0.3454492582965981,0.7944006647612964,14930.77373545761,4308.398490487025,4097.379380497605,-211.01910998942003
6542136,1,0.07223359596303792,0.07776687952993791,0.5406044999166594,13468.650517644064,525.9482035712687,566.2372202408891,40.28901666962042
6547477,1,0.24917146448558672,0.281192463501361,0.7197978581793271,15525.137718259644,2784.4813674263714,3142.314778687472,357.83341126110054
6554924,1,0.12267935780985602,0.11218290256086949,0.5888729577399445,7552.299690391881,545.5974354803864,498.91607711887724,-46.681358361509126
6606320,1,0.1584892038620885,0.13598995719619264,0.5540623576039229,10102.03083486788,887.0886431637578,761.1568717200466,-125.93177144371111
6607200,1,0.06551633962118501,0.04460446824415036,0.5511142491581554,21895.271128143468,790.5722988415691,538.2330148826148,-252.3392839589543
664100,0,0.23411447956534723,0.45919730284759763,0.6988438958113669,13330.416670136903,2180.9824724697532,4277.827115927921,2096.844643458168
6715520,1,0.1924353368134597,0.16183529110499897,0.6357936687488208,13674.583669867123,1673.0739455513224,1407.0306083178234,-266.04333723349896
6735851,1,0.07104057674405914,0.08190382403844723,0.5448795411730409,19491.829210390337,754.5005793147327,869.8758585214918,115.37527920675905
6789353,1,0.12024563247447505,0.08172517220272942,0.5761237720635407,10878.041898976733,753.5912267005182,512.1797066986139,-241.41152000190425
682053,1,0.1581365152103733,0.1479752759323331,0.608672958540755,7401.276553734642,712.3981848550266,666.6222398879617,-45.7759449670649
683509,1,0.10139115024979163,0.11128893339049817,0.554302464556494,11944.646193845922,671.3054141777889,736.8381100229826,65.53269584519376
6897459,1,0.03801490567900354,0.08766217832860758,0.5316608912794767,16186.02243554828,327.13632479514933,754.3746940768253,427.238369281676
6897998,1,0.07741921949976141,0.1064279740682058,0.5688961254536214,19341.301788317825,851.8585094411535,1171.047395445041,319.18888600388755
6925790,1,0.06148177759273738,0.06662950343330849,0.5285563332479282,16308.774499960182,529.9794429590951,574.353385618396,44.37394265930095
6926677,1,0.1060025727710139,0.07588652227363935,0.5488857946318364,15795.398864584171,919.028531665671,657.9262872139244,-261.1022444517466
6926689,1,0.17215685510620796,0.17826554757696703,0.5827811424004198,10065.46685717777,1009.8659615461572,1045.699333339381,35.833371793223705
692840,1,0.12177363451060234,0.02181408944025167,0.5480590199467131,4791.324059714229,319.76884138627946,57.28223629227904,-262.4866050940004
6939771,1,0.18474222955631991,0.19651816676882095,0.5671022815695954,13648.266188919184,1429.898001943404,1521.043319024429,91.14531708102481
695492,1,0.28309765644548623,0.2821944226821136,0.733947509331191,13260.165108228295,2755.181457146298,2746.390946664654,-8.79051048164365
698547,0,0.24039991941853664,0.14248299657376626,0.7006565538628281,4574.427212227819,770.5063602305372,456.67259519192487,-313.83376503861234
698984,1,0.03477593609417527,0.02228113800668817,0.5199076246238292,13852.431333702869,250.4557586341123,160.4684143536577,-89.98734428045461
701309,0,0.23080629614865106,0.061213547776308025,0.6961090970468038,14101.557730583427,2265.645984813487,600.8858122581652,-1664.7601725553218
70686,1,0.04711680587609944,0.08116300367625791,0.5312184923852601,5936.2194308462695,148.5795273162767,255.941813065575,107.36228574929828
7070156,1,0.10404802624789627,0.11641599223672779,0.5679129278347357,17146.804112942697,1013.2084139882153,1133.6463276680774,120.43791367986216
7080161,1,0.3677958369916585,0.23738062134007082,0.7672418844443539,13771.731377523447,3886.2224441580156,2508.2227846991123,-1377.9996594589034
7080329,1,0.11188538099889271,0.12226505307137614,0.5454074686291867,12409.411958404417,757.2610651874979,827.5126160132802,70.25155082578226
7080934,1,0.0910996931901783,0.11473782511088876,0.5247241427782806,15038.188949170377,718.8586423561627,905.3847965648773,186.52615420871462
7082221,1,0.084061800789442,0.05119616407334686,0.5628472731902926,14942.33766666898,706.9810972422254,430.57274423407,-276.40835300815536
7083950,1,0.12963598726137535,0.1057930543885189,0.5454740639125583,13745.634745589996,971.9960154752844,793.2243931869867,-178.77162228829764
7088639,1,0.15253995034621246,0.1397883296447418,0.60053322253186,17186.350959129115,1574.3609720835386,1442.7518171202441,-131.6091549632945
7092851,1,0.06609826962208849,0.08247159207904589,0.5636430457312871,21475.063715120967,800.0713231678096,998.2584442178509,198.18712105004124
7092977,1,0.2596077870010213,0.2862718887295133,0.6092112395213614,4902.503201083849,775.360206595449,854.9968140474601,79.63660745201116
709430,1,0.22878184468108897,0.21131394945530754,0.7113549438360012,14100.893188993812,2294.851219589549,2119.6353027914947,-175.21591679805442
7094999,1,0.20155784941356955,0.22701617155085593,0.5925981175198585,11906.984107443323,1422.2035467560402,1601.8389027764092,179.63535602036904
7097849,1,0.11479642583086876,0.1354831732773813,0.5313682801938369,13571.966880252021,827.8788420799142,977.0657213617708,149.1868792818566
7101973,1,0.09146541405113442,0.10687932026604077,0.5599324724284008,15853.965627376067,811.9522160332335,948.7837762328609,136.83156019962735
7103105,1,0.17479476873078573,0.2363539265273422,0.5887289666898714,11885.087866244212,1223.0556894496765,1653.7909953601688,430.73530591049234
715178,1,0.055751414981475074,0.05446211522509587,0.5173928831420085,4980.621127649493,143.66793564222232,140.3454902032219,-3.322445439000404
717227,1,0.078661948429662,0.05560199634376253,0.5391094087947597,5355.321707184924,227.10525108890522,160.52876381502108,-66.57648727388414
721991,1,0.0495429444060702,0.17129883736611612,0.5188826772245193,6768.111220376735,173.9876702101713,601.5767932313263,427.589123021155
7381712,1,0.25819023645667877,0.19728194043430577,0.5956775994673666,13248.32619130086,2037.5679297590705,1556.8960331969306,-480.67189656213986
7383044,1,0.35206910731207564,0.7901782810878413,0.7576495839425114,11960.2880886903,3190.347197802451,7160.364293474851,3970.0170956724005
7387715,1,0.3525875486431169,0.29147435323364773,0.7878194689619822,16153.348032895026,4487.001666614361,3709.2799044316207,-777.7217621827403
7439413,1,0.2541903781912268,0.28196941994661057,0.6959714496131937,12266.625007798237,2170.079380940679,2407.2351937004287,237.15581275974955
7441059,0,0.16894083918367586,0.16712137014611175,0.6070745975204561,6887.626208326999,706.3928222079035,698.7850710295904,-7.607751178313038
7450804,1,0.1168214763986809,0.10500297113207722,0.5781761121514043,13882.441353411195,937.6671093932257,842.8059245125831,-94.86118488064255
745664,1,0.10986052767524375,0.17966866395449985,0.5589620978630394,12755.907147602178,783.3131008846686,1281.0499027460867,497.73680186141803
746300,1,0.052472773075391194,0.07704118211456615,0.5386696213727102,11149.889656861014,315.1570812718432,462.71757084525274,147.56048957340954
7504576,1,0.10641888806238298,0.16447539451133003,0.6692588197202539,19692.221643688743,1402.5150662078186,2167.652970470716,765.1379042628973
7647762,1,0.0483778668344834,0.01364865178772426,0.5355800307784654,19285.02857684093,499.67932171953134,140.97250486486757,-358.70681685466377
7658360,1,0.27952457663368596,0.2547694285663058,0.6134084769854293,6093.704103156744,1044.8432317265547,952.3102272226718,-92.53300450388292
7665636,1,0.1777793121475902,0.21283378692843793,0.6729582631857903,15796.752125976163,1889.892733366642,2262.541251127297,372.64851776065507
770260,1,0.09061057602049612,0.04294689859810815,0.5473894298304213,12672.931575914863,628.5681744982313,297.9238719999662,-330.6443024982651
7714951,0,0.4022589612801944,0.39138021839307885,0.7721184005920351,11355.407398388332,3526.8935371390935,3431.5117764477754,-95.38176069131805
7720237,1,0.15840621294447382,0.10099506084798608,0.5840865125291411,14101.958205463628,1304.754526903672,831.8724397666924,-472.88208713697964
7731088,1,0.3318129364892946,0.34657692710404214,0.7703609794288504,12585.780575402527,3217.1235994143485,3360.269261939682,143.1456625253336
781360,0,0.21487324766921898,0.3128740288256874,0.6651118054447904,12180.410976309951,1740.760191024442,2534.6973627150655,793.9371716906235
7834761,0,0.10326163828453794,0.10932499645101437,0.5414747761001089,5920.554203721889,331.03933653148255,350.47743666168026,19.43810013019771
784893,1,0.07564431441646183,0.0859549390382327,0.5207532338857991,7556.834993240354,297.6790054484244,338.25385243643353,40.57484698800914
788372,1,0.1886994444841856,0.3852532894615896,0.5817942842238426,14685.803034572898,1612.269992766936,3291.648896537853,1679.378903770917
790586,1,0.16314981086917468,0.024446343154206247,0.6096845063281874,14076.289859162625,1400.1673121319031,209.80085973330594,-1190.3664523985972
7917311,1,0.09136783021457559,0.0822377746316315,0.5646898128628189,17955.432843128572,926.4012736047745,833.8293574253258,-92.57191617944864
7925777,1,0.13282849325324306,0.09562636000759685,0.5540946063264361,14435.83993397039,1062.4713472368803,764.8981409050933,-297.573206331787
795281,1,0.06404447097541999,0.07046716867914604,0.5147084858163208,11058.927924645779,364.5490733067352,401.10786535173844,36.55879204500326
7955705,1,0.0853916461852243,0.08425036879200563,0.5375740441618616,14006.114790995445,642.9413514835139,634.3483044772302,-8.593047006283768
795869,1,0.1805549440446704,0.1308016760440398,0.7017061765195869,12735.70151433425,1613.5690544584193,1168.9380086082872,-444.63104585013207
801655,1,0.04434858097445931,0.03396278527911201,0.5221347689896115,13312.062695278986,308.2532728930063,236.0648185085775,-72.18845438442878
808650,0,0.3000690417470454,0.0793076013257472,0.7203015924083127,13941.339592433447,3013.284047711504,796.4044826010139,-2216.87956511049
820814,1,0.08350881428706194,0.05033510263407011,0.5419478333505533,12536.871921688895,567.3864901886305,341.99332682004393,-225.3931633685866
8214785,1,0.3118864113758282,0.3626444135281366,0.7317415117017043,14559.530184677991,3322.779387706409,3863.545631958111,540.7662442517017
826896,1,0.12273907661208898,0.06769299615867151,0.6324867819772508,7952.525256063138,617.3612442929135,340.48677480694624,-276.87446948596727
8305692,1,0.15882245417942617,0.1899899035352604,0.6546645018817041,13442.358217949843,1397.6748798528856,1671.9557506453955,274.28087079250986
834822,1,0.2743046758788706,0.13719412074278842,0.7063162577877653,12564.644618072954,2434.3477786217536,1217.5446955109583,-1216.8030831107953
8364659,0,0.1283379895064195,0.14564997087521023,0.5560976445405292,12243.832096546244,873.8233637205634,991.6965971296605,117.87323340909711
836592,1,0.1522125848232246,0.14710985423704134,0.5984583759722494,16863.97087694006,1536.187950566535,1484.6892308608958,-51.49871970563913
8495148,0,0.1719223703032346,0.1818904770450419,0.5855810110061914,14104.023984899557,1419.915215945008,1502.2422942181365,82.32707827312856
850632,1,0.14244514839283587,0.20243350738027766,0.653306051655855,13252.176139641891,1233.2511886901382,1752.6140161611656,519.3628274710275
854481,0,0.04909539556976493,0.028385291903559075,0.5245078125830139,5688.974506265511,146.4963190767124,84.69920104585731,-61.7971180308551
855628,1,0.06360241918111013,0.014007440312959925,0.5083512550174993,11125.19417182539,359.7038899783657,79.21916861155967,-280.484721366806
8564907,1,0.2644852530200107,0.2383529066790216,0.7038951904159051,15562.088750759765,2897.192468186277,2610.9366708189254,-286.25579736735153
8576944,1,0.0932872244931453,0.07857717071941417,0.5481268296819097,16970.607078503184,867.7619653580546,730.9283823827828,-136.83358297527172
8578615,1,0.05810302762031798,0.0576529588570726,0.5335641176726604,15818.801684416387,490.40959653253697,486.6108609135021,-3.798735619034858
858188,1,0.10442702763825341,0.08026167767943544,0.5219657231070371,10139.431360664934,552.6733209789169,424.77976203723443,-127.89355894168244
8608136,1,0.06907026664568841,0.09699505568150472,0.5614010194408605,18385.05797413076,712.9011794262467,1001.1238258072603,288.22264638101365
8620360,1,0.07208033905414028,0.07706315488244678,0.5546395593042374,13133.471465123945,525.0579006523191,561.354439382286,36.29653872996698
8634768,1,0.3850104692802718,0.3383036190006044,0.7915185671013495,12261.510263036622,3736.608624645786,3283.3086925392713,-453.2999321065149
8635501,1,0.08300163296764959,0.03449616989306364,0.5719373822591828,16263.704618975666,772.0663031581189,320.8771853058909,-451.189117852228
8639237,1,0.07306823064423695,0.0861905464709994,0.5277259646880226,16439.45985704022,633.9056132646498,747.748655422293,113.84304215764325
8639712,0,0.08922306223030403,0.09823197330904236,0.5556565967318785,12528.34655886664,621.1226370698419,683.8377968780775,62.715159808235626
866840,1,0.053673853782612455,0.03512118995348518,0.5281642523351796,14455.18202409943,409.784330011072,268.1401144134505,-141.6442155976215
8784778,1,0.041546937838895556,0.036402466666344106,0.539657333737253,20040.531441910884,449.3309538870613,393.6933964774036,-55.63755740965769
8876747,1,0.06456981649503261,0.05915070127623622,0.5261720494736297,13281.369098521829,451.2322928746698,413.36197020281224,-37.87032267185754
8924565,0,0.2549083417954888,0.25463145515967894,0.6065809825666058,3041.3222439738656,470.2570081275999,469.74620538168216,-0.5108027459177151
8955433,1,0.1847107688929843,0.13883992008345192,0.6042716825921327,5625.425080430353,627.8845605634529,471.95646866030796,-155.9280919031449
8989056,1,0.060660029389516104,0.05873538581615993,0.5237930913053388,17935.34526020881,569.8651829042943,551.7842921926629,-18.08089071163147
9010193,1,0.13864821916493184,0.13686777065314132,0.5833603277010431,11346.982359914487,917.7651585631398,905.9796944541986,-11.785464108941255
9024799,0,0.382923436497708,0.3511090499621494,0.6980420240686015,12853.286089157853,3435.6403218144337,3150.1973878559907,-285.44293395844306
9036121,1,0.08085836265189661,0.08950851346227938,0.5298017012430364,16142.5195494732,691.5277499393195,765.5067315851899,73.97898164587036
9076063,1,0.2349947780158128,0.24174812567431256,0.6251527004951671,11285.755024392456,1657.9634114263938,1705.6104417858567,47.64703035946286
9134652,1,0.22710097706687252,0.14204618809457883,0.7082413265058245,14766.08616826382,2375.0112206744875,1485.512281522785,-889.4989391517024
9165082,0,0.3548541942962382,0.3096605551841445,0.7232505081317617,11877.214651821272,3048.269043522662,2660.0465755798873,-388.22246794277453
9185245,1,0.07148201166109457,0.06891916673996532,0.5782195233772021,19489.468293533886,805.5444473025879,776.6632582098508,-28.88118909273703
9188576,1,0.1661759980124291,0.2108585251853435,0.6454992484577764,12483.96223998996,1339.1107087666085,1699.179860435126,360.06915166851763
9198807,1,0.11294677079871661,0.12931705797290233,0.5767008415937692,8978.41443837295,584.8224720873751,669.5855135296927,84.76304144231756
9217062,1,0.16621910533081802,0.09963425998747967,0.6595989931665553,14152.718663706088,1551.675125203499,930.0976715819605,-621.5774536215384
9375114,1,0.13524020396947745,0.1944649774578253,0.569767993143923,6598.6770179115265,508.4646183145031,731.1328853138053,222.6682669993022
9504834,1,0.055064278846905845,0.06092040230050149,0.5287869437247816,16793.343904789752,488.97635756089323,540.979325287529,52.0029677266358
951028,0,0.3765570419773523,0.34274119397910485,0.7731989269011019,9559.186663290184,2783.1906615685143,2533.252559581291,-249.9381019872235
9666526,1,0.13259754438796625,0.11750794791315372,0.5873607091136441,16364.277761456793,1274.4922978783518,1129.4551135623935,-145.03718431595826
9704717,1,0.27476215754364386,0.2623207795656979,0.6995206020734162,14036.500474872766,2697.8405148086085,2575.6808481754088,-122.15966663319978
971443,1,0.03696484928176201,0.01016624342606782,0.5223560515230441,16348.730942429229,315.67458391107834,86.81828076723922,-228.8563031438391
972787,0,0.04193830188589006,0.028425242403218445,0.5161267151035418,7775.355638615342,168.3012893352898,114.07245241227497,-54.228836923014825
9797213,1,0.23104535935487389,0.19425686006916568,0.6451475609845436,14141.891123433012,2107.966957652057,1772.3231640159852,-335.6437936360717
9797740,1,0.08730412814213641,0.0995460269298005,0.5519139462041888,10811.298233210482,520.9355497375444,593.9818123885,73.04626265095555
980260,1,0.12504482899329866,0.19326372945719808,0.5610205607633971,3369.0878990627407,236.35068031589404,365.2931057232571,128.94242540736306
9807890,1,0.17039473601632257,0.1730531784280451,0.5886789446446428,15005.289797234513,1505.1475084543436,1528.6303229233904,23.482814469046843
9816898,1,0.17011978831101407,0.19758389448677824,0.5921047419484549,5923.531507400696,596.6698257479723,692.9960886061073,96.32626285813501
9835082,1,0.41016555926231796,0.40007709082618026,0.7966493576896302,14741.401099253764,4816.8726469356625,4698.39642053844,-118.47622639722249
9867233,1,0.22314272827493636,0.04394069208155207,0.6047855494468756,2592.8948139791773,349.9202238604893,68.90539041369492,-281.01483344679434
990465,1,0.09526482807785602,0.03501847589245182,0.5470191383034595,14252.678696388253,742.7310907424688,273.02112773964444,-469.7099630028244
991612,1,0.1812510701213694,0.09493647920806686,0.6204068689795146,16248.31950441825,1827.1139241044111,957.0137321139991,-870.100191990412
